/* C:\Users\amenn\OneDrive\Desktop\memscn-main\src\x64\Release\scn.exe (1/18/2025 7:06:29 PM)
   StartOffset(h): 00000000, EndOffset(h): 0000ADFF, Length(h): 0000AE00 */

unsigned char scanner[44544] = {
    0x4D, 0x5A, 0x90, 0x00, 0x03, 0x00, 0x00, 0x00, 0x04, 0x00, 0x00, 0x00, 0xFF, 0xFF, 0x00, 0x00, 0xB8, 0x00, 0x00, 0x00, 0x00, 0x00, 0x00, 0x00, 0x40, 0x00,
    0x00, 0x00, 0x00, 0x00, 0x00, 0x00, 0x00, 0x00, 0x00, 0x00, 0x00, 0x00, 0x00, 0x00, 0x00, 0x00, 0x00, 0x00, 0x00, 0x00, 0x00, 0x00, 0x00, 0x00, 0x00, 0x00,
    0x00, 0x00, 0x00, 0x00, 0x00, 0x00, 0x00, 0x00, 0x08, 0x01, 0x00, 0x00, 0x0E, 0x1F, 0xBA, 0x0E, 0x00, 0xB4, 0x09, 0xCD, 0x21, 0xB8, 0x01, 0x4C, 0xCD, 0x21,
    0x54, 0x68, 0x69, 0x73, 0x20, 0x70, 0x72, 0x6F, 0x67, 0x72, 0x61, 0x6D, 0x20, 0x63, 0x61, 0x6E, 0x6E, 0x6F, 0x74, 0x20, 0x62, 0x65, 0x20, 0x72, 0x75, 0x6E,
    0x20, 0x69, 0x6E, 0x20, 0x44, 0x4F, 0x53, 0x20, 0x6D, 0x6F, 0x64, 0x65, 0x2E, 0x0D, 0x0D, 0x0A, 0x24, 0x00, 0x00, 0x00, 0x00, 0x00, 0x00, 0x00, 0x1D, 0x65,
    0x6B, 0x07, 0x59, 0x04, 0x05, 0x54, 0x59, 0x04, 0x05, 0x54, 0x59, 0x04, 0x05, 0x54, 0x50, 0x7C, 0x96, 0x54, 0x57, 0x04, 0x05, 0x54, 0x49, 0x80, 0x04, 0x55,
    0x5F, 0x04, 0x05, 0x54, 0x49, 0x80, 0x06, 0x55, 0x5D, 0x04, 0x05, 0x54, 0x49, 0x80, 0x01, 0x55, 0x53, 0x04, 0x05, 0x54, 0x49, 0x80, 0x00, 0x55, 0x44, 0x04,
    0x05, 0x54, 0x12, 0x7C, 0x04, 0x55, 0x5E, 0x04, 0x05, 0x54, 0x59, 0x04, 0x04, 0x54, 0xEC, 0x04, 0x05, 0x54, 0x12, 0x81, 0x0D, 0x55, 0x5B, 0x04, 0x05, 0x54,
    0x12, 0x81, 0x06, 0x55, 0x58, 0x04, 0x05, 0x54, 0x12, 0x81, 0xFA, 0x54, 0x58, 0x04, 0x05, 0x54, 0x12, 0x81, 0x07, 0x55, 0x58, 0x04, 0x05, 0x54, 0x52, 0x69,
    0x63, 0x68, 0x59, 0x04, 0x05, 0x54, 0x00, 0x00, 0x00, 0x00, 0x00, 0x00, 0x00, 0x00, 0x00, 0x00, 0x00, 0x00, 0x00, 0x00, 0x00, 0x00, 0x00, 0x00, 0x00, 0x00,
    0x00, 0x00, 0x00, 0x00, 0x50, 0x45, 0x00, 0x00, 0x64, 0x86, 0x05, 0x00, 0xA5, 0xED, 0x8B, 0x67, 0x00, 0x00, 0x00, 0x00, 0x00, 0x00, 0x00, 0x00, 0xF0, 0x00,
    0x23, 0x00, 0x0B, 0x02, 0x0E, 0x29, 0x00, 0x68, 0x00, 0x00, 0x00, 0x6E, 0x00, 0x00, 0x00, 0x00, 0x00, 0x00, 0x80, 0x64, 0x00, 0x00, 0x00, 0x10, 0x00, 0x00,
    0x00, 0x00, 0x00, 0x40, 0x01, 0x00, 0x00, 0x00, 0x00, 0x10, 0x00, 0x00, 0x00, 0x02, 0x00, 0x00, 0x06, 0x00, 0x00, 0x00, 0x00, 0x00, 0x00, 0x00, 0x06, 0x00,
    0x00, 0x00, 0x00, 0x00, 0x00, 0x00, 0x00, 0x10, 0x01, 0x00, 0x00, 0x04, 0x00, 0x00, 0x00, 0x00, 0x00, 0x00, 0x03, 0x00, 0x20, 0x81, 0x00, 0x00, 0x10, 0x00,
    0x00, 0x00, 0x00, 0x00, 0x00, 0x10, 0x00, 0x00, 0x00, 0x00, 0x00, 0x00, 0x00, 0x00, 0x10, 0x00, 0x00, 0x00, 0x00, 0x00, 0x00, 0x10, 0x00, 0x00, 0x00, 0x00,
    0x00, 0x00, 0x00, 0x00, 0x00, 0x00, 0x10, 0x00, 0x00, 0x00, 0x00, 0x00, 0x00, 0x00, 0x00, 0x00, 0x00, 0x00, 0x1C, 0x9C, 0x00, 0x00, 0x04, 0x01, 0x00, 0x00,
    0x00, 0x00, 0x01, 0x00, 0xE0, 0x01, 0x00, 0x00, 0x00, 0xF0, 0x00, 0x00, 0x3C, 0x06, 0x00, 0x00, 0x00, 0x00, 0x00, 0x00, 0x00, 0x00, 0x00, 0x00, 0x00, 0x00,
    0x00, 0x00, 0x00, 0x00, 0x00, 0x00, 0xA0, 0x8A, 0x00, 0x00, 0x70, 0x00, 0x00, 0x00, 0x00, 0x00, 0x00, 0x00, 0x00, 0x00, 0x00, 0x00, 0x00, 0x00, 0x00, 0x00,
    0x00, 0x00, 0x00, 0x00, 0x00, 0x00, 0x00, 0x00, 0x00, 0x00, 0x00, 0x00, 0x60, 0x89, 0x00, 0x00, 0x40, 0x01, 0x00, 0x00, 0x00, 0x00, 0x00, 0x00, 0x00, 0x00,
    0x00, 0x00, 0x00, 0x80, 0x00, 0x00, 0xA0, 0x04, 0x00, 0x00, 0x00, 0x00, 0x00, 0x00, 0x00, 0x00, 0x00, 0x00, 0x00, 0x00, 0x00, 0x00, 0x00, 0x00, 0x00, 0x00,
    0x00, 0x00, 0x00, 0x00, 0x00, 0x00, 0x00, 0x00, 0x2E, 0x74, 0x65, 0x78, 0x74, 0x00, 0x00, 0x00, 0x23, 0x66, 0x00, 0x00, 0x00, 0x10, 0x00, 0x00, 0x00, 0x68,
    0x00, 0x00, 0x00, 0x04, 0x00, 0x00, 0x00, 0x00, 0x00, 0x00, 0x00, 0x00, 0x00, 0x00, 0x00, 0x00, 0x00, 0x00, 0x20, 0x00, 0x00, 0x60, 0x2E, 0x72, 0x64, 0x61,
    0x74, 0x61, 0x00, 0x00, 0x6E, 0x34, 0x00, 0x00, 0x00, 0x80, 0x00, 0x00, 0x00, 0x36, 0x00, 0x00, 0x00, 0x6C, 0x00, 0x00, 0x00, 0x00, 0x00, 0x00, 0x00, 0x00,
    0x00, 0x00, 0x00, 0x00, 0x00, 0x00, 0x40, 0x00, 0x00, 0x40, 0x2E, 0x64, 0x61, 0x74, 0x61, 0x00, 0x00, 0x00, 0x48, 0x2D, 0x00, 0x00, 0x00, 0xC0, 0x00, 0x00,
    0x00, 0x02, 0x00, 0x00, 0x00, 0xA2, 0x00, 0x00, 0x00, 0x00, 0x00, 0x00, 0x00, 0x00, 0x00, 0x00, 0x00, 0x00, 0x00, 0x00, 0x40, 0x00, 0x00, 0xC0, 0x2E, 0x70,
    0x64, 0x61, 0x74, 0x61, 0x00, 0x00, 0x3C, 0x06, 0x00, 0x00, 0x00, 0xF0, 0x00, 0x00, 0x00, 0x08, 0x00, 0x00, 0x00, 0xA4, 0x00, 0x00, 0x00, 0x00, 0x00, 0x00,
    0x00, 0x00, 0x00, 0x00, 0x00, 0x00, 0x00, 0x00, 0x40, 0x00, 0x00, 0x40, 0x2E, 0x72, 0x73, 0x72, 0x63, 0x00, 0x00, 0x00, 0xE0, 0x01, 0x00, 0x00, 0x00, 0x00,
    0x01, 0x00, 0x00, 0x02, 0x00, 0x00, 0x00, 0xAC, 0x00, 0x00, 0x00, 0x00, 0x00, 0x00, 0x00, 0x00, 0x00, 0x00, 0x00, 0x00, 0x00, 0x00, 0x40, 0x00, 0x00, 0x40,
    0x00, 0x00, 0x00, 0x00, 0x00, 0x00, 0x00, 0x00, 0x00, 0x00, 0x00, 0x00, 0x00, 0x00, 0x00, 0x00, 0x00, 0x00, 0x00, 0x00, 0x00, 0x00, 0x00, 0x00, 0x00, 0x00,
    0x00, 0x00, 0x00, 0x00, 0x00, 0x00, 0x00, 0x00, 0x00, 0x00, 0x00, 0x00, 0x00, 0x00, 0x00, 0x00, 0x00, 0x00, 0x00, 0x00, 0x00, 0x00, 0x00, 0x00, 0x00, 0x00,
    0x00, 0x00, 0x00, 0x00, 0x00, 0x00, 0x00, 0x00, 0x00, 0x00, 0x00, 0x00, 0x00, 0x00, 0x00, 0x00, 0x00, 0x00, 0x00, 0x00, 0x00, 0x00, 0x00, 0x00, 0x00, 0x00,
    0x00, 0x00, 0x00, 0x00, 0x00, 0x00, 0x00, 0x00, 0x00, 0x00, 0x00, 0x00, 0x00, 0x00, 0x00, 0x00, 0x00, 0x00, 0x00, 0x00, 0x00, 0x00, 0x00, 0x00, 0x00, 0x00,
    0x00, 0x00, 0x00, 0x00, 0x00, 0x00, 0x00, 0x00, 0x00, 0x00, 0x00, 0x00, 0x00, 0x00, 0x00, 0x00, 0x00, 0x00, 0x00, 0x00, 0x00, 0x00, 0x00, 0x00, 0x00, 0x00,
    0x00, 0x00, 0x00, 0x00, 0x00, 0x00, 0x00, 0x00, 0x00, 0x00, 0x00, 0x00, 0x00, 0x00, 0x00, 0x00, 0x00, 0x00, 0x00, 0x00, 0x00, 0x00, 0x00, 0x00, 0x00, 0x00,
    0x00, 0x00, 0x00, 0x00, 0x00, 0x00, 0x00, 0x00, 0x00, 0x00, 0x00, 0x00, 0x00, 0x00, 0x00, 0x00, 0x00, 0x00, 0x00, 0x00, 0x00, 0x00, 0x00, 0x00, 0x00, 0x00,
    0x00, 0x00, 0x00, 0x00, 0x00, 0x00, 0x00, 0x00, 0x00, 0x00, 0x00, 0x00, 0x00, 0x00, 0x00, 0x00, 0x00, 0x00, 0x00, 0x00, 0x00, 0x00, 0x00, 0x00, 0x00, 0x00,
    0x00, 0x00, 0x00, 0x00, 0x00, 0x00, 0x00, 0x00, 0x00, 0x00, 0x00, 0x00, 0x00, 0x00, 0x00, 0x00, 0x00, 0x00, 0x00, 0x00, 0x00, 0x00, 0x00, 0x00, 0x00, 0x00,
    0x00, 0x00, 0x00, 0x00, 0x00, 0x00, 0x00, 0x00, 0x00, 0x00, 0x00, 0x00, 0x00, 0x00, 0x00, 0x00, 0x00, 0x00, 0x00, 0x00, 0x00, 0x00, 0x00, 0x00, 0x00, 0x00,
    0x00, 0x00, 0x00, 0x00, 0x00, 0x00, 0x00, 0x00, 0x00, 0x00, 0x00, 0x00, 0x00, 0x00, 0x00, 0x00, 0x00, 0x00, 0x00, 0x00, 0x00, 0x00, 0x00, 0x00, 0x00, 0x00,
    0x00, 0x00, 0x00, 0x00, 0x00, 0x00, 0x00, 0x00, 0x00, 0x00, 0x4C, 0x8B, 0xDC, 0x49, 0x89, 0x5B, 0x08, 0x57, 0x48, 0x83, 0xEC, 0x50, 0x48, 0x8D, 0x05, 0x2D,
    0x77, 0x00, 0x00, 0xB9, 0x28, 0x00, 0x00, 0x00, 0x49, 0x89, 0x43, 0xC8, 0x49, 0x8D, 0x7B, 0xC8, 0x48, 0x8D, 0x05, 0x41, 0x77, 0x00, 0x00, 0x49, 0x89, 0x43,
    0xD0, 0x48, 0x8D, 0x05, 0x4E, 0x77, 0x00, 0x00, 0x49, 0x89, 0x43, 0xD8, 0x48, 0x8D, 0x05, 0x5B, 0x77, 0x00, 0x00, 0x49, 0x89, 0x43, 0xE0, 0x48, 0x8D, 0x05,
    0x70, 0x77, 0x00, 0x00, 0x49, 0x89, 0x43, 0xE8, 0xE8, 0x17, 0x4F, 0x00, 0x00, 0x41, 0xB8, 0x28, 0x00, 0x00, 0x00, 0x48, 0x89, 0x05, 0x2A, 0xB7, 0x00, 0x00,
    0x48, 0x8B, 0xD7, 0x48, 0x89, 0x05, 0x28, 0xB7, 0x00, 0x00, 0x48, 0x8B, 0xD8, 0x48, 0x8D, 0x48, 0x28, 0x48, 0x89, 0x0D, 0x22, 0xB7, 0x00, 0x00, 0x48, 0x8B,
    0xC8, 0xE8, 0x76, 0x5F, 0x00, 0x00, 0x48, 0x8D, 0x43, 0x28, 0x48, 0x8D, 0x0D, 0xD7, 0x64, 0x00, 0x00, 0x48, 0x89, 0x05, 0x00, 0xB7, 0x00, 0x00, 0x48, 0x8B,
    0x5C, 0x24, 0x60, 0x48, 0x83, 0xC4, 0x50, 0x5F, 0xE9, 0x2D, 0x51, 0x00, 0x00, 0xCC, 0x48, 0x8D, 0x0D, 0x21, 0x65, 0x00, 0x00, 0xE9, 0x20, 0x51, 0x00, 0x00,
    0xCC, 0xCC, 0xCC, 0xCC, 0xCC, 0xCC, 0xCC, 0xCC, 0xCC, 0xCC, 0xCC, 0xCC, 0xCC, 0xCC, 0xCC, 0xCC, 0xCC, 0xCC, 0xCC, 0xCC, 0x41, 0x57, 0x48, 0x83, 0xEC, 0x10,
    0x83, 0x3D, 0xF3, 0xB6, 0x00, 0x00, 0x00, 0x0F, 0x85, 0xF0, 0x01, 0x00, 0x00, 0x65, 0x48, 0x8B, 0x04, 0x25, 0x60, 0x00, 0x00, 0x00, 0x45, 0x33, 0xFF, 0x41,
    0x8B, 0xD7, 0x48, 0x8B, 0x48, 0x18, 0x4C, 0x8B, 0x41, 0x10, 0x49, 0x8B, 0x40, 0x30, 0x48, 0x85, 0xC0, 0x0F, 0x84, 0xD8, 0x01, 0x00, 0x00, 0x66, 0x0F, 0x1F,
    0x84, 0x00, 0x00, 0x00, 0x00, 0x00, 0x4C, 0x8B, 0xD0, 0x48, 0x63, 0x40, 0x3C, 0x42, 0x8B, 0x8C, 0x10, 0x88, 0x00, 0x00, 0x00, 0x85, 0xC9, 0x74, 0x2A, 0x49,
    0x8D, 0x14, 0x0A, 0x41, 0x8B, 0x4C, 0x0A, 0x0C, 0x42, 0x8B, 0x04, 0x11, 0x0D, 0x20, 0x20, 0x20, 0x20, 0x3D, 0x6E, 0x74, 0x64, 0x6C, 0x75, 0x11, 0x42, 0x8B,
    0x44, 0x11, 0x04, 0x0D, 0x20, 0x20, 0x20, 0x20, 0x3D, 0x6C, 0x2E, 0x64, 0x6C, 0x74, 0x0C, 0x4D, 0x8B, 0x00, 0x49, 0x8B, 0x40, 0x30, 0x48, 0x85, 0xC0, 0x75,
    0xB7, 0x48, 0x85, 0xD2, 0x0F, 0x84, 0x7D, 0x01, 0x00, 0x00, 0x44, 0x8B, 0x5A, 0x18, 0x48, 0x89, 0x5C, 0x24, 0x20, 0x41, 0x8B, 0xDF, 0x48, 0x89, 0x6C, 0x24,
    0x28, 0x8B, 0x6A, 0x24, 0x48, 0x89, 0x74, 0x24, 0x30, 0x8B, 0x72, 0x1C, 0x48, 0x89, 0x7C, 0x24, 0x38, 0x49, 0x03, 0xF2, 0x8B, 0x7A, 0x20, 0x4C, 0x89, 0x64,
    0x24, 0x08, 0x49, 0x03, 0xFA, 0x4C, 0x89, 0x34, 0x24, 0x49, 0x03, 0xEA, 0x41, 0xBC, 0x5A, 0x77, 0x00, 0x00, 0x4C, 0x8D, 0x35, 0x2B, 0xB6, 0x00, 0x00, 0x66,
    0x66, 0x66, 0x0F, 0x1F, 0x84, 0x00, 0x00, 0x00, 0x00, 0x00, 0x41, 0x8D, 0x43, 0xFF, 0x44, 0x8B, 0x0C, 0x87, 0x4D, 0x03, 0xCA, 0x66, 0x45, 0x39, 0x21, 0x75,
    0x57, 0x41, 0x8B, 0xD7, 0x41, 0xB8, 0x2F, 0x19, 0xC5, 0x28, 0x49, 0x8B, 0xC1, 0x0F, 0x1F, 0x00, 0x0F, 0xB7, 0x00, 0x41, 0x8B, 0xC8, 0xC1, 0xC9, 0x08, 0xFF,
    0xC2, 0x03, 0xC8, 0x8B, 0xC2, 0x49, 0x03, 0xC1, 0x44, 0x33, 0xC1, 0x44, 0x38, 0x38, 0x75, 0xE6, 0x3E, 0x3E, 0x3E, 0x3E, 0x8B, 0xD3, 0x41, 0x8D, 0x43, 0xFF,
    0x48, 0x03, 0xD2, 0xFF, 0xC3, 0x45, 0x89, 0x44, 0xD6, 0x08, 0x0F, 0xB7, 0x44, 0x45, 0x00, 0x8B, 0x04, 0x86, 0x41, 0x89, 0x44, 0xD6, 0x0C, 0x4D, 0x89, 0x7C,
    0xD6, 0x10, 0x81, 0xFB, 0x58, 0x02, 0x00, 0x00, 0x74, 0x06, 0x41, 0x83, 0xC3, 0xFF, 0x75, 0x92, 0x4C, 0x8B, 0x64, 0x24, 0x08, 0x8D, 0x43, 0xFF, 0x48, 0x8B,
    0x6C, 0x24, 0x28, 0x45, 0x8B, 0xDF, 0x89, 0x1D, 0x9C, 0xB5, 0x00, 0x00, 0x85, 0xC0, 0x0F, 0x84, 0x84, 0x00, 0x00, 0x00, 0x0F, 0x1F, 0x40, 0x00, 0x8B, 0xCB,
    0x41, 0x8B, 0xC7, 0x41, 0x2B, 0xCB, 0x83, 0xF9, 0x01, 0x74, 0x68, 0x0F, 0x1F, 0x00, 0x44, 0x8D, 0x50, 0x01, 0x44, 0x8B, 0xC8, 0x4D, 0x03, 0xC9, 0x45, 0x8B,
    0xC2, 0x4D, 0x03, 0xC0, 0x43, 0x8B, 0x74, 0xCE, 0x0C, 0x43, 0x8B, 0x7C, 0xC6, 0x0C, 0x3B, 0xF7, 0x76, 0x38, 0x43, 0x8B, 0x44, 0xC6, 0x08, 0x43, 0x8B, 0x54,
    0xCE, 0x08, 0x4B, 0x8B, 0x4C, 0xCE, 0x10, 0x43, 0x89, 0x44, 0xCE, 0x08, 0x4B, 0x8B, 0x44, 0xC6, 0x10, 0x4B, 0x89, 0x44, 0xCE, 0x10, 0x43, 0x89, 0x7C, 0xCE,
    0x0C, 0x43, 0x89, 0x54, 0xC6, 0x08, 0x43, 0x89, 0x74, 0xC6, 0x0C, 0x4B, 0x89, 0x4C, 0xC6, 0x10, 0x8B, 0x1D, 0x2A, 0xB5, 0x00, 0x00, 0x8B, 0xCB, 0x41, 0x8B,
    0xC2, 0x41, 0x2B, 0xCB, 0xFF, 0xC9, 0x44, 0x3B, 0xD1, 0x72, 0x9B, 0x41, 0xFF, 0xC3, 0x8D, 0x43, 0xFF, 0x44, 0x3B, 0xD8, 0x72, 0x80, 0x48, 0x8B, 0x7C, 0x24,
    0x38, 0x48, 0x8B, 0x74, 0x24, 0x30, 0x48, 0x8B, 0x5C, 0x24, 0x20, 0x4C, 0x8B, 0x34, 0x24, 0xB8, 0x01, 0x00, 0x00, 0x00, 0x48, 0x83, 0xC4, 0x10, 0x41, 0x5F,
    0xC3, 0x33, 0xC0, 0x48, 0x83, 0xC4, 0x10, 0x41, 0x5F, 0xC3, 0xCC, 0xCC, 0xCC, 0xCC, 0xCC, 0xCC, 0xCC, 0xCC, 0x40, 0x53, 0x48, 0x83, 0xEC, 0x20, 0x8B, 0xD9,
    0xE8, 0xD3, 0xFD, 0xFF, 0xFF, 0x85, 0xC0, 0x74, 0x25, 0x48, 0x8B, 0x15, 0xC8, 0xB4, 0x00, 0x00, 0x33, 0xC0, 0x85, 0xD2, 0x74, 0x18, 0x4C, 0x8D, 0x05, 0xC3,
    0xB4, 0x00, 0x00, 0x8B, 0xC8, 0x48, 0x03, 0xC9, 0x41, 0x3B, 0x1C, 0xC8, 0x74, 0x0B, 0xFF, 0xC0, 0x3B, 0xC2, 0x72, 0xEF, 0xB8, 0x01, 0x00, 0x00, 0x00, 0x48,
    0x83, 0xC4, 0x20, 0x5B, 0xC3, 0xCC, 0xCC, 0xCC, 0xCC, 0xCC, 0xCC, 0xCC, 0xCC, 0xCC, 0xCC, 0xCC, 0xCC, 0xCC, 0xCC, 0xCC, 0x40, 0x53, 0x48, 0x83, 0xEC, 0x20,
    0x48, 0x8B, 0xD9, 0x48, 0x8B, 0xC2, 0x48, 0x8D, 0x0D, 0x25, 0x72, 0x00, 0x00, 0x0F, 0x57, 0xC0, 0x48, 0x8D, 0x53, 0x08, 0x48, 0x89, 0x0B, 0x48, 0x8D, 0x48,
    0x08, 0x0F, 0x11, 0x02, 0xFF, 0x15, 0x7E, 0x6F, 0x00, 0x00, 0x48, 0x8B, 0xC3, 0x48, 0x83, 0xC4, 0x20, 0x5B, 0xC3, 0xCC, 0xCC, 0xCC, 0xCC, 0xCC, 0xCC, 0xCC,
    0xCC, 0xCC, 0xCC, 0xCC, 0xCC, 0xCC, 0x48, 0x8B, 0x51, 0x08, 0x48, 0x8D, 0x05, 0x95, 0x72, 0x00, 0x00, 0x48, 0x85, 0xD2, 0x48, 0x0F, 0x45, 0xC2, 0xC3, 0xCC,
    0xCC, 0xCC, 0xCC, 0xCC, 0xCC, 0xCC, 0xCC, 0xCC, 0xCC, 0xCC, 0xCC, 0xCC, 0xCC, 0xCC, 0xCC, 0xCC, 0xCC, 0xCC, 0xCC, 0xCC, 0xCC, 0xCC, 0xCC, 0xCC, 0xCC, 0xCC,
    0xCC, 0xCC, 0x36, 0x36, 0x36, 0x48, 0x89, 0x5C, 0x24, 0x08, 0x57, 0x48, 0x83, 0xEC, 0x20, 0x48, 0x8D, 0x05, 0xB4, 0x71, 0x00, 0x00, 0x48, 0x8B, 0xF9, 0x48,
    0x89, 0x01, 0x8B, 0xDA, 0x48, 0x83, 0xC1, 0x08, 0xFF, 0x15, 0x0A, 0x6F, 0x00, 0x00, 0xF6, 0xC3, 0x01, 0x74, 0x0D, 0xBA, 0x18, 0x00, 0x00, 0x00, 0x48, 0x8B,
    0xCF, 0xE8, 0x88, 0x4B, 0x00, 0x00, 0x48, 0x8B, 0x5C, 0x24, 0x30, 0x48, 0x8B, 0xC7, 0x48, 0x83, 0xC4, 0x20, 0x5F, 0xC3, 0xCC, 0xCC, 0xCC, 0xCC, 0xCC, 0xCC,
    0xCC, 0xCC, 0xCC, 0xCC, 0xCC, 0xCC, 0xCC, 0xCC, 0xCC, 0xCC, 0xCC, 0xCC, 0xCC, 0xCC, 0xCC, 0xCC, 0xCC, 0xCC, 0xCC, 0xCC, 0x48, 0x8D, 0x05, 0x61, 0x71, 0x00,
    0x00, 0x48, 0x89, 0x01, 0x48, 0x83, 0xC1, 0x08, 0x48, 0xFF, 0x25, 0xBB, 0x6E, 0x00, 0x00, 0xCC, 0xCC, 0xCC, 0xCC, 0xCC, 0xCC, 0xCC, 0xCC, 0xCC, 0xCC, 0xCC,
    0x48, 0x8D, 0x05, 0x01, 0x72, 0x00, 0x00, 0x48, 0xC7, 0x41, 0x10, 0x00, 0x00, 0x00, 0x00, 0x48, 0x89, 0x41, 0x08, 0x48, 0x8D, 0x05, 0x6E, 0x71, 0x00, 0x00,
    0x48, 0x89, 0x01, 0x48, 0x8B, 0xC1, 0xC3, 0xCC, 0xCC, 0xCC, 0xCC, 0xCC, 0xCC, 0xCC, 0xCC, 0xCC, 0xCC, 0xCC, 0xCC, 0xCC, 0xCC, 0xCC, 0x48, 0x8D, 0x05, 0x49,
    0xB3, 0x00, 0x00, 0xC3, 0xCC, 0xCC, 0xCC, 0xCC, 0xCC, 0xCC, 0xCC, 0xCC, 0x48, 0x89, 0x4C, 0x24, 0x08, 0x48, 0x89, 0x54, 0x24, 0x10, 0x4C, 0x89, 0x44, 0x24,
    0x18, 0x4C, 0x89, 0x4C, 0x24, 0x20, 0x53, 0x57, 0x48, 0x83, 0xEC, 0x38, 0xB9, 0x01, 0x00, 0x00, 0x00, 0x48, 0x8D, 0x7C, 0x24, 0x58, 0xFF, 0x15, 0xC6, 0x6F,
    0x00, 0x00, 0x48, 0x8B, 0xD8, 0xE8, 0xBE, 0xFF, 0xFF, 0xFF, 0x4C, 0x8B, 0x44, 0x24, 0x50, 0x45, 0x33, 0xC9, 0x48, 0x8B, 0xD3, 0x48, 0x89, 0x7C, 0x24, 0x20,
    0x48, 0x8B, 0x08, 0xFF, 0x15, 0x8D, 0x6F, 0x00, 0x00, 0x48, 0x83, 0xC4, 0x38, 0x5F, 0x5B, 0xC3, 0xCC, 0xCC, 0xCC, 0xCC, 0xCC, 0xCC, 0xCC, 0xCC, 0xCC, 0xCC,
    0xCC, 0xCC, 0xCC, 0xCC, 0x48, 0x89, 0x4C, 0x24, 0x08, 0x48, 0x89, 0x54, 0x24, 0x10, 0x4C, 0x89, 0x44, 0x24, 0x18, 0x4C, 0x89, 0x4C, 0x24, 0x20, 0x53, 0x57,
    0x48, 0x83, 0xEC, 0x38, 0xB9, 0x01, 0x00, 0x00, 0x00, 0x48, 0x8D, 0x7C, 0x24, 0x58, 0xFF, 0x15, 0x66, 0x6F, 0x00, 0x00, 0x48, 0x8B, 0xD8, 0xE8, 0x5E, 0xFF,
    0xFF, 0xFF, 0x4C, 0x8B, 0x44, 0x24, 0x50, 0x45, 0x33, 0xC9, 0x48, 0x8B, 0xD3, 0x48, 0x89, 0x7C, 0x24, 0x20, 0x48, 0x8B, 0x08, 0xFF, 0x15, 0x4D, 0x6F, 0x00,
    0x00, 0x48, 0x83, 0xC4, 0x38, 0x5F, 0x5B, 0xC3, 0xCC, 0xCC, 0xCC, 0xCC, 0xCC, 0xCC, 0xCC, 0xCC, 0xCC, 0xCC, 0xCC, 0xCC, 0xCC, 0xCC, 0x48, 0x8D, 0x05, 0x19,
    0x71, 0x00, 0x00, 0x48, 0xC7, 0x41, 0x10, 0x00, 0x00, 0x00, 0x00, 0x48, 0x89, 0x41, 0x08, 0x48, 0x8D, 0x05, 0x8E, 0x73, 0x00, 0x00, 0x48, 0x89, 0x01, 0x48,
    0x8B, 0xC1, 0xC3, 0xCC, 0xCC, 0xCC, 0xCC, 0xCC, 0xCC, 0xCC, 0xCC, 0xCC, 0xCC, 0xCC, 0xCC, 0xCC, 0xCC, 0xCC, 0x48, 0x83, 0xEC, 0x48, 0x48, 0x8D, 0x4C, 0x24,
    0x20, 0xE8, 0xC2, 0xFF, 0xFF, 0xFF, 0x48, 0x8D, 0x15, 0xDB, 0x85, 0x00, 0x00, 0x48, 0x8D, 0x4C, 0x24, 0x20, 0xE8, 0xB3, 0x57, 0x00, 0x00, 0xCC, 0x40, 0x53,
    0x48, 0x83, 0xEC, 0x20, 0x48, 0x8B, 0xD9, 0x48, 0x8B, 0xC2, 0x48, 0x8D, 0x0D, 0xE5, 0x6F, 0x00, 0x00, 0x0F, 0x57, 0xC0, 0x48, 0x8D, 0x53, 0x08, 0x48, 0x89,
    0x0B, 0x48, 0x8D, 0x48, 0x08, 0x0F, 0x11, 0x02, 0xFF, 0x15, 0x3E, 0x6D, 0x00, 0x00, 0x48, 0x8D, 0x05, 0x27, 0x73, 0x00, 0x00, 0x48, 0x89, 0x03, 0x48, 0x8B,
    0xC3, 0x48, 0x83, 0xC4, 0x20, 0x5B, 0xC3, 0xCC, 0xCC, 0xCC, 0x48, 0x83, 0xEC, 0x48, 0x48, 0x8D, 0x4C, 0x24, 0x20, 0xE8, 0x62, 0xFE, 0xFF, 0xFF, 0x48, 0x8D,
    0x15, 0x3B, 0x86, 0x00, 0x00, 0x48, 0x8D, 0x4C, 0x24, 0x20, 0xE8, 0x53, 0x57, 0x00, 0x00, 0xCC, 0x40, 0x53, 0x48, 0x83, 0xEC, 0x20, 0x48, 0x8B, 0xD9, 0x48,
    0x8B, 0xC2, 0x48, 0x8D, 0x0D, 0x85, 0x6F, 0x00, 0x00, 0x0F, 0x57, 0xC0, 0x48, 0x8D, 0x53, 0x08, 0x48, 0x89, 0x0B, 0x48, 0x8D, 0x48, 0x08, 0x0F, 0x11, 0x02,
    0xFF, 0x15, 0xDE, 0x6C, 0x00, 0x00, 0x48, 0x8D, 0x05, 0xA7, 0x6F, 0x00, 0x00, 0x48, 0x89, 0x03, 0x48, 0x8B, 0xC3, 0x48, 0x83, 0xC4, 0x20, 0x5B, 0xC3, 0xCC,
    0xCC, 0xCC, 0x40, 0x53, 0x48, 0x83, 0xEC, 0x20, 0x48, 0x8B, 0xD9, 0x48, 0x8B, 0xC2, 0x48, 0x8D, 0x0D, 0x45, 0x6F, 0x00, 0x00, 0x0F, 0x57, 0xC0, 0x48, 0x8D,
    0x53, 0x08, 0x48, 0x89, 0x0B, 0x48, 0x8D, 0x48, 0x08, 0x0F, 0x11, 0x02, 0xFF, 0x15, 0x9E, 0x6C, 0x00, 0x00, 0x48, 0x8D, 0x05, 0x3F, 0x6F, 0x00, 0x00, 0x48,
    0x89, 0x03, 0x48, 0x8B, 0xC3, 0x48, 0x83, 0xC4, 0x20, 0x5B, 0xC3, 0xCC, 0xCC, 0xCC, 0xCC, 0xCC, 0xCC, 0xCC, 0xCC, 0xCC, 0xCC, 0xCC, 0xCC, 0xCC, 0xCC, 0xCC,
    0xCC, 0xCC, 0xCC, 0xCC, 0x48, 0x83, 0xEC, 0x28, 0x48, 0x8D, 0x0D, 0xE5, 0x6F, 0x00, 0x00, 0xFF, 0x15, 0xBF, 0x6A, 0x00, 0x00, 0xCC, 0xCC, 0xCC, 0xCC, 0xCC,
    0xCC, 0xCC, 0xCC, 0xCC, 0xCC, 0xCC, 0xCC, 0xCC, 0xCC, 0xCC, 0x48, 0x83, 0xEC, 0x28, 0x48, 0x8B, 0x49, 0x08, 0x48, 0x85, 0xC9, 0x74, 0x1D, 0x48, 0x8B, 0x01,
    0xFF, 0x50, 0x10, 0x48, 0x85, 0xC0, 0x74, 0x12, 0x4C, 0x8B, 0x00, 0xBA, 0x01, 0x00, 0x00, 0x00, 0x48, 0x8B, 0xC8, 0x48, 0x83, 0xC4, 0x28, 0x49, 0xFF, 0x20,
    0x48, 0x83, 0xC4, 0x28, 0xC3, 0xCC, 0xCC, 0xCC, 0xCC, 0xCC, 0xCC, 0xCC, 0xCC, 0xCC, 0xCC, 0xCC, 0xCC, 0xCC, 0xCC, 0xCC, 0xCC, 0xCC, 0x48, 0x89, 0x5C, 0x24,
    0x08, 0x48, 0x89, 0x6C, 0x24, 0x10, 0x48, 0x89, 0x74, 0x24, 0x18, 0x57, 0x48, 0x83, 0xEC, 0x30, 0x33, 0xC0, 0x0F, 0x57, 0xC0, 0x0F, 0x11, 0x01, 0x48, 0x89,
    0x41, 0x10, 0x48, 0x8B, 0xF2, 0x48, 0x89, 0x41, 0x18, 0x48, 0x8B, 0xF9, 0x48, 0x83, 0x7A, 0x18, 0x07, 0x48, 0x8B, 0x5A, 0x10, 0x76, 0x03, 0x48, 0x8B, 0x32,
    0x48, 0xBD, 0xFE, 0xFF, 0xFF, 0xFF, 0xFF, 0xFF, 0xFF, 0x7F, 0x48, 0x3B, 0xDD, 0x0F, 0x87, 0x23, 0x01, 0x00, 0x00, 0x48, 0x83, 0xFB, 0x07, 0x77, 0x17, 0x48,
    0x89, 0x59, 0x10, 0x48, 0xC7, 0x41, 0x18, 0x07, 0x00, 0x00, 0x00, 0x0F, 0x10, 0x06, 0x0F, 0x11, 0x01, 0xE9, 0xA9, 0x00, 0x00, 0x00, 0x48, 0x8B, 0xCB, 0x48,
    0x83, 0xC9, 0x07, 0x48, 0x3B, 0xCD, 0x76, 0x0F, 0x48, 0xB9, 0xFF, 0xFF, 0xFF, 0xFF, 0xFF, 0xFF, 0xFF, 0x7F, 0x48, 0x03, 0xC9, 0xEB, 0x2F, 0xBA, 0x0A, 0x00,
    0x00, 0x00, 0x48, 0x8B, 0xE9, 0x48, 0x3B, 0xCA, 0x48, 0xB9, 0xFF, 0xFF, 0xFF, 0xFF, 0xFF, 0xFF, 0xFF, 0x7F, 0x48, 0x0F, 0x42, 0xEA, 0x48, 0x8D, 0x55, 0x01,
    0x48, 0x3B, 0xD1, 0x0F, 0x87, 0xCB, 0x00, 0x00, 0x00, 0x48, 0x8D, 0x0C, 0x12, 0x48, 0x85, 0xC9, 0x74, 0x41, 0x48, 0x81, 0xF9, 0x00, 0x10, 0x00, 0x00, 0x72,
    0x33, 0x3E, 0x48, 0x8D, 0x41, 0x27, 0x48, 0x3B, 0xC1, 0x0F, 0x86, 0xAB, 0x00, 0x00, 0x00, 0x48, 0x8B, 0xC8, 0xE8, 0xD7, 0x47, 0x00, 0x00, 0x48, 0x8B, 0xC8,
    0x48, 0x85, 0xC0, 0x74, 0x0E, 0x48, 0x83, 0xC0, 0x27, 0x48, 0x83, 0xE0, 0xE0, 0x48, 0x89, 0x48, 0xF8, 0xEB, 0x0C, 0xFF, 0x15, 0x63, 0x6C, 0x00, 0x00, 0xCC,
    0xE8, 0xB5, 0x47, 0x00, 0x00, 0x4C, 0x8D, 0x04, 0x5D, 0x02, 0x00, 0x00, 0x00, 0x48, 0x89, 0x07, 0x48, 0x8B, 0xD6, 0x48, 0x89, 0x5F, 0x10, 0x48, 0x8B, 0xC8,
    0x48, 0x89, 0x6F, 0x18, 0xE8, 0x69, 0x55, 0x00, 0x00, 0x48, 0x83, 0x7F, 0x18, 0x07, 0x76, 0x0B, 0x48, 0x8B, 0x37, 0x48, 0x8B, 0xDE, 0x48, 0x8B, 0xCE, 0xEB,
    0x09, 0x48, 0x8B, 0xDF, 0x48, 0x8B, 0xCF, 0x48, 0x8B, 0xF7, 0x48, 0x8B, 0x47, 0x10, 0x48, 0x8D, 0x2C, 0x41, 0x48, 0x3B, 0xDD, 0x74, 0x1D, 0x48, 0x2B, 0xF3,
    0x0F, 0x1F, 0x40, 0x00, 0x0F, 0xB7, 0x0B, 0xFF, 0x15, 0x5F, 0x6C, 0x00, 0x00, 0x66, 0x89, 0x04, 0x33, 0x48, 0x83, 0xC3, 0x02, 0x48, 0x3B, 0xDD, 0x75, 0xEA,
    0x48, 0x8B, 0x5C, 0x24, 0x40, 0x48, 0x8B, 0xC7, 0x48, 0x8B, 0x6C, 0x24, 0x48, 0x48, 0x8B, 0x74, 0x24, 0x50, 0x48, 0x83, 0xC4, 0x30, 0x5F, 0xC3, 0xE8, 0x2D,
    0xFE, 0xFF, 0xFF, 0xCC, 0xE8, 0x77, 0xFD, 0xFF, 0xFF, 0xCC, 0xCC, 0xCC, 0xCC, 0xCC, 0xCC, 0xCC, 0x36, 0x36, 0x36, 0x48, 0x89, 0x5C, 0x24, 0x08, 0x55, 0x56,
    0x57, 0x41, 0x54, 0x41, 0x55, 0x41, 0x56, 0x41, 0x57, 0x48, 0x8D, 0xAC, 0x24, 0x70, 0xEE, 0xFF, 0xFF, 0xB8, 0x90, 0x12, 0x00, 0x00, 0xE8, 0x3B, 0x57, 0x00,
    0x00, 0x3E, 0x3E, 0x48, 0x2B, 0xE0, 0x48, 0x8B, 0xD9, 0x4C, 0x8D, 0x85, 0xE0, 0x11, 0x00, 0x00, 0xBA, 0x00, 0x10, 0x00, 0x00, 0x48, 0x8D, 0x8D, 0x90, 0x01,
    0x00, 0x00, 0xFF, 0x15, 0x42, 0x68, 0x00, 0x00, 0x85, 0xC0, 0x0F, 0x84, 0xD7, 0x04, 0x00, 0x00, 0x8B, 0xBD, 0xE0, 0x11, 0x00, 0x00, 0xC1, 0xEF, 0x02, 0x89,
    0xBD, 0xD8, 0x11, 0x00, 0x00, 0x48, 0x8B, 0xD3, 0x48, 0x8D, 0x4C, 0x24, 0x60, 0xE8, 0x16, 0xFE, 0xFF, 0xFF, 0x90, 0x45, 0x33, 0xF6, 0x45, 0x8B, 0xE6, 0x85,
    0xFF, 0x0F, 0x84, 0x3B, 0x03, 0x00, 0x00, 0x49, 0xBF, 0xFE, 0xFF, 0xFF, 0xFF, 0xFF, 0xFF, 0xFF, 0x7F, 0x0F, 0x1F, 0x40, 0x00, 0x66, 0x0F, 0x1F, 0x84, 0x00,
    0x00, 0x00, 0x00, 0x00, 0x41, 0x8B, 0xC4, 0x4C, 0x8D, 0x8D, 0x90, 0x01, 0x00, 0x00, 0x49, 0x8D, 0x04, 0x81, 0x48, 0x89, 0x85, 0xE8, 0x11, 0x00, 0x00, 0x44,
    0x8B, 0x00, 0x33, 0xD2, 0xB9, 0x10, 0x04, 0x00, 0x00, 0xFF, 0x15, 0xB3, 0x67, 0x00, 0x00, 0x3E, 0x3E, 0x3E, 0x3E, 0x3E, 0x3E, 0x3E, 0x3E, 0x4C, 0x8B, 0xE8,
    0x48, 0x85, 0xC0, 0x0F, 0x84, 0xDF, 0x02, 0x00, 0x00, 0x41, 0xB9, 0x04, 0x01, 0x00, 0x00, 0x4C, 0x8D, 0x45, 0x80, 0x33, 0xD2, 0x48, 0x8B, 0xC8, 0xFF, 0x15,
    0x0A, 0x67, 0x00, 0x00, 0x66, 0x90, 0x85, 0xC0, 0x0F, 0x84, 0xB7, 0x02, 0x00, 0x00, 0x0F, 0x57, 0xC0, 0x0F, 0x11, 0x44, 0x24, 0x20, 0x4C, 0x89, 0x74, 0x24,
    0x30, 0x4C, 0x89, 0x74, 0x24, 0x38, 0x48, 0x8D, 0x45, 0x80, 0x48, 0xC7, 0xC3, 0xFF, 0xFF, 0xFF, 0xFF, 0x48, 0xFF, 0xC3, 0x66, 0x83, 0x3C, 0x58, 0x00, 0x75,
    0xF6, 0x49, 0x3B, 0xDF, 0x0F, 0x87, 0x2A, 0x04, 0x00, 0x00, 0x48, 0x83, 0xFB, 0x07, 0x77, 0x32, 0x3E, 0x3E, 0x3E, 0x3E, 0x3E, 0x48, 0x89, 0x5C, 0x24, 0x30,
    0x48, 0xC7, 0x44, 0x24, 0x38, 0x07, 0x00, 0x00, 0x00, 0x48, 0x03, 0xDB, 0x4C, 0x8B, 0xC3, 0x48, 0x8D, 0x55, 0x80, 0x48, 0x8D, 0x4C, 0x24, 0x20, 0xE8, 0xB5,
    0x53, 0x00, 0x00, 0x66, 0x44, 0x89, 0x74, 0x1C, 0x20, 0xE9, 0xB4, 0x00, 0x00, 0x00, 0x48, 0x8B, 0xF3, 0x48, 0x83, 0xCE, 0x07, 0x49, 0x3B, 0xF7, 0x76, 0x4C,
    0x49, 0x8B, 0xF7, 0x48, 0xB8, 0xFF, 0xFF, 0xFF, 0xFF, 0xFF, 0xFF, 0xFF, 0x7F, 0x48, 0x8D, 0x0C, 0x00, 0x48, 0x81, 0xF9, 0x00, 0x10, 0x00, 0x00, 0x72, 0x60,
    0x3E, 0x3E, 0x3E, 0x3E, 0x3E, 0x3E, 0x48, 0x8D, 0x41, 0x27, 0x48, 0x3B, 0xC1, 0x0F, 0x86, 0xBF, 0x03, 0x00, 0x00, 0x48, 0x8B, 0xC8, 0xE8, 0x97, 0x45, 0x00,
    0x00, 0x48, 0x85, 0xC0, 0x0F, 0x84, 0x7D, 0x03, 0x00, 0x00, 0x48, 0x8D, 0x78, 0x27, 0x48, 0x83, 0xE7, 0xE0, 0x48, 0x89, 0x47, 0xF8, 0xEB, 0x36, 0x48, 0x83,
    0xFE, 0x0A, 0xB8, 0x0A, 0x00, 0x00, 0x00, 0x48, 0x0F, 0x42, 0xF0, 0x48, 0x8D, 0x4E, 0x01, 0x48, 0xB8, 0xFF, 0xFF, 0xFF, 0xFF, 0xFF, 0xFF, 0xFF, 0x7F, 0x48,
    0x3B, 0xC8, 0x0F, 0x87, 0x7C, 0x03, 0x00, 0x00, 0x48, 0x03, 0xC9, 0x75, 0x9C, 0x49, 0x8B, 0xFE, 0xEB, 0x08, 0xE8, 0x4D, 0x45, 0x00, 0x00, 0x48, 0x8B, 0xF8,
    0x48, 0x89, 0x7C, 0x24, 0x20, 0x48, 0x89, 0x5C, 0x24, 0x30, 0x48, 0x89, 0x74, 0x24, 0x38, 0x48, 0x03, 0xDB, 0x4C, 0x8B, 0xC3, 0x48, 0x8D, 0x55, 0x80, 0x48,
    0x8B, 0xCF, 0xE8, 0xFB, 0x52, 0x00, 0x00, 0x66, 0x44, 0x89, 0x34, 0x3B, 0x48, 0x8D, 0x54, 0x24, 0x20, 0x48, 0x8D, 0x4C, 0x24, 0x40, 0xE8, 0x6D, 0xFC, 0xFF,
    0xFF, 0x4C, 0x8D, 0x5C, 0x24, 0x60, 0x48, 0x83, 0x7C, 0x24, 0x78, 0x07, 0x4C, 0x0F, 0x47, 0x5C, 0x24, 0x60, 0x4C, 0x8D, 0x74, 0x24, 0x40, 0x48, 0x8B, 0x7C,
    0x24, 0x40, 0x4C, 0x8B, 0x7C, 0x24, 0x58, 0x49, 0x83, 0xFF, 0x07, 0x4C, 0x0F, 0x47, 0xF7, 0x48, 0x8B, 0x5C, 0x24, 0x70, 0x48, 0x8B, 0x44, 0x24, 0x50, 0x48,
    0x3B, 0xD8, 0x0F, 0x87, 0x9C, 0x00, 0x00, 0x00, 0x48, 0x2B, 0xC3, 0x48, 0x85, 0xDB, 0x0F, 0x84, 0xC0, 0x01, 0x00, 0x00, 0x48, 0x8D, 0x70, 0x01, 0x49, 0x8D,
    0x34, 0x76, 0x49, 0x8B, 0xCE, 0x45, 0x0F, 0xB7, 0x13, 0x0F, 0x1F, 0x80, 0x00, 0x00, 0x00, 0x00, 0x3E, 0x3E, 0x48, 0x8B, 0xC6, 0x48, 0x2B, 0xC1, 0x48, 0xD1,
    0xF8, 0xBA, 0x00, 0x00, 0x00, 0x00, 0x74, 0x1C, 0x66, 0x44, 0x39, 0x11, 0x74, 0x13, 0x48, 0x83, 0xF8, 0x01, 0x74, 0x10, 0x48, 0xFF, 0xC8, 0x48, 0x83, 0xC1,
    0x02, 0x66, 0x44, 0x39, 0x11, 0x75, 0xED, 0x48, 0x8B, 0xD1, 0x48, 0x8B, 0xCA, 0x48, 0x85, 0xD2, 0x74, 0x44, 0x4C, 0x8B, 0xC3, 0x49, 0x8B, 0xD3, 0x48, 0x85,
    0xDB, 0x74, 0x27, 0x4C, 0x8B, 0xC9, 0x4D, 0x2B, 0xCB, 0x66, 0x0F, 0x1F, 0x84, 0x00, 0x00, 0x00, 0x00, 0x00, 0x42, 0x0F, 0xB7, 0x04, 0x0A, 0x66, 0x3B, 0x02,
    0x0F, 0x85, 0x43, 0x01, 0x00, 0x00, 0x48, 0x83, 0xC2, 0x02, 0x49, 0x83, 0xE8, 0x01, 0x75, 0xE8, 0x3E, 0x3E, 0x49, 0x2B, 0xCE, 0x48, 0xD1, 0xF9, 0x48, 0x83,
    0xF9, 0xFF, 0x0F, 0x85, 0x30, 0x01, 0x00, 0x00, 0x49, 0x83, 0xFF, 0x07, 0x76, 0x42, 0x3E, 0x3E, 0x3E, 0x3E, 0x3E, 0x4A, 0x8D, 0x14, 0x7D, 0x02, 0x00, 0x00,
    0x00, 0x48, 0x8B, 0xC7, 0x48, 0x81, 0xFA, 0x00, 0x10, 0x00, 0x00, 0x72, 0x21, 0x3E, 0x3E, 0x3E, 0x3E, 0x3E, 0x3E, 0x3E, 0x3E, 0x48, 0x83, 0xC2, 0x27, 0x48,
    0x8B, 0x7F, 0xF8, 0x48, 0x2B, 0xC7, 0x48, 0x83, 0xC0, 0xF8, 0x48, 0x83, 0xF8, 0x1F, 0x0F, 0x87, 0xE6, 0x01, 0x00, 0x00, 0x48, 0x8B, 0xCF, 0xE8, 0xEE, 0x43,
    0x00, 0x00, 0x45, 0x33, 0xF6, 0x4C, 0x89, 0x74, 0x24, 0x50, 0x48, 0xC7, 0x44, 0x24, 0x58, 0x07, 0x00, 0x00, 0x00, 0x66, 0x44, 0x89, 0x74, 0x24, 0x40, 0x48,
    0x8B, 0x54, 0x24, 0x38, 0x48, 0x83, 0xFA, 0x07, 0x76, 0x3B, 0x48, 0x8D, 0x14, 0x55, 0x02, 0x00, 0x00, 0x00, 0x48, 0x8B, 0x4C, 0x24, 0x20, 0x48, 0x8B, 0xC1,
    0x48, 0x81, 0xFA, 0x00, 0x10, 0x00, 0x00, 0x72, 0x1D, 0x3E, 0x3E, 0x3E, 0x3E, 0x48, 0x83, 0xC2, 0x27, 0x48, 0x8B, 0x49, 0xF8, 0x48, 0x2B, 0xC1, 0x48, 0x83,
    0xC0, 0xF8, 0x48, 0x83, 0xF8, 0x1F, 0x0F, 0x87, 0x8D, 0x01, 0x00, 0x00, 0xE8, 0x91, 0x43, 0x00, 0x00, 0x49, 0xBF, 0xFE, 0xFF, 0xFF, 0xFF, 0xFF, 0xFF, 0xFF,
    0x7F, 0x8B, 0xBD, 0xD8, 0x11, 0x00, 0x00, 0x49, 0x8B, 0xCD, 0xFF, 0x15, 0x58, 0x64, 0x00, 0x00, 0x41, 0xFF, 0xC4, 0x44, 0x3B, 0xE7, 0x0F, 0x82, 0xDC, 0xFC,
    0xFF, 0xFF, 0x3E, 0x3E, 0x3E, 0x3E, 0x3E, 0x3E, 0x3E, 0x48, 0x8B, 0x54, 0x24, 0x78, 0x48, 0x83, 0xFA, 0x07, 0x0F, 0x86, 0x5B, 0x01, 0x00, 0x00, 0x3E, 0x3E,
    0x3E, 0x3E, 0x3E, 0x3E, 0x48, 0x8D, 0x14, 0x55, 0x02, 0x00, 0x00, 0x00, 0x48, 0x8B, 0x4C, 0x24, 0x60, 0x48, 0x8B, 0xC1, 0x48, 0x81, 0xFA, 0x00, 0x10, 0x00,
    0x00, 0x0F, 0x82, 0x31, 0x01, 0x00, 0x00, 0x3E, 0x3E, 0x3E, 0x3E, 0x48, 0x83, 0xC2, 0x27, 0x48, 0x8B, 0x49, 0xF8, 0x48, 0x2B, 0xC1, 0x48, 0x83, 0xC0, 0xF8,
    0x48, 0x83, 0xF8, 0x1F, 0x0F, 0x86, 0x14, 0x01, 0x00, 0x00, 0xFF, 0x15, 0xC0, 0x67, 0x00, 0x00, 0x90, 0x48, 0x83, 0xC1, 0x02, 0xE9, 0x56, 0xFE, 0xFF, 0xFF,
    0x3E, 0x3E, 0x3E, 0x49, 0x8B, 0xCD, 0xFF, 0x15, 0xDA, 0x63, 0x00, 0x00, 0x48, 0x8B, 0x9D, 0xE8, 0x11, 0x00, 0x00, 0x8B, 0x1B, 0x48, 0x8B, 0x54, 0x24, 0x58,
    0x48, 0x83, 0xFA, 0x07, 0x76, 0x37, 0x48, 0x8D, 0x14, 0x55, 0x02, 0x00, 0x00, 0x00, 0x48, 0x8B, 0x4C, 0x24, 0x40, 0x48, 0x8B, 0xC1, 0x48, 0x81, 0xFA, 0x00,
    0x10, 0x00, 0x00, 0x72, 0x19, 0x48, 0x83, 0xC2, 0x27, 0x48, 0x8B, 0x49, 0xF8, 0x48, 0x2B, 0xC1, 0x48, 0x83, 0xC0, 0xF8, 0x48, 0x83, 0xF8, 0x1F, 0x0F, 0x87,
    0xA4, 0x00, 0x00, 0x00, 0xE8, 0xAF, 0x42, 0x00, 0x00, 0x33, 0xC0, 0x48, 0x89, 0x44, 0x24, 0x50, 0x48, 0xC7, 0x44, 0x24, 0x58, 0x07, 0x00, 0x00, 0x00, 0x66,
    0x89, 0x44, 0x24, 0x40, 0x48, 0x8B, 0x54, 0x24, 0x38, 0x48, 0x83, 0xFA, 0x07, 0x76, 0x35, 0x48, 0x8D, 0x14, 0x55, 0x02, 0x00, 0x00, 0x00, 0x48, 0x8B, 0x4C,
    0x24, 0x20, 0x48, 0x8B, 0xC1, 0x48, 0x81, 0xFA, 0x00, 0x10, 0x00, 0x00, 0x72, 0x15, 0x48, 0x83, 0xC2, 0x27, 0x48, 0x8B, 0x49, 0xF8, 0x48, 0x2B, 0xC1, 0x48,
    0x83, 0xC0, 0xF8, 0x48, 0x83, 0xF8, 0x1F, 0x77, 0x58, 0x90, 0xE8, 0x5B, 0x42, 0x00, 0x00, 0x90, 0x48, 0x8B, 0x54, 0x24, 0x78, 0x48, 0x83, 0xFA, 0x07, 0x76,
    0x3B, 0x48, 0x8D, 0x14, 0x55, 0x02, 0x00, 0x00, 0x00, 0x48, 0x8B, 0x4C, 0x24, 0x60, 0x48, 0x8B, 0xC1, 0x48, 0x81, 0xFA, 0x00, 0x10, 0x00, 0x00, 0x72, 0x1D,
    0x48, 0x83, 0xC2, 0x27, 0x48, 0x8B, 0x49, 0xF8, 0x48, 0x2B, 0xC1, 0x48, 0x83, 0xC0, 0xF8, 0x48, 0x83, 0xF8, 0x1F, 0x76, 0x08, 0x90, 0xFF, 0x15, 0xCA, 0x66,
    0x00, 0x00, 0xCC, 0xE8, 0x14, 0x42, 0x00, 0x00, 0x8B, 0xC3, 0xEB, 0x17, 0xFF, 0x15, 0xBA, 0x66, 0x00, 0x00, 0x90, 0xFF, 0x15, 0xB3, 0x66, 0x00, 0x00, 0x90,
    0x66, 0x90, 0xE8, 0xFB, 0x41, 0x00, 0x00, 0x33, 0xC0, 0x48, 0x8B, 0x9C, 0x24, 0xD0, 0x12, 0x00, 0x00, 0x48, 0x81, 0xC4, 0x90, 0x12, 0x00, 0x00, 0x41, 0x5F,
    0x41, 0x5E, 0x41, 0x5D, 0x41, 0x5C, 0x5F, 0x5E, 0x5D, 0xC3, 0xE8, 0xD9, 0xF8, 0xFF, 0xFF, 0x90, 0xE8, 0x23, 0xF8, 0xFF, 0xFF, 0xCC, 0xCC, 0xCC, 0xCC, 0xCC,
    0xCC, 0xCC, 0xCC, 0xCC, 0xCC, 0xCC, 0xCC, 0xCC, 0xCC, 0xCC, 0xCC, 0xCC, 0xCC, 0xCC, 0x4C, 0x89, 0x44, 0x24, 0x18, 0x89, 0x54, 0x24, 0x10, 0x48, 0x89, 0x4C,
    0x24, 0x08, 0x53, 0x56, 0x57, 0x41, 0x54, 0x41, 0x55, 0x41, 0x56, 0x41, 0x57, 0x48, 0x81, 0xEC, 0xC0, 0x01, 0x00, 0x00, 0x8B, 0xC2, 0x4C, 0x8B, 0xF9, 0x45,
    0x33, 0xE4, 0x44, 0x89, 0x64, 0x24, 0x40, 0x4C, 0x89, 0x21, 0x4C, 0x89, 0x61, 0x08, 0x4C, 0x89, 0x61, 0x10, 0x41, 0xBD, 0x01, 0x00, 0x00, 0x00, 0x44, 0x89,
    0x6C, 0x24, 0x40, 0x41, 0x8B, 0xFD, 0x3B, 0xF8, 0x0F, 0x8D, 0x57, 0x09, 0x00, 0x00, 0x48, 0x63, 0xF7, 0x49, 0x8B, 0x14, 0xF0, 0x0F, 0x57, 0xC0, 0x0F, 0x11,
    0x44, 0x24, 0x70, 0x4C, 0x89, 0xA4, 0x24, 0x80, 0x00, 0x00, 0x00, 0x4C, 0x89, 0xA4, 0x24, 0x88, 0x00, 0x00, 0x00, 0x49, 0xC7, 0xC0, 0xFF, 0xFF, 0xFF, 0xFF,
    0x49, 0xFF, 0xC0, 0x42, 0x80, 0x3C, 0x02, 0x00, 0x75, 0xF6, 0x48, 0x8D, 0x4C, 0x24, 0x70, 0xE8, 0x78, 0x33, 0x00, 0x00, 0x90, 0x48, 0x8D, 0x4C, 0x24, 0x70,
    0x4C, 0x8B, 0x74, 0x24, 0x70, 0x4C, 0x89, 0x74, 0x24, 0x48, 0x48, 0x8B, 0x84, 0x24, 0x88, 0x00, 0x00, 0x00, 0x48, 0x83, 0xF8, 0x0F, 0x49, 0x0F, 0x47, 0xCE,
    0x48, 0x8B, 0x9C, 0x24, 0x80, 0x00, 0x00, 0x00, 0x48, 0x83, 0xFB, 0x05, 0x75, 0x1F, 0x4C, 0x8B, 0xC3, 0x48, 0x8D, 0x15, 0x38, 0x68, 0x00, 0x00, 0xE8, 0x89,
    0x51, 0x00, 0x00, 0x85, 0xC0, 0x0F, 0x84, 0xFB, 0x00, 0x00, 0x00, 0x48, 0x8B, 0x84, 0x24, 0x88, 0x00, 0x00, 0x00, 0x48, 0x8D, 0x4C, 0x24, 0x70, 0x48, 0x83,
    0xF8, 0x0F, 0x49, 0x0F, 0x47, 0xCE, 0x48, 0x83, 0xFB, 0x04, 0x75, 0x1F, 0x4C, 0x8B, 0xC3, 0x48, 0x8D, 0x15, 0x0E, 0x68, 0x00, 0x00, 0xE8, 0x57, 0x51, 0x00,
    0x00, 0x85, 0xC0, 0x0F, 0x84, 0xC9, 0x00, 0x00, 0x00, 0x48, 0x8B, 0x84, 0x24, 0x88, 0x00, 0x00, 0x00, 0x48, 0x8D, 0x4C, 0x24, 0x70, 0x48, 0x83, 0xF8, 0x0F,
    0x49, 0x0F, 0x47, 0xCE, 0x48, 0x83, 0xFB, 0x08, 0x75, 0x1F, 0x4C, 0x8B, 0xC3, 0x48, 0x8D, 0x15, 0xE4, 0x67, 0x00, 0x00, 0xE8, 0x25, 0x51, 0x00, 0x00, 0x85,
    0xC0, 0x0F, 0x84, 0x97, 0x00, 0x00, 0x00, 0x48, 0x8B, 0x84, 0x24, 0x88, 0x00, 0x00, 0x00, 0x48, 0x8D, 0x4C, 0x24, 0x70, 0x48, 0x83, 0xF8, 0x0F, 0x49, 0x0F,
    0x47, 0xCE, 0x48, 0x83, 0xFB, 0x09, 0x75, 0x1B, 0x4C, 0x8B, 0xC3, 0x48, 0x8D, 0x15, 0xC2, 0x67, 0x00, 0x00, 0xE8, 0xF3, 0x50, 0x00, 0x00, 0x85, 0xC0, 0x74,
    0x69, 0x48, 0x8B, 0x84, 0x24, 0x88, 0x00, 0x00, 0x00, 0x48, 0x8D, 0x4C, 0x24, 0x70, 0x48, 0x83, 0xF8, 0x0F, 0x49, 0x0F, 0x47, 0xCE, 0x48, 0x83, 0xFB, 0x02,
    0x75, 0x1B, 0x4C, 0x8B, 0xC3, 0x48, 0x8D, 0x15, 0xA0, 0x67, 0x00, 0x00, 0xE8, 0xC5, 0x50, 0x00, 0x00, 0x85, 0xC0, 0x74, 0x3B, 0x48, 0x8B, 0x84, 0x24, 0x88,
    0x00, 0x00, 0x00, 0x48, 0x8D, 0x4C, 0x24, 0x70, 0x48, 0x83, 0xF8, 0x0F, 0x49, 0x0F, 0x47, 0xCE, 0x48, 0x83, 0xFB, 0x03, 0x0F, 0x85, 0x96, 0x07, 0x00, 0x00,
    0x4C, 0x8B, 0xC3, 0x48, 0x8D, 0x15, 0x72, 0x67, 0x00, 0x00, 0xE8, 0x93, 0x50, 0x00, 0x00, 0x0F, 0x1F, 0x44, 0x00, 0x00, 0x85, 0xC0, 0x0F, 0x85, 0x7A, 0x07,
    0x00, 0x00, 0x3E, 0x3E, 0x3E, 0x3E, 0x3E, 0x3E, 0x3E, 0x3E, 0x3E, 0x3E, 0x3E, 0x3E, 0x8D, 0x47, 0x01, 0x89, 0x84, 0x24, 0xB0, 0x00, 0x00, 0x00, 0x8B, 0xF8,
    0x3B, 0x84, 0x24, 0x08, 0x02, 0x00, 0x00, 0x0F, 0x8D, 0x57, 0x07, 0x00, 0x00, 0x48, 0x8B, 0x94, 0x24, 0x10, 0x02, 0x00, 0x00, 0x48, 0x8B, 0x54, 0xF2, 0x08,
    0x0F, 0x57, 0xC0, 0x0F, 0x11, 0x44, 0x24, 0x50, 0x4C, 0x89, 0x64, 0x24, 0x60, 0x4C, 0x89, 0x64, 0x24, 0x68, 0x49, 0xC7, 0xC0, 0xFF, 0xFF, 0xFF, 0xFF, 0x49,
    0xFF, 0xC0, 0x42, 0x80, 0x3C, 0x02, 0x00, 0x75, 0xF6, 0x48, 0x8D, 0x4C, 0x24, 0x50, 0xE8, 0xD9, 0x31, 0x00, 0x00, 0x90, 0x48, 0x8D, 0x7C, 0x24, 0x50, 0x4C,
    0x8B, 0x44, 0x24, 0x50, 0x48, 0x8B, 0x54, 0x24, 0x68, 0x48, 0x83, 0xFA, 0x0F, 0x49, 0x0F, 0x47, 0xF8, 0x48, 0x03, 0x7C, 0x24, 0x60, 0x48, 0x8D, 0x5C, 0x24,
    0x50, 0x48, 0x83, 0xFA, 0x0F, 0x49, 0x0F, 0x47, 0xD8, 0x48, 0x03, 0x5C, 0x24, 0x60, 0x48, 0x8D, 0x4C, 0x24, 0x50, 0x48, 0x83, 0xFA, 0x0F, 0x49, 0x0F, 0x47,
    0xC8, 0x41, 0xB0, 0x20, 0x48, 0x8B, 0xD3, 0xE8, 0x82, 0x4C, 0x00, 0x00, 0x4C, 0x8B, 0xC0, 0x48, 0x3B, 0xC3, 0x74, 0x1F, 0x48, 0x8D, 0x48, 0x01, 0x48, 0x3B,
    0xCB, 0x74, 0x16, 0x90, 0x0F, 0xB6, 0x01, 0x3C, 0x20, 0x74, 0x06, 0x41, 0x88, 0x00, 0x49, 0xFF, 0xC0, 0x48, 0xFF, 0xC1, 0x48, 0x3B, 0xCB, 0x75, 0xEB, 0x48,
    0x8D, 0x44, 0x24, 0x50, 0x48, 0x83, 0x7C, 0x24, 0x68, 0x0F, 0x48, 0x0F, 0x47, 0x44, 0x24, 0x50, 0x4D, 0x8B, 0xC8, 0x4C, 0x2B, 0xC8, 0x49, 0x2B, 0xF8, 0x48,
    0x8B, 0x5C, 0x24, 0x60, 0x48, 0x8B, 0xC3, 0x49, 0x2B, 0xC1, 0x48, 0x3B, 0xC7, 0x48, 0x0F, 0x42, 0xF8, 0x48, 0x8D, 0x4C, 0x24, 0x50, 0x48, 0x83, 0x7C, 0x24,
    0x68, 0x0F, 0x48, 0x0F, 0x47, 0x4C, 0x24, 0x50, 0x49, 0x03, 0xC9, 0x48, 0x2B, 0xDF, 0x4C, 0x8B, 0xC3, 0x4D, 0x2B, 0xC1, 0x49, 0xFF, 0xC0, 0x48, 0x8D, 0x14,
    0x39, 0xE8, 0x6A, 0x4F, 0x00, 0x00, 0x48, 0x89, 0x5C, 0x24, 0x60, 0x48, 0x8D, 0x05, 0xBA, 0x68, 0x00, 0x00, 0x48, 0x89, 0x84, 0x24, 0xD0, 0x00, 0x00, 0x00,
    0x48, 0x8D, 0x8C, 0x24, 0x60, 0x01, 0x00, 0x00, 0xFF, 0x15, 0x14, 0x61, 0x00, 0x00, 0x90, 0x41, 0x83, 0xCD, 0x04, 0x44, 0x89, 0x6C, 0x24, 0x40, 0x45, 0x33,
    0xC9, 0x45, 0x33, 0xC0, 0x48, 0x8D, 0x94, 0x24, 0xE0, 0x00, 0x00, 0x00, 0x48, 0x8D, 0x8C, 0x24, 0xD0, 0x00, 0x00, 0x00, 0xFF, 0x15, 0xFE, 0x60, 0x00, 0x00,
    0x3E, 0x90, 0x48, 0x8B, 0x84, 0x24, 0xD0, 0x00, 0x00, 0x00, 0x48, 0x63, 0x48, 0x04, 0x48, 0x8D, 0x35, 0x71, 0x68, 0x00, 0x00, 0x48, 0x89, 0xB4, 0x0C, 0xD0,
    0x00, 0x00, 0x00, 0x48, 0x8B, 0x84, 0x24, 0xD0, 0x00, 0x00, 0x00, 0x48, 0x63, 0x48, 0x04, 0x8D, 0x91, 0x70, 0xFF, 0xFF, 0xFF, 0x89, 0x94, 0x0C, 0xCC, 0x00,
    0x00, 0x00, 0x48, 0x8D, 0x84, 0x24, 0xE0, 0x00, 0x00, 0x00, 0x48, 0x89, 0x84, 0x24, 0x18, 0x02, 0x00, 0x00, 0x48, 0x8D, 0x8C, 0x24, 0xE0, 0x00, 0x00, 0x00,
    0xFF, 0x15, 0x62, 0x60, 0x00, 0x00, 0x90, 0x48, 0x8D, 0x05, 0xAA, 0x67, 0x00, 0x00, 0x48, 0x89, 0x84, 0x24, 0xE0, 0x00, 0x00, 0x00, 0x48, 0x8D, 0x54, 0x24,
    0x50, 0x48, 0x83, 0x7C, 0x24, 0x68, 0x0F, 0x48, 0x0F, 0x47, 0x54, 0x24, 0x50, 0x41, 0xB9, 0x02, 0x00, 0x00, 0x00, 0x4C, 0x8B, 0x44, 0x24, 0x60, 0x48, 0x8D,
    0x8C, 0x24, 0xE0, 0x00, 0x00, 0x00, 0xE8, 0x41, 0x23, 0x00, 0x00, 0x90, 0x0F, 0x57, 0xC0, 0x0F, 0x11, 0x44, 0x24, 0x20, 0x4C, 0x89, 0x64, 0x24, 0x30, 0x48,
    0xC7, 0x44, 0x24, 0x38, 0x0F, 0x00, 0x00, 0x00, 0xC6, 0x44, 0x24, 0x20, 0x00, 0x0F, 0x1F, 0x44, 0x00, 0x00, 0x48, 0x8D, 0x54, 0x24, 0x20, 0x48, 0x8D, 0x8C,
    0x24, 0xD0, 0x00, 0x00, 0x00, 0xE8, 0xEE, 0x32, 0x00, 0x00, 0x3E, 0x3E, 0x3E, 0x3E, 0x48, 0x8B, 0x08, 0x48, 0x63, 0x49, 0x04, 0x48, 0x03, 0xC8, 0xFF, 0x15,
    0xB2, 0x60, 0x00, 0x00, 0x84, 0xC0, 0x0F, 0x84, 0x3D, 0x04, 0x00, 0x00, 0x48, 0x8D, 0x7C, 0x24, 0x20, 0x48, 0x8B, 0x4C, 0x24, 0x20, 0x48, 0x8B, 0x54, 0x24,
    0x38, 0x48, 0x83, 0xFA, 0x0F, 0x48, 0x0F, 0x47, 0xF9, 0x48, 0x8D, 0x5C, 0x24, 0x20, 0x48, 0x0F, 0x47, 0xD9, 0x4C, 0x8B, 0x44, 0x24, 0x30, 0x49, 0x03, 0xD8,
    0x48, 0x3B, 0xFB, 0x74, 0x29, 0x0F, 0x1F, 0x44, 0x00, 0x00, 0x0F, 0xB6, 0x0F, 0xFF, 0x15, 0x9F, 0x62, 0x00, 0x00, 0x85, 0xC0, 0x74, 0x08, 0x48, 0xFF, 0xC7,
    0x48, 0x3B, 0xFB, 0x75, 0xEB, 0x48, 0x8B, 0x54, 0x24, 0x38, 0x4C, 0x8B, 0x44, 0x24, 0x30, 0x48, 0x8B, 0x4C, 0x24, 0x20, 0x3E, 0x3E, 0x3E, 0x4C, 0x8D, 0x74,
    0x24, 0x20, 0x48, 0x83, 0xFA, 0x0F, 0x4C, 0x0F, 0x47, 0xF1, 0x48, 0x8D, 0x5C, 0x24, 0x20, 0x48, 0x0F, 0x47, 0xD9, 0x49, 0x03, 0xD8, 0x49, 0x3B, 0xDE, 0x74,
    0x38, 0x66, 0x66, 0x66, 0x0F, 0x1F, 0x84, 0x00, 0x00, 0x00, 0x00, 0x00, 0x48, 0x8D, 0x73, 0xFF, 0x0F, 0xB6, 0x0E, 0xFF, 0x15, 0x4B, 0x62, 0x00, 0x00, 0x0F,
    0x1F, 0x00, 0x85, 0xC0, 0x74, 0x08, 0x48, 0x8B, 0xDE, 0x49, 0x3B, 0xF6, 0x75, 0xE4, 0x48, 0x8B, 0x54, 0x24, 0x38, 0x48, 0x8B, 0x4C, 0x24, 0x20, 0x48, 0x8D,
    0x35, 0xFB, 0x66, 0x00, 0x00, 0x0F, 0x57, 0xC0, 0x0F, 0x11, 0x84, 0x24, 0x90, 0x00, 0x00, 0x00, 0x4C, 0x89, 0xA4, 0x24, 0xA0, 0x00, 0x00, 0x00, 0x4C, 0x89,
    0xA4, 0x24, 0xA8, 0x00, 0x00, 0x00, 0x48, 0x3B, 0xFB, 0x75, 0x16, 0x48, 0xC7, 0x84, 0x24, 0xA8, 0x00, 0x00, 0x00, 0x0F, 0x00, 0x00, 0x00, 0xC6, 0x84, 0x24,
    0x90, 0x00, 0x00, 0x00, 0x00, 0xEB, 0x20, 0x48, 0x2B, 0xDF, 0x4C, 0x8B, 0xC3, 0x48, 0x8B, 0xD7, 0x48, 0x8D, 0x8C, 0x24, 0x90, 0x00, 0x00, 0x00, 0xE8, 0xF7,
    0x2E, 0x00, 0x00, 0x48, 0x8B, 0x54, 0x24, 0x38, 0x48, 0x8B, 0x4C, 0x24, 0x20, 0x3E, 0x3E, 0x3E, 0x3E, 0x41, 0x83, 0xCD, 0x02, 0x44, 0x89, 0x6C, 0x24, 0x40,
    0x48, 0x83, 0xFA, 0x0F, 0x76, 0x2D, 0x48, 0xFF, 0xC2, 0x48, 0x8B, 0xC1, 0x48, 0x81, 0xFA, 0x00, 0x10, 0x00, 0x00, 0x72, 0x19, 0x48, 0x83, 0xC2, 0x27, 0x48,
    0x8B, 0x49, 0xF8, 0x48, 0x2B, 0xC1, 0x48, 0x83, 0xC0, 0xF8, 0x48, 0x83, 0xF8, 0x1F, 0x0F, 0x87, 0x9F, 0x01, 0x00, 0x00, 0xE8, 0x6D, 0x3C, 0x00, 0x00, 0x0F,
    0x10, 0x84, 0x24, 0x90, 0x00, 0x00, 0x00, 0x0F, 0x11, 0x44, 0x24, 0x20, 0x0F, 0x10, 0x8C, 0x24, 0xA0, 0x00, 0x00, 0x00, 0x0F, 0x11, 0x4C, 0x24, 0x30, 0x48,
    0x8D, 0x7C, 0x24, 0x20, 0x66, 0x49, 0x0F, 0x7E, 0xC0, 0x66, 0x0F, 0x6F, 0xC1, 0x66, 0x0F, 0x73, 0xD8, 0x08, 0x66, 0x48, 0x0F, 0x7E, 0xC1, 0x48, 0x83, 0xF9,
    0x0F, 0x49, 0x0F, 0x47, 0xF8, 0x66, 0x48, 0x0F, 0x7E, 0xC8, 0x48, 0x03, 0xF8, 0x48, 0x8D, 0x5C, 0x24, 0x20, 0x48, 0x83, 0xF9, 0x0F, 0x49, 0x0F, 0x47, 0xD8,
    0x48, 0x3B, 0xDF, 0x74, 0x15, 0x0F, 0xB6, 0x0B, 0xFF, 0x15, 0x30, 0x61, 0x00, 0x00, 0x85, 0xC0, 0x74, 0x68, 0x48, 0xFF, 0xC3, 0x48, 0x3B, 0xDF, 0x75, 0xEB,
    0x0F, 0x1F, 0x40, 0x00, 0xFF, 0x15, 0xC2, 0x60, 0x00, 0x00, 0x48, 0x8B, 0xF0, 0x48, 0x8D, 0x5C, 0x24, 0x20, 0x48, 0x83, 0x7C, 0x24, 0x38, 0x0F, 0x48, 0x0F,
    0x47, 0x5C, 0x24, 0x20, 0x44, 0x89, 0x20, 0x41, 0xB8, 0x0A, 0x00, 0x00, 0x00, 0x48, 0x8D, 0x94, 0x24, 0xB8, 0x00, 0x00, 0x00, 0x48, 0x8B, 0xCB, 0xFF, 0x15,
    0x9C, 0x5F, 0x00, 0x00, 0x3E, 0x3E, 0x3E, 0x3E, 0x3E, 0x3E, 0x3E, 0x3E, 0x3E, 0x3E, 0x8B, 0xF8, 0x48, 0x3B, 0x9C, 0x24, 0xB8, 0x00, 0x00, 0x00, 0x0F, 0x85,
    0x71, 0x01, 0x00, 0x00, 0x48, 0x8D, 0x0D, 0xAB, 0x62, 0x00, 0x00, 0xFF, 0x15, 0xF5, 0x5E, 0x00, 0x00, 0x90, 0x3E, 0x3E, 0x4C, 0x8D, 0x4C, 0x24, 0x20, 0x48,
    0x83, 0x7C, 0x24, 0x38, 0x0F, 0x4C, 0x0F, 0x47, 0x4C, 0x24, 0x20, 0x4C, 0x03, 0x4C, 0x24, 0x30, 0x48, 0x8D, 0x54, 0x24, 0x20, 0x48, 0x83, 0x7C, 0x24, 0x38,
    0x0F, 0x48, 0x0F, 0x47, 0x54, 0x24, 0x20, 0x0F, 0x57, 0xC0, 0x0F, 0x11, 0x84, 0x24, 0x90, 0x00, 0x00, 0x00, 0x4C, 0x89, 0xA4, 0x24, 0xA0, 0x00, 0x00, 0x00,
    0x4C, 0x89, 0xA4, 0x24, 0xA8, 0x00, 0x00, 0x00, 0x49, 0x3B, 0xD1, 0x75, 0x1F, 0x4C, 0x89, 0xA4, 0x24, 0xA0, 0x00, 0x00, 0x00, 0x48, 0xC7, 0x84, 0x24, 0xA8,
    0x00, 0x00, 0x00, 0x07, 0x00, 0x00, 0x00, 0x66, 0x44, 0x89, 0xA4, 0x24, 0x90, 0x00, 0x00, 0x00, 0xEB, 0x11, 0x4C, 0x2B, 0xCA, 0x48, 0x8D, 0x8C, 0x24, 0x90,
    0x00, 0x00, 0x00, 0xE8, 0xCC, 0x33, 0x00, 0x00, 0x90, 0x3E, 0x3E, 0x3E, 0x48, 0x8D, 0x8C, 0x24, 0x90, 0x00, 0x00, 0x00, 0xE8, 0xFB, 0xF3, 0xFF, 0xFF, 0x8B,
    0xD8, 0x89, 0x84, 0x24, 0x18, 0x02, 0x00, 0x00, 0x48, 0x8B, 0x94, 0x24, 0xA8, 0x00, 0x00, 0x00, 0x48, 0x83, 0xFA, 0x07, 0x76, 0x3D, 0x48, 0x8D, 0x14, 0x55,
    0x02, 0x00, 0x00, 0x00, 0x48, 0x8B, 0x8C, 0x24, 0x90, 0x00, 0x00, 0x00, 0x48, 0x8B, 0xC1, 0x48, 0x81, 0xFA, 0x00, 0x10, 0x00, 0x00, 0x72, 0x1C, 0x48, 0x83,
    0xC2, 0x27, 0x48, 0x8B, 0x49, 0xF8, 0x48, 0x2B, 0xC1, 0x48, 0x83, 0xC0, 0xF8, 0x48, 0x83, 0xF8, 0x1F, 0x76, 0x07, 0xFF, 0x15, 0x7D, 0x5F, 0x00, 0x00, 0xCC,
    0xE8, 0xC7, 0x3A, 0x00, 0x00, 0x85, 0xDB, 0x75, 0x4A, 0x48, 0x8D, 0x15, 0x2C, 0x62, 0x00, 0x00, 0x48, 0x8B, 0x0D, 0x7D, 0x5C, 0x00, 0x00, 0xE8, 0xD0, 0x22,
    0x00, 0x00, 0x48, 0x8D, 0x54, 0x24, 0x20, 0x48, 0x83, 0x7C, 0x24, 0x38, 0x0F, 0x48, 0x0F, 0x47, 0x54, 0x24, 0x20, 0x4C, 0x8B, 0x44, 0x24, 0x30, 0x48, 0x8B,
    0xC8, 0xE8, 0x52, 0x31, 0x00, 0x00, 0x48, 0x8D, 0x15, 0xBF, 0x61, 0x00, 0x00, 0x48, 0x8B, 0xC8, 0xE8, 0xA3, 0x22, 0x00, 0x00, 0x4C, 0x8B, 0x74, 0x24, 0x48,
    0xE9, 0x99, 0xFC, 0xFF, 0xFF, 0x49, 0x8B, 0x57, 0x08, 0x49, 0x3B, 0x57, 0x10, 0x74, 0x14, 0x3E, 0x3E, 0x3E, 0x89, 0x1A, 0x49, 0x83, 0x47, 0x08, 0x04, 0x4C,
    0x8B, 0x74, 0x24, 0x48, 0xE9, 0x7B, 0xFC, 0xFF, 0xFF, 0x4C, 0x8D, 0x84, 0x24, 0x18, 0x02, 0x00, 0x00, 0x49, 0x8B, 0xCF, 0xE8, 0x0B, 0x36, 0x00, 0x00, 0x4C,
    0x8B, 0x74, 0x24, 0x48, 0xE9, 0x61, 0xFC, 0xFF, 0xFF, 0x83, 0x3E, 0x22, 0x75, 0x0D, 0x48, 0x8D, 0x0D, 0x4D, 0x61, 0x00, 0x00, 0xFF, 0x15, 0xEF, 0x5B, 0x00,
    0x00, 0x89, 0xBC, 0x24, 0x18, 0x02, 0x00, 0x00, 0x44, 0x8B, 0xC7, 0x33, 0xD2, 0xB9, 0x00, 0x10, 0x00, 0x00, 0xFF, 0x15, 0x60, 0x5B, 0x00, 0x00, 0x48, 0x85,
    0xC0, 0x75, 0x35, 0x48, 0x8D, 0x15, 0x7C, 0x61, 0x00, 0x00, 0x48, 0x8B, 0x0D, 0xCD, 0x5B, 0x00, 0x00, 0x0F, 0x1F, 0x44, 0x00, 0x00, 0xE8, 0x1B, 0x22, 0x00,
    0x00, 0x8B, 0xD7, 0x48, 0x8B, 0xC8, 0xFF, 0x15, 0xC0, 0x5C, 0x00, 0x00, 0x48, 0x8D, 0x15, 0x1D, 0x61, 0x00, 0x00, 0x48, 0x8B, 0xC8, 0xE8, 0x01, 0x22, 0x00,
    0x00, 0x90, 0xEB, 0x2D, 0x48, 0x8B, 0xC8, 0xFF, 0x15, 0xB5, 0x5A, 0x00, 0x00, 0x49, 0x8B, 0x57, 0x08, 0x49, 0x3B, 0x57, 0x10, 0x74, 0x09, 0x89, 0x3A, 0x49,
    0x83, 0x47, 0x08, 0x04, 0xEB, 0x11, 0x4C, 0x8D, 0x84, 0x24, 0x18, 0x02, 0x00, 0x00, 0x49, 0x8B, 0xCF, 0xE8, 0x72, 0x35, 0x00, 0x00, 0x90, 0x3E, 0x3E, 0x3E,
    0x3E, 0x3E, 0x4C, 0x8B, 0x74, 0x24, 0x48, 0x48, 0x8D, 0x35, 0x98, 0x63, 0x00, 0x00, 0xE9, 0xBB, 0xFB, 0xFF, 0xFF, 0x45, 0x33, 0xE4, 0x48, 0x8D, 0x35, 0x89,
    0x63, 0x00, 0x00, 0x4C, 0x8B, 0xBC, 0x24, 0x00, 0x02, 0x00, 0x00, 0x4C, 0x8B, 0x74, 0x24, 0x70, 0x4C, 0x89, 0x74, 0x24, 0x48, 0x44, 0x8B, 0x6C, 0x24, 0x40,
    0xE9, 0x95, 0xFB, 0xFF, 0xFF, 0x48, 0x8B, 0x54, 0x24, 0x38, 0x48, 0x83, 0xFA, 0x0F, 0x76, 0x36, 0x48, 0xFF, 0xC2, 0x48, 0x8B, 0x4C, 0x24, 0x20, 0x48, 0x8B,
    0xC1, 0x48, 0x81, 0xFA, 0x00, 0x10, 0x00, 0x00, 0x72, 0x1D, 0x48, 0x83, 0xC2, 0x27, 0x48, 0x8B, 0x49, 0xF8, 0x48, 0x2B, 0xC1, 0x48, 0x83, 0xC0, 0xF8, 0x48,
    0x83, 0xF8, 0x1F, 0x76, 0x08, 0x90, 0xFF, 0x15, 0xEA, 0x5D, 0x00, 0x00, 0xCC, 0xE8, 0x34, 0x39, 0x00, 0x00, 0x4C, 0x89, 0x64, 0x24, 0x30, 0x48, 0xC7, 0x44,
    0x24, 0x38, 0x0F, 0x00, 0x00, 0x00, 0xC6, 0x44, 0x24, 0x20, 0x00, 0x48, 0x8B, 0x84, 0x24, 0xD0, 0x00, 0x00, 0x00, 0x48, 0x63, 0x48, 0x04, 0x48, 0x89, 0xB4,
    0x0C, 0xD0, 0x00, 0x00, 0x00, 0x48, 0x8B, 0x84, 0x24, 0xD0, 0x00, 0x00, 0x00, 0x48, 0x63, 0x48, 0x04, 0x8D, 0x91, 0x70, 0xFF, 0xFF, 0xFF, 0x89, 0x94, 0x0C,
    0xCC, 0x00, 0x00, 0x00, 0x48, 0x8D, 0x8C, 0x24, 0xE0, 0x00, 0x00, 0x00, 0xE8, 0x27, 0x1A, 0x00, 0x00, 0x48, 0x8D, 0x8C, 0x24, 0xE8, 0x00, 0x00, 0x00, 0xFF,
    0x15, 0xB9, 0x5B, 0x00, 0x00, 0x48, 0x8D, 0x8C, 0x24, 0x60, 0x01, 0x00, 0x00, 0xFF, 0x15, 0x93, 0x5B, 0x00, 0x00, 0x90, 0x8B, 0x9C, 0x24, 0xB0, 0x00, 0x00,
    0x00, 0x8B, 0xFB, 0x48, 0x8B, 0x54, 0x24, 0x68, 0x48, 0x83, 0xFA, 0x0F, 0x76, 0x3A, 0x48, 0xFF, 0xC2, 0x48, 0x8B, 0x4C, 0x24, 0x50, 0x48, 0x8B, 0xC1, 0x48,
    0x81, 0xFA, 0x00, 0x10, 0x00, 0x00, 0x72, 0x1C, 0x48, 0x83, 0xC2, 0x27, 0x48, 0x8B, 0x49, 0xF8, 0x48, 0x2B, 0xC1, 0x48, 0x83, 0xC0, 0xF8, 0x48, 0x83, 0xF8,
    0x1F, 0x76, 0x07, 0xFF, 0x15, 0x37, 0x5D, 0x00, 0x00, 0xCC, 0xE8, 0x81, 0x38, 0x00, 0x00, 0x90, 0xEB, 0x02, 0xFF, 0xC7, 0x48, 0x8B, 0x84, 0x24, 0x88, 0x00,
    0x00, 0x00, 0x48, 0x83, 0xF8, 0x0F, 0x76, 0x3D, 0x3E, 0x3E, 0x3E, 0x3E, 0x3E, 0x3E, 0x3E, 0x48, 0x8D, 0x50, 0x01, 0x49, 0x8B, 0xC6, 0x48, 0x81, 0xFA, 0x00,
    0x10, 0x00, 0x00, 0x72, 0x1E, 0x48, 0x83, 0xC2, 0x27, 0x4D, 0x8B, 0x76, 0xF8, 0x49, 0x2B, 0xC6, 0x48, 0x83, 0xC0, 0xF8, 0x48, 0x83, 0xF8, 0x1F, 0x76, 0x09,
    0x66, 0x90, 0xFF, 0x15, 0xEA, 0x5C, 0x00, 0x00, 0xCC, 0x49, 0x8B, 0xCE, 0xE8, 0x31, 0x38, 0x00, 0x00, 0x3E, 0x3E, 0x8B, 0x84, 0x24, 0x08, 0x02, 0x00, 0x00,
    0x4C, 0x8B, 0x84, 0x24, 0x10, 0x02, 0x00, 0x00, 0xE9, 0xA1, 0xF6, 0xFF, 0xFF, 0x49, 0x8B, 0xC7, 0x48, 0x81, 0xC4, 0xC0, 0x01, 0x00, 0x00, 0x41, 0x5F, 0x41,
    0x5E, 0x41, 0x5D, 0x41, 0x5C, 0x5F, 0x5E, 0x5B, 0xC3, 0xCC, 0xCC, 0xCC, 0xCC, 0xCC, 0x3E, 0x3E, 0x3E, 0x40, 0x53, 0x48, 0x83, 0xEC, 0x20, 0x48, 0x8B, 0x01,
    0x48, 0x8D, 0x99, 0x90, 0x00, 0x00, 0x00, 0x48, 0x63, 0x50, 0x04, 0x48, 0x8D, 0x05, 0xDA, 0x61, 0x00, 0x00, 0x48, 0x89, 0x84, 0x1A, 0x70, 0xFF, 0xFF, 0xFF,
    0x48, 0x8B, 0x01, 0x48, 0x8D, 0x4B, 0x80, 0x48, 0x63, 0x50, 0x04, 0x44, 0x8D, 0x82, 0x70, 0xFF, 0xFF, 0xFF, 0x44, 0x89, 0x84, 0x1A, 0x6C, 0xFF, 0xFF, 0xFF,
    0xE8, 0xFB, 0x18, 0x00, 0x00, 0x48, 0x8D, 0x4B, 0x88, 0xFF, 0x15, 0x91, 0x5A, 0x00, 0x00, 0x48, 0x8B, 0xCB, 0x48, 0x83, 0xC4, 0x20, 0x5B, 0x48, 0xFF, 0x25,
    0x6A, 0x5A, 0x00, 0x00, 0xCC, 0xCC, 0x36, 0x36, 0x36, 0x36, 0x4C, 0x89, 0x44, 0x24, 0x18, 0x89, 0x54, 0x24, 0x10, 0x48, 0x89, 0x4C, 0x24, 0x08, 0x55, 0x53,
    0x56, 0x57, 0x41, 0x54, 0x41, 0x55, 0x41, 0x56, 0x41, 0x57, 0x48, 0x8D, 0xAC, 0x24, 0x78, 0xFE, 0xFF, 0xFF, 0x48, 0x81, 0xEC, 0x88, 0x02, 0x00, 0x00, 0x4D,
    0x8B, 0xE0, 0x4C, 0x63, 0xEA, 0x4C, 0x8B, 0xF9, 0x48, 0x89, 0x4D, 0x10, 0x33, 0xC0, 0x89, 0x44, 0x24, 0x30, 0x48, 0x89, 0x01, 0x48, 0x89, 0x41, 0x08, 0x48,
    0x89, 0x41, 0x10, 0x41, 0xBE, 0x01, 0x00, 0x00, 0x00, 0x44, 0x89, 0x74, 0x24, 0x30, 0x41, 0x8B, 0xF6, 0x44, 0x89, 0xB5, 0xE8, 0x01, 0x00, 0x00, 0x45, 0x3B,
    0xEE, 0x0F, 0x8E, 0x4C, 0x09, 0x00, 0x00, 0x49, 0x8B, 0xDD, 0x48, 0x89, 0x5D, 0xD0, 0x8B, 0xFE, 0x48, 0x89, 0x75, 0xD8, 0x66, 0x66, 0x0F, 0x1F, 0x84, 0x00,
    0x00, 0x00, 0x00, 0x00, 0x49, 0x8B, 0x14, 0xFC, 0x0F, 0x57, 0xC0, 0x0F, 0x11, 0x45, 0x18, 0x48, 0x89, 0x45, 0x28, 0x48, 0x89, 0x45, 0x30, 0x49, 0xC7, 0xC0,
    0xFF, 0xFF, 0xFF, 0xFF, 0x66, 0x0F, 0x1F, 0x44, 0x00, 0x00, 0x49, 0xFF, 0xC0, 0x42, 0x80, 0x3C, 0x02, 0x00, 0x75, 0xF6, 0x48, 0x8D, 0x4D, 0x18, 0xE8, 0x2D,
    0x29, 0x00, 0x00, 0x90, 0x48, 0x8D, 0x4D, 0x18, 0x4C, 0x8B, 0x4D, 0x18, 0x4C, 0x89, 0x4D, 0x80, 0x4C, 0x8B, 0x45, 0x30, 0x4C, 0x89, 0x45, 0x08, 0x49, 0x83,
    0xF8, 0x0F, 0x49, 0x0F, 0x47, 0xC9, 0x4C, 0x8B, 0x45, 0x28, 0x49, 0x83, 0xF8, 0x06, 0x0F, 0x85, 0x4C, 0x08, 0x00, 0x00, 0x48, 0x8D, 0x15, 0x67, 0x5E, 0x00,
    0x00, 0xE8, 0x44, 0x47, 0x00, 0x00, 0x85, 0xC0, 0x0F, 0x85, 0x34, 0x08, 0x00, 0x00, 0x8D, 0x46, 0x01, 0x41, 0x3B, 0xC5, 0x0F, 0x8D, 0x28, 0x08, 0x00, 0x00,
    0x0F, 0x57, 0xC0, 0x0F, 0x11, 0x44, 0x24, 0x60, 0x33, 0xC9, 0x48, 0x89, 0x4C, 0x24, 0x70, 0x41, 0xBD, 0x0F, 0x00, 0x00, 0x00, 0x41, 0x8B, 0xD5, 0x48, 0x89,
    0x54, 0x24, 0x78, 0x88, 0x4C, 0x24, 0x60, 0x48, 0x8D, 0x77, 0x01, 0x48, 0x3B, 0xF3, 0x0F, 0x8D, 0xDA, 0x00, 0x00, 0x00, 0x0F, 0x1F, 0x40, 0x00, 0x4D, 0x8B,
    0x0C, 0xF4, 0x48, 0xC7, 0xC7, 0xFF, 0xFF, 0xFF, 0xFF, 0x0F, 0x1F, 0x44, 0x00, 0x00, 0x48, 0xFF, 0xC7, 0x41, 0x80, 0x3C, 0x39, 0x00, 0x75, 0xF6, 0x48, 0x8B,
    0xC2, 0x48, 0x2B, 0xC1, 0x48, 0x3B, 0xF8, 0x77, 0x33, 0x48, 0x8D, 0x04, 0x39, 0x48, 0x89, 0x44, 0x24, 0x70, 0x48, 0x8D, 0x5C, 0x24, 0x60, 0x48, 0x83, 0xFA,
    0x0F, 0x48, 0x0F, 0x47, 0x5C, 0x24, 0x60, 0x48, 0x03, 0xD9, 0x4C, 0x8B, 0xC7, 0x49, 0x8B, 0xD1, 0x48, 0x8B, 0xCB, 0xE8, 0xB6, 0x46, 0x00, 0x00, 0xC6, 0x04,
    0x3B, 0x00, 0x48, 0x8B, 0x5D, 0xD0, 0xEB, 0x12, 0x48, 0x89, 0x7C, 0x24, 0x20, 0x48, 0x8B, 0xD7, 0x48, 0x8D, 0x4C, 0x24, 0x60, 0xE8, 0x66, 0x29, 0x00, 0x00,
    0x48, 0x8B, 0x4C, 0x24, 0x70, 0x48, 0x8B, 0x54, 0x24, 0x78, 0x48, 0x8B, 0xC2, 0x48, 0x2B, 0xC1, 0x48, 0x83, 0xF8, 0x01, 0x72, 0x20, 0x48, 0x8D, 0x41, 0x01,
    0x48, 0x89, 0x44, 0x24, 0x70, 0x48, 0x8D, 0x44, 0x24, 0x60, 0x48, 0x83, 0xFA, 0x0F, 0x48, 0x0F, 0x47, 0x44, 0x24, 0x60, 0x66, 0xC7, 0x04, 0x08, 0x20, 0x00,
    0xEB, 0x1F, 0x48, 0xC7, 0x44, 0x24, 0x20, 0x01, 0x00, 0x00, 0x00, 0x4C, 0x8D, 0x0D, 0x74, 0x5D, 0x00, 0x00, 0xBA, 0x01, 0x00, 0x00, 0x00, 0x48, 0x8D, 0x4C,
    0x24, 0x60, 0xE8, 0x11, 0x29, 0x00, 0x00, 0x48, 0xFF, 0xC6, 0x48, 0x3B, 0xF3, 0x7D, 0x0F, 0x48, 0x8B, 0x54, 0x24, 0x78, 0x48, 0x8B, 0x4C, 0x24, 0x70, 0xE9,
    0x2A, 0xFF, 0xFF, 0xFF, 0x48, 0x8D, 0x05, 0x83, 0x5F, 0x00, 0x00, 0x3E, 0x3E, 0x3E, 0x3E, 0x3E, 0x48, 0x89, 0x85, 0x90, 0x00, 0x00, 0x00, 0x48, 0x8D, 0x8D,
    0x20, 0x01, 0x00, 0x00, 0xFF, 0x15, 0xDA, 0x57, 0x00, 0x00, 0x90, 0x41, 0x83, 0xCE, 0x02, 0x44, 0x89, 0x74, 0x24, 0x30, 0x45, 0x33, 0xC9, 0x45, 0x33, 0xC0,
    0x48, 0x8D, 0x95, 0xA0, 0x00, 0x00, 0x00, 0x48, 0x8D, 0x8D, 0x90, 0x00, 0x00, 0x00, 0xFF, 0x15, 0xC6, 0x57, 0x00, 0x00, 0x90, 0x48, 0x8B, 0x85, 0x90, 0x00,
    0x00, 0x00, 0x48, 0x63, 0x48, 0x04, 0x48, 0x8D, 0x05, 0x3B, 0x5F, 0x00, 0x00, 0x48, 0x89, 0x84, 0x0D, 0x90, 0x00, 0x00, 0x00, 0x48, 0x8B, 0x85, 0x90, 0x00,
    0x00, 0x00, 0x48, 0x63, 0x48, 0x04, 0x8D, 0x91, 0x70, 0xFF, 0xFF, 0xFF, 0x89, 0x94, 0x0D, 0x8C, 0x00, 0x00, 0x00, 0x48, 0x8D, 0x85, 0xA0, 0x00, 0x00, 0x00,
    0x48, 0x89, 0x45, 0x00, 0x48, 0x8D, 0x8D, 0xA0, 0x00, 0x00, 0x00, 0xFF, 0x15, 0x33, 0x57, 0x00, 0x00, 0x90, 0x48, 0x8D, 0x05, 0x7B, 0x5E, 0x00, 0x00, 0x48,
    0x89, 0x85, 0xA0, 0x00, 0x00, 0x00, 0x48, 0x8D, 0x54, 0x24, 0x60, 0x48, 0x83, 0x7C, 0x24, 0x78, 0x0F, 0x48, 0x0F, 0x47, 0x54, 0x24, 0x60, 0x41, 0xB9, 0x02,
    0x00, 0x00, 0x00, 0x4C, 0x8B, 0x44, 0x24, 0x70, 0x48, 0x8D, 0x8D, 0xA0, 0x00, 0x00, 0x00, 0xE8, 0x14, 0x1A, 0x00, 0x00, 0x90, 0x0F, 0x57, 0xC0, 0x0F, 0x11,
    0x45, 0x68, 0x33, 0xF6, 0x48, 0x89, 0x75, 0x78, 0x4C, 0x89, 0xAD, 0x80, 0x00, 0x00, 0x00, 0x40, 0x88, 0x75, 0x68, 0x0F, 0x11, 0x45, 0x38, 0x48, 0x89, 0x75,
    0x48, 0x4D, 0x8B, 0xCD, 0x4C, 0x89, 0x6D, 0x50, 0x40, 0x88, 0x75, 0x38, 0x41, 0x83, 0xCE, 0x08, 0x44, 0x89, 0x74, 0x24, 0x30, 0x33, 0xC0, 0x0F, 0x11, 0x44,
    0x24, 0x38, 0x48, 0x89, 0x44, 0x24, 0x48, 0x44, 0x8B, 0x95, 0x10, 0x01, 0x00, 0x00, 0x41, 0x8B, 0xC2, 0x24, 0x22, 0x3C, 0x02, 0x74, 0x2D, 0x48, 0x8B, 0x85,
    0xE0, 0x00, 0x00, 0x00, 0x4C, 0x8B, 0x00, 0x4D, 0x85, 0xC0, 0x74, 0x1E, 0x48, 0x8B, 0x85, 0xC0, 0x00, 0x00, 0x00, 0x48, 0x8B, 0x10, 0x4C, 0x3B, 0x85, 0x08,
    0x01, 0x00, 0x00, 0x4C, 0x0F, 0x42, 0x85, 0x08, 0x01, 0x00, 0x00, 0x4C, 0x2B, 0xC2, 0xEB, 0x3B, 0x41, 0xF6, 0xC2, 0x04, 0x75, 0x2B, 0x48, 0x8B, 0x85, 0xD8,
    0x00, 0x00, 0x00, 0x48, 0x8B, 0x08, 0x48, 0x85, 0xC9, 0x74, 0x1C, 0x48, 0x8B, 0x85, 0xB8, 0x00, 0x00, 0x00, 0x48, 0x8B, 0x10, 0x48, 0x8B, 0x85, 0xF0, 0x00,
    0x00, 0x00, 0x4C, 0x63, 0x00, 0x4C, 0x2B, 0xC2, 0x4C, 0x03, 0xC1, 0xEB, 0x0A, 0x4C, 0x8B, 0x44, 0x24, 0x40, 0x48, 0x8B, 0x54, 0x24, 0x38, 0x48, 0x85, 0xD2,
    0x74, 0x14, 0x48, 0x8D, 0x4D, 0x38, 0xE8, 0xAD, 0x1A, 0x00, 0x00, 0x44, 0x8B, 0x95, 0x10, 0x01, 0x00, 0x00, 0x4C, 0x8B, 0x4D, 0x50, 0x3E, 0x3E, 0x41, 0x83,
    0xE6, 0xF7, 0x41, 0x83, 0xCE, 0x04, 0x48, 0x8D, 0x45, 0x38, 0x48, 0x8B, 0x4D, 0x38, 0x49, 0x83, 0xF9, 0x0F, 0x48, 0x0F, 0x47, 0xC1, 0x0F, 0xB6, 0x18, 0xFF,
    0xCB, 0x89, 0x5D, 0x00, 0x49, 0x83, 0xF9, 0x0F, 0x76, 0x35, 0x49, 0x8D, 0x51, 0x01, 0x48, 0x8B, 0xC1, 0x48, 0x81, 0xFA, 0x00, 0x10, 0x00, 0x00, 0x72, 0x19,
    0x48, 0x83, 0xC2, 0x27, 0x48, 0x8B, 0x49, 0xF8, 0x48, 0x2B, 0xC1, 0x48, 0x83, 0xC0, 0xF8, 0x48, 0x83, 0xF8, 0x1F, 0x0F, 0x87, 0xAB, 0x05, 0x00, 0x00, 0xE8,
    0xAC, 0x33, 0x00, 0x00, 0x44, 0x8B, 0x95, 0x10, 0x01, 0x00, 0x00, 0xBF, 0x01, 0x00, 0x00, 0x00, 0x0F, 0x57, 0xC0, 0x0F, 0x11, 0x45, 0xE0, 0x48, 0x8B, 0xCE,
    0x48, 0x89, 0x4D, 0xF0, 0x4D, 0x8B, 0xCD, 0x4C, 0x89, 0x6D, 0xF8, 0x88, 0x4D, 0xE0, 0x41, 0x83, 0xCE, 0x20, 0x44, 0x89, 0x74, 0x24, 0x30, 0x33, 0xC0, 0x0F,
    0x11, 0x44, 0x24, 0x38, 0x48, 0x89, 0x44, 0x24, 0x48, 0x41, 0x8B, 0xC2, 0x24, 0x22, 0x3C, 0x02, 0x74, 0x2D, 0x48, 0x8B, 0x85, 0xE0, 0x00, 0x00, 0x00, 0x4C,
    0x8B, 0x00, 0x4D, 0x85, 0xC0, 0x74, 0x1E, 0x48, 0x8B, 0x85, 0xC0, 0x00, 0x00, 0x00, 0x48, 0x8B, 0x10, 0x4C, 0x3B, 0x85, 0x08, 0x01, 0x00, 0x00, 0x4C, 0x0F,
    0x42, 0x85, 0x08, 0x01, 0x00, 0x00, 0x4C, 0x2B, 0xC2, 0xEB, 0x3B, 0x41, 0xF6, 0xC2, 0x04, 0x75, 0x2B, 0x48, 0x8B, 0x85, 0xD8, 0x00, 0x00, 0x00, 0x4C, 0x8B,
    0x10, 0x4D, 0x85, 0xD2, 0x74, 0x1C, 0x48, 0x8B, 0x85, 0xB8, 0x00, 0x00, 0x00, 0x48, 0x8B, 0x10, 0x48, 0x8B, 0x85, 0xF0, 0x00, 0x00, 0x00, 0x4C, 0x63, 0x00,
    0x4C, 0x2B, 0xC2, 0x4D, 0x03, 0xC2, 0xEB, 0x0A, 0x4C, 0x8B, 0x44, 0x24, 0x40, 0x48, 0x8B, 0x54, 0x24, 0x38, 0x66, 0x90, 0x48, 0x85, 0xD2, 0x74, 0x11, 0x48,
    0x8D, 0x4D, 0xE0, 0xE8, 0x92, 0x19, 0x00, 0x00, 0x4C, 0x8B, 0x4D, 0xF8, 0x48, 0x8B, 0x4D, 0xF0, 0x41, 0x83, 0xE6, 0xDF, 0x41, 0x83, 0xCE, 0x10, 0x44, 0x89,
    0x74, 0x24, 0x30, 0x44, 0x8B, 0xEE, 0x89, 0x74, 0x24, 0x58, 0x85, 0xDB, 0x0F, 0x8E, 0x6A, 0x03, 0x00, 0x00, 0x48, 0x63, 0xD7, 0x48, 0x3B, 0xD1, 0x0F, 0x83,
    0x57, 0x03, 0x00, 0x00, 0x48, 0x8D, 0x45, 0xE0, 0x49, 0x83, 0xF9, 0x0F, 0x48, 0x0F, 0x47, 0x45, 0xE0, 0x48, 0x03, 0xD0, 0x44, 0x0F, 0xB6, 0x02, 0x41, 0x8D,
    0x40, 0xFF, 0x85, 0xC0, 0x0F, 0x8E, 0x37, 0x03, 0x00, 0x00, 0x8D, 0x1C, 0x38, 0x48, 0x63, 0xC3, 0x48, 0x3B, 0xC1, 0x0F, 0x83, 0x28, 0x03, 0x00, 0x00, 0x0F,
    0x57, 0xC0, 0x0F, 0x11, 0x45, 0xA8, 0x48, 0x89, 0x75, 0xB8, 0x48, 0x89, 0x75, 0xC0, 0x49, 0xFF, 0xC8, 0x48, 0xFF, 0xC2, 0x48, 0x8D, 0x4D, 0xA8, 0xE8, 0xB5,
    0x24, 0x00, 0x00, 0x90, 0x8D, 0x7B, 0x01, 0x89, 0x7D, 0xC8, 0x0F, 0x57, 0xC0, 0x0F, 0x11, 0x44, 0x24, 0x38, 0x48, 0x8B, 0xDE, 0x48, 0x89, 0x5C, 0x24, 0x48,
    0xBE, 0x0F, 0x00, 0x00, 0x00, 0x48, 0x89, 0x74, 0x24, 0x50, 0xC6, 0x44, 0x24, 0x38, 0x00, 0x41, 0x83, 0xCE, 0x40, 0x44, 0x89, 0x75, 0xCC, 0x44, 0x89, 0x74,
    0x24, 0x30, 0x4C, 0x8D, 0x7D, 0xA8, 0x4C, 0x8B, 0x45, 0xA8, 0x48, 0x8B, 0x55, 0xC0, 0x48, 0x3B, 0xD6, 0x4D, 0x0F, 0x47, 0xF8, 0x48, 0x8D, 0x4D, 0xA8, 0x49,
    0x0F, 0x47, 0xC8, 0x4C, 0x8B, 0x65, 0xB8, 0x4C, 0x03, 0xE1, 0x4D, 0x3B, 0xFC, 0x0F, 0x84, 0xE6, 0x00, 0x00, 0x00, 0x41, 0xBD, 0x41, 0x00, 0x00, 0x00, 0x90,
    0x3E, 0x3E, 0x3E, 0x3E, 0x3E, 0x3E, 0x45, 0x0F, 0xBE, 0x37, 0x41, 0x8B, 0xFE, 0x41, 0x8B, 0xCE, 0xFF, 0x15, 0x12, 0x57, 0x00, 0x00, 0x85, 0xC0, 0x74, 0x65,
    0x41, 0x8B, 0xCE, 0xFF, 0x15, 0x1D, 0x57, 0x00, 0x00, 0xB9, 0x61, 0x00, 0x00, 0x00, 0x85, 0xC0, 0x41, 0x0F, 0x45, 0xCD, 0x44, 0x0F, 0xB6, 0xC1, 0x41, 0x2B,
    0xF8, 0x83, 0xC7, 0x17, 0xB8, 0x4F, 0xEC, 0xC4, 0x4E, 0xF7, 0xEF, 0xC1, 0xFA, 0x03, 0x8B, 0xC2, 0xC1, 0xE8, 0x1F, 0x03, 0xD0, 0x6B, 0xC2, 0x1A, 0x2B, 0xF8,
    0x41, 0x02, 0xF8, 0x48, 0x3B, 0xDE, 0x73, 0x23, 0x48, 0x8D, 0x43, 0x01, 0x48, 0x89, 0x44, 0x24, 0x48, 0x48, 0x8D, 0x44, 0x24, 0x38, 0x48, 0x83, 0xFE, 0x0F,
    0x48, 0x0F, 0x47, 0x44, 0x24, 0x38, 0x40, 0x88, 0x3C, 0x18, 0xC6, 0x44, 0x18, 0x01, 0x00, 0xEB, 0x3C, 0x44, 0x0F, 0xB6, 0xCF, 0xEB, 0x2C, 0x48, 0x3B, 0xDE,
    0x73, 0x23, 0x48, 0x8D, 0x43, 0x01, 0x48, 0x89, 0x44, 0x24, 0x48, 0x48, 0x8D, 0x44, 0x24, 0x38, 0x48, 0x83, 0xFE, 0x0F, 0x48, 0x0F, 0x47, 0x44, 0x24, 0x38,
    0x44, 0x88, 0x34, 0x18, 0xC6, 0x44, 0x18, 0x01, 0x00, 0xEB, 0x0E, 0x45, 0x0F, 0xB6, 0xCE, 0x48, 0x8D, 0x4C, 0x24, 0x38, 0xE8, 0x1B, 0x22, 0x00, 0x00, 0x49,
    0xFF, 0xC7, 0x48, 0x8B, 0x74, 0x24, 0x50, 0x48, 0x8B, 0x5C, 0x24, 0x48, 0x4D, 0x3B, 0xFC, 0x0F, 0x85, 0x35, 0xFF, 0xFF, 0xFF, 0x48, 0x8B, 0x55, 0xC0, 0x4C,
    0x8B, 0x45, 0xA8, 0x44, 0x8B, 0x6C, 0x24, 0x58, 0x8B, 0x7D, 0xC8, 0x44, 0x8B, 0x75, 0xCC, 0x48, 0x83, 0xFA, 0x0F, 0x76, 0x3D, 0x3E, 0x3E, 0x3E, 0x3E, 0x3E,
    0x48, 0xFF, 0xC2, 0x49, 0x8B, 0xC0, 0x48, 0x81, 0xFA, 0x00, 0x10, 0x00, 0x00, 0x72, 0x21, 0x3E, 0x3E, 0x3E, 0x3E, 0x3E, 0x3E, 0x3E, 0x3E, 0x48, 0x83, 0xC2,
    0x27, 0x4D, 0x8B, 0x40, 0xF8, 0x49, 0x2B, 0xC0, 0x48, 0x83, 0xC0, 0xF8, 0x48, 0x83, 0xF8, 0x1F, 0x0F, 0x87, 0xDB, 0x02, 0x00, 0x00, 0x49, 0x8B, 0xC8, 0xE8,
    0xEE, 0x30, 0x00, 0x00, 0x3E, 0x3E, 0x0F, 0x10, 0x4C, 0x24, 0x38, 0x0F, 0x11, 0x4D, 0xA8, 0x0F, 0x10, 0x44, 0x24, 0x48, 0x0F, 0x11, 0x45, 0xB8, 0x41, 0x83,
    0xE6, 0xBF, 0x44, 0x89, 0x74, 0x24, 0x30, 0x4C, 0x8D, 0x4D, 0xA8, 0x66, 0x48, 0x0F, 0x7E, 0xC9, 0x48, 0x83, 0xFE, 0x0F, 0x4C, 0x0F, 0x47, 0xC9, 0x4C, 0x03,
    0xCB, 0x48, 0x8D, 0x55, 0xA8, 0x48, 0x83, 0xFE, 0x0F, 0x48, 0x0F, 0x47, 0xD1, 0x0F, 0x57, 0xC0, 0x0F, 0x11, 0x45, 0x88, 0x33, 0xF6, 0x48, 0x89, 0x75, 0x98,
    0x48, 0x89, 0x75, 0xA0, 0x49, 0x3B, 0xD1, 0x75, 0x16, 0x44, 0x8B, 0xC6, 0x48, 0x89, 0x75, 0x98, 0xBA, 0x07, 0x00, 0x00, 0x00, 0x48, 0x89, 0x55, 0xA0, 0x66,
    0x89, 0x75, 0x88, 0xEB, 0x14, 0x4C, 0x2B, 0xCA, 0x48, 0x8D, 0x4D, 0x88, 0xE8, 0x19, 0x29, 0x00, 0x00, 0x48, 0x8B, 0x55, 0xA0, 0x4C, 0x8B, 0x45, 0x98, 0x3E,
    0x48, 0x8D, 0x45, 0x88, 0x48, 0x83, 0xFA, 0x07, 0x48, 0x0F, 0x47, 0x45, 0x88, 0x4E, 0x8D, 0x0C, 0x40, 0x48, 0x8D, 0x45, 0x88, 0x48, 0x0F, 0x47, 0x45, 0x88,
    0x48, 0x89, 0x45, 0x58, 0x4C, 0x2B, 0xC8, 0x49, 0xD1, 0xF9, 0x4C, 0x89, 0x4D, 0x60, 0x4C, 0x8B, 0x7D, 0x10, 0x49, 0x8B, 0x57, 0x08, 0x49, 0x3B, 0x57, 0x10,
    0x74, 0x0E, 0x48, 0x89, 0x02, 0x4C, 0x89, 0x4A, 0x08, 0x49, 0x83, 0x47, 0x08, 0x10, 0xEB, 0x12, 0x3E, 0x3E, 0x3E, 0x3E, 0x3E, 0x4C, 0x8D, 0x45, 0x58, 0x49,
    0x8B, 0xCF, 0xE8, 0x1B, 0x2A, 0x00, 0x00, 0x90, 0x48, 0x8B, 0x55, 0xA0, 0x48, 0x83, 0xFA, 0x07, 0x76, 0x3F, 0x3E, 0x48, 0x8D, 0x14, 0x55, 0x02, 0x00, 0x00,
    0x00, 0x48, 0x8B, 0x4D, 0x88, 0x48, 0x8B, 0xC1, 0x48, 0x81, 0xFA, 0x00, 0x10, 0x00, 0x00, 0x72, 0x21, 0x3E, 0x3E, 0x3E, 0x3E, 0x3E, 0x3E, 0x3E, 0x3E, 0x48,
    0x83, 0xC2, 0x27, 0x48, 0x8B, 0x49, 0xF8, 0x48, 0x2B, 0xC1, 0x48, 0x83, 0xC0, 0xF8, 0x48, 0x83, 0xF8, 0x1F, 0x0F, 0x87, 0xC2, 0x01, 0x00, 0x00, 0xE8, 0xD1,
    0x2F, 0x00, 0x00, 0x48, 0x89, 0x75, 0x98, 0x48, 0xC7, 0x45, 0xA0, 0x07, 0x00, 0x00, 0x00, 0x66, 0x89, 0x75, 0x88, 0x48, 0x8B, 0x55, 0xC0, 0x48, 0x83, 0xFA,
    0x0F, 0x76, 0x31, 0x48, 0xFF, 0xC2, 0x48, 0x8B, 0x4D, 0xA8, 0x48, 0x8B, 0xC1, 0x48, 0x81, 0xFA, 0x00, 0x10, 0x00, 0x00, 0x72, 0x19, 0x48, 0x83, 0xC2, 0x27,
    0x48, 0x8B, 0x49, 0xF8, 0x48, 0x2B, 0xC1, 0x48, 0x83, 0xC0, 0xF8, 0x48, 0x83, 0xF8, 0x1F, 0x0F, 0x87, 0x7E, 0x01, 0x00, 0x00, 0xE8, 0x86, 0x2F, 0x00, 0x00,
    0x41, 0xFF, 0xC5, 0x44, 0x89, 0x6C, 0x24, 0x58, 0x4C, 0x8B, 0x4D, 0xF8, 0x44, 0x3B, 0x6D, 0x00, 0x7D, 0x09, 0x48, 0x8B, 0x4D, 0xF0, 0xE9, 0x9D, 0xFC, 0xFF,
    0xFF, 0x4C, 0x8B, 0xA5, 0xE0, 0x01, 0x00, 0x00, 0x0F, 0x1F, 0x40, 0x00, 0x49, 0x83, 0xF9, 0x0F, 0x76, 0x33, 0x49, 0x8D, 0x51, 0x01, 0x48, 0x8B, 0x4D, 0xE0,
    0x48, 0x8B, 0xC1, 0x48, 0x81, 0xFA, 0x00, 0x10, 0x00, 0x00, 0x72, 0x19, 0x48, 0x83, 0xC2, 0x27, 0x48, 0x8B, 0x49, 0xF8, 0x48, 0x2B, 0xC1, 0x48, 0x83, 0xC0,
    0xF8, 0x48, 0x83, 0xF8, 0x1F, 0x0F, 0x87, 0x27, 0x01, 0x00, 0x00, 0xE8, 0x28, 0x2F, 0x00, 0x00, 0x90, 0x48, 0x8B, 0x85, 0x90, 0x00, 0x00, 0x00, 0x48, 0x63,
    0x48, 0x04, 0x48, 0x8D, 0x05, 0x0D, 0x59, 0x00, 0x00, 0x48, 0x89, 0x84, 0x0D, 0x90, 0x00, 0x00, 0x00, 0x48, 0x8B, 0x85, 0x90, 0x00, 0x00, 0x00, 0x48, 0x63,
    0x48, 0x04, 0x8D, 0x91, 0x70, 0xFF, 0xFF, 0xFF, 0x89, 0x94, 0x0D, 0x8C, 0x00, 0x00, 0x00, 0x48, 0x8D, 0x8D, 0xA0, 0x00, 0x00, 0x00, 0xE8, 0x29, 0x10, 0x00,
    0x00, 0x3E, 0x3E, 0x48, 0x8D, 0x8D, 0xA8, 0x00, 0x00, 0x00, 0xFF, 0x15, 0xBA, 0x51, 0x00, 0x00, 0x48, 0x8D, 0x8D, 0x20, 0x01, 0x00, 0x00, 0xFF, 0x15, 0x95,
    0x51, 0x00, 0x00, 0x90, 0x48, 0x8B, 0x54, 0x24, 0x78, 0x48, 0x83, 0xFA, 0x0F, 0x76, 0x32, 0x48, 0xFF, 0xC2, 0x48, 0x8B, 0x4C, 0x24, 0x60, 0x48, 0x8B, 0xC1,
    0x48, 0x81, 0xFA, 0x00, 0x10, 0x00, 0x00, 0x72, 0x19, 0x48, 0x83, 0xC2, 0x27, 0x48, 0x8B, 0x49, 0xF8, 0x48, 0x2B, 0xC1, 0x48, 0x83, 0xC0, 0xF8, 0x48, 0x83,
    0xF8, 0x1F, 0x0F, 0x87, 0x9B, 0x00, 0x00, 0x00, 0xE8, 0x8F, 0x2E, 0x00, 0x00, 0x44, 0x8B, 0xAD, 0xD8, 0x01, 0x00, 0x00, 0x8B, 0xB5, 0xE8, 0x01, 0x00, 0x00,
    0x48, 0x8B, 0x7D, 0xD8, 0x48, 0x8B, 0x5D, 0xD0, 0x4C, 0x8B, 0x4D, 0x80, 0x48, 0x8B, 0x55, 0x08, 0x48, 0x83, 0xFA, 0x0F, 0x76, 0x32, 0x3E, 0x3E, 0x3E, 0x3E,
    0x3E, 0x3E, 0x48, 0xFF, 0xC2, 0x49, 0x8B, 0xC1, 0x48, 0x81, 0xFA, 0x00, 0x10, 0x00, 0x00, 0x72, 0x15, 0x48, 0x83, 0xC2, 0x27, 0x4D, 0x8B, 0x49, 0xF8, 0x49,
    0x2B, 0xC1, 0x48, 0x83, 0xC0, 0xF8, 0x48, 0x83, 0xF8, 0x1F, 0x77, 0x50, 0x49, 0x8B, 0xC9, 0xE8, 0x3A, 0x2E, 0x00, 0x00, 0xFF, 0xC6, 0x89, 0xB5, 0xE8, 0x01,
    0x00, 0x00, 0x48, 0xFF, 0xC7, 0x48, 0x89, 0x7D, 0xD8, 0x48, 0x3B, 0xFB, 0x7D, 0x3B, 0x3E, 0x3E, 0x3E, 0x3E, 0x33, 0xC0, 0xE9, 0xFB, 0xF6, 0xFF, 0xFF, 0xFF,
    0x15, 0xC5, 0x52, 0x00, 0x00, 0x90, 0xFF, 0x15, 0xBE, 0x52, 0x00, 0x00, 0x90, 0xFF, 0x15, 0xB7, 0x52, 0x00, 0x00, 0x90, 0x66, 0x0F, 0x1F, 0x44, 0x00, 0x00,
    0xFF, 0x15, 0xAA, 0x52, 0x00, 0x00, 0x90, 0xFF, 0x15, 0xA3, 0x52, 0x00, 0x00, 0x90, 0xFF, 0x15, 0x9C, 0x52, 0x00, 0x00, 0xCC, 0x49, 0x8B, 0xC7, 0x48, 0x81,
    0xC4, 0x88, 0x02, 0x00, 0x00, 0x41, 0x5F, 0x41, 0x5E, 0x41, 0x5D, 0x41, 0x5C, 0x5F, 0x5E, 0x5B, 0x5D, 0xC3, 0xCC, 0xCC, 0xCC, 0xCC, 0xCC, 0xCC, 0xCC, 0xCC,
    0xCC, 0xCC, 0xCC, 0xCC, 0xCC, 0xCC, 0xCC, 0xCC, 0xCC, 0xCC, 0xCC, 0xCC, 0x48, 0x83, 0xEC, 0x28, 0x83, 0x79, 0x08, 0x00, 0x74, 0x07, 0xFF, 0x15, 0xE8, 0x51,
    0x00, 0x00, 0xCC, 0x48, 0x83, 0xC4, 0x28, 0xC3, 0xCC, 0xCC, 0xCC, 0xCC, 0xCC, 0xCC, 0xCC, 0xCC, 0xCC, 0xCC, 0x40, 0x55, 0x53, 0x56, 0x57, 0x41, 0x55, 0x41,
    0x56, 0x48, 0x8D, 0xAC, 0x24, 0x08, 0xF0, 0xFF, 0xFF, 0xB8, 0xF8, 0x10, 0x00, 0x00, 0xE8, 0xC5, 0x3D, 0x00, 0x00, 0x48, 0x2B, 0xE0, 0x4C, 0x8B, 0x42, 0x08,
    0x45, 0x32, 0xF6, 0x48, 0x8B, 0x12, 0x48, 0x8B, 0xD9, 0x48, 0x8D, 0x4D, 0xF0, 0x49, 0x3B, 0xD0, 0x75, 0x1D, 0x4C, 0x8D, 0x85, 0x38, 0x10, 0x00, 0x00, 0xBA,
    0x00, 0x10, 0x00, 0x00, 0xFF, 0x15, 0xC2, 0x4E, 0x00, 0x00, 0x8B, 0xBD, 0x38, 0x10, 0x00, 0x00, 0xC1, 0xEF, 0x02, 0xEB, 0x14, 0x3E, 0x3E, 0x3E, 0x3E, 0x3E,
    0x4C, 0x2B, 0xC2, 0x49, 0x8B, 0xF8, 0x48, 0xC1, 0xFF, 0x02, 0xE8, 0xCF, 0x3D, 0x00, 0x00, 0xFF, 0x15, 0x3D, 0x4E, 0x00, 0x00, 0x44, 0x8B, 0xE8, 0xFF, 0x15,
    0x8C, 0x4E, 0x00, 0x00, 0x48, 0x8B, 0xF0, 0x85, 0xFF, 0x0F, 0x84, 0x44, 0x02, 0x00, 0x00, 0x4C, 0x89, 0xA4, 0x24, 0x30, 0x11, 0x00, 0x00, 0x4C, 0x89, 0xBC,
    0x24, 0xF0, 0x10, 0x00, 0x00, 0x4C, 0x8D, 0x7D, 0xF0, 0x44, 0x8B, 0xE7, 0x66, 0x66, 0x0F, 0x1F, 0x84, 0x00, 0x00, 0x00, 0x00, 0x00, 0x41, 0x8B, 0x17, 0xF7,
    0xC2, 0xFB, 0xFF, 0xFF, 0xFF, 0x0F, 0x84, 0xF6, 0x01, 0x00, 0x00, 0x41, 0x3B, 0xD5, 0x0F, 0x84, 0xED, 0x01, 0x00, 0x00, 0x0F, 0x57, 0xC0, 0x48, 0xC7, 0x44,
    0x24, 0x48, 0x00, 0x00, 0x00, 0x00, 0x33, 0xC0, 0x48, 0x8D, 0x7D, 0x88, 0x0F, 0x11, 0x45, 0x88, 0xB9, 0x30, 0x00, 0x00, 0x00, 0x4C, 0x8D, 0x4C, 0x24, 0x40,
    0x0F, 0x11, 0x45, 0x98, 0x4C, 0x8D, 0x45, 0x88, 0x0F, 0x11, 0x45, 0xA8, 0xF3, 0xAA, 0x48, 0x8D, 0x7C, 0x24, 0x40, 0xC7, 0x45, 0x88, 0x30, 0x00, 0x00, 0x00,
    0xB9, 0x10, 0x00, 0x00, 0x00, 0xF3, 0xAA, 0x48, 0x89, 0x54, 0x24, 0x40, 0x48, 0x8D, 0x4C, 0x24, 0x30, 0xBA, 0x10, 0x04, 0x00, 0x00, 0xE8, 0x53, 0x2B, 0x00,
    0x00, 0x85, 0xC0, 0x0F, 0x88, 0x90, 0x01, 0x00, 0x00, 0x48, 0x8D, 0x4D, 0xB8, 0xFF, 0x15, 0x69, 0x4D, 0x00, 0x00, 0x48, 0x8B, 0x45, 0xC0, 0x0F, 0x57, 0xC0,
    0x0F, 0x11, 0x44, 0x24, 0x50, 0x0F, 0x11, 0x44, 0x24, 0x60, 0x0F, 0x11, 0x44, 0x24, 0x70, 0x48, 0x3B, 0x45, 0xC8, 0x0F, 0x83, 0x5B, 0x01, 0x00, 0x00, 0x90,
    0x48, 0x8D, 0x4D, 0x80, 0x45, 0x33, 0xC0, 0x48, 0x89, 0x4C, 0x24, 0x28, 0x4C, 0x8D, 0x4C, 0x24, 0x50, 0x48, 0x8B, 0x4C, 0x24, 0x30, 0x48, 0x8B, 0xD0, 0x48,
    0xC7, 0x44, 0x24, 0x20, 0x30, 0x00, 0x00, 0x00, 0xE8, 0xB9, 0x2A, 0x00, 0x00, 0x85, 0xC0, 0x0F, 0x88, 0xE1, 0x00, 0x00, 0x00, 0x81, 0x7C, 0x24, 0x70, 0x00,
    0x10, 0x00, 0x00, 0x0F, 0x85, 0xD3, 0x00, 0x00, 0x00, 0xF6, 0x44, 0x24, 0x74, 0x01, 0x0F, 0x85, 0xC8, 0x00, 0x00, 0x00, 0x48, 0x8B, 0x4B, 0x08, 0x4C, 0x8D,
    0x8D, 0x48, 0x10, 0x00, 0x00, 0x33, 0xFF, 0xC7, 0x44, 0x24, 0x28, 0x04, 0x00, 0x00, 0x00, 0x45, 0x33, 0xC0, 0x48, 0x89, 0xBD, 0x40, 0x10, 0x00, 0x00, 0x48,
    0x8D, 0x95, 0x40, 0x10, 0x00, 0x00, 0xC7, 0x44, 0x24, 0x20, 0x00, 0x30, 0x00, 0x00, 0x48, 0x8D, 0x0C, 0x4D, 0xFF, 0xFF, 0xFF, 0xFF, 0x48, 0x03, 0x4C, 0x24,
    0x68, 0x48, 0x89, 0x8D, 0x48, 0x10, 0x00, 0x00, 0x48, 0x8B, 0xCE, 0xE8, 0x0E, 0x2B, 0x00, 0x00, 0x85, 0xC0, 0x78, 0x7A, 0x3E, 0x3E, 0x3E, 0x3E, 0x3E, 0x4C,
    0x8B, 0x4C, 0x24, 0x68, 0x48, 0x8D, 0x44, 0x24, 0x38, 0x4C, 0x8B, 0x85, 0x40, 0x10, 0x00, 0x00, 0x48, 0x8B, 0x54, 0x24, 0x50, 0x48, 0x8B, 0x4C, 0x24, 0x30,
    0x48, 0x89, 0x44, 0x24, 0x20, 0x48, 0x89, 0x7C, 0x24, 0x38, 0xE8, 0x9B, 0x2A, 0x00, 0x00, 0x85, 0xC0, 0x78, 0x26, 0x48, 0x8B, 0x43, 0x08, 0x48, 0x8B, 0x54,
    0x24, 0x38, 0x4C, 0x8B, 0x0B, 0x48, 0x8B, 0x8D, 0x40, 0x10, 0x00, 0x00, 0x48, 0xD1, 0xEA, 0x48, 0x89, 0x44, 0x24, 0x20, 0xE8, 0x37, 0x1B, 0x00, 0x00, 0x48,
    0x83, 0xF8, 0xFF, 0x75, 0x3D, 0x41, 0xB9, 0x00, 0x80, 0x00, 0x00, 0x4C, 0x8D, 0x85, 0x48, 0x10, 0x00, 0x00, 0x48, 0x8D, 0x95, 0x40, 0x10, 0x00, 0x00, 0x48,
    0x8B, 0xCE, 0xE8, 0xD5, 0x2A, 0x00, 0x00, 0x45, 0x84, 0xF6, 0x75, 0x4A, 0x3E, 0x3E, 0x3E, 0x3E, 0x3E, 0x3E, 0x48, 0x8B, 0x44, 0x24, 0x68, 0x48, 0x03, 0x44,
    0x24, 0x50, 0x48, 0x3B, 0x45, 0xC8, 0x0F, 0x82, 0xD6, 0xFE, 0xFF, 0xFF, 0xEB, 0x2E, 0x48, 0x8B, 0x13, 0x48, 0x8D, 0x0D, 0xE2, 0x52, 0x00, 0x00, 0xE8, 0x25,
    0xE0, 0xFF, 0xFF, 0x41, 0xB9, 0x00, 0x80, 0x00, 0x00, 0x4C, 0x8D, 0x85, 0x48, 0x10, 0x00, 0x00, 0x48, 0x8D, 0x95, 0x40, 0x10, 0x00, 0x00, 0x48, 0x8B, 0xCE,
    0x41, 0xB6, 0x01, 0xE8, 0x86, 0x2A, 0x00, 0x00, 0x3E, 0x48, 0x8B, 0x4C, 0x24, 0x30, 0xE8, 0x3B, 0x29, 0x00, 0x00, 0x49, 0x83, 0xC7, 0x04, 0x49, 0x83, 0xEC,
    0x01, 0x0F, 0x85, 0xED, 0xFD, 0xFF, 0xFF, 0x4C, 0x8B, 0xBC, 0x24, 0xF0, 0x10, 0x00, 0x00, 0x4C, 0x8B, 0xA4, 0x24, 0x30, 0x11, 0x00, 0x00, 0x41, 0x0F, 0xB6,
    0xC6, 0x48, 0x81, 0xC4, 0xF8, 0x10, 0x00, 0x00, 0x41, 0x5E, 0x41, 0x5D, 0x5F, 0x5E, 0x5B, 0x5D, 0xC3, 0xCC, 0xCC, 0xCC, 0xCC, 0xCC, 0xCC, 0xCC, 0xCC, 0xCC,
    0x4C, 0x8B, 0xDC, 0x41, 0x55, 0x41, 0x57, 0x48, 0x81, 0xEC, 0xC8, 0x08, 0x00, 0x00, 0x48, 0x8B, 0x05, 0xDB, 0x92, 0x00, 0x00, 0x45, 0x33, 0xED, 0x48, 0x8B,
    0x15, 0xC9, 0x92, 0x00, 0x00, 0x45, 0x8B, 0xFD, 0x48, 0x2B, 0xC2, 0x48, 0xC1, 0xF8, 0x03, 0x48, 0x85, 0xC0, 0x0F, 0x84, 0xB3, 0x02, 0x00, 0x00, 0x49, 0x89,
    0x5B, 0x10, 0x49, 0x89, 0x73, 0x20, 0x49, 0x89, 0x7B, 0xE8, 0x4D, 0x89, 0x63, 0xE0, 0x45, 0x8B, 0xE5, 0x49, 0x89, 0x6B, 0x18, 0x4D, 0x89, 0x73, 0xD8, 0x0F,
    0x1F, 0x00, 0x3E, 0x3E, 0x49, 0x8B, 0x3C, 0x14, 0xB9, 0x02, 0x00, 0x00, 0x00, 0x33, 0xD2, 0x41, 0x8B, 0xF5, 0xFF, 0x15, 0x9A, 0x4B, 0x00, 0x00, 0x48, 0x8B,
    0xD8, 0x48, 0x83, 0xF8, 0xFF, 0x74, 0x4D, 0x3E, 0x48, 0x8D, 0x54, 0x24, 0x30, 0xC7, 0x44, 0x24, 0x30, 0x38, 0x02, 0x00, 0x00, 0x48, 0x8B, 0xC8, 0xFF, 0x15,
    0x12, 0x4B, 0x00, 0x00, 0x85, 0xC0, 0x74, 0x32, 0x66, 0x0F, 0x1F, 0x44, 0x00, 0x00, 0x48, 0x8B, 0xD7, 0x48, 0x8D, 0x4C, 0x24, 0x5C, 0xFF, 0x15, 0x32, 0x4F,
    0x00, 0x00, 0x66, 0x90, 0x85, 0xC0, 0x74, 0x14, 0x48, 0x8D, 0x54, 0x24, 0x30, 0x48, 0x8B, 0xCB, 0xFF, 0x15, 0xCE, 0x4A, 0x00, 0x00, 0x85, 0xC0, 0x75, 0xDA,
    0xEB, 0x04, 0x8B, 0x74, 0x24, 0x38, 0x3E, 0x48, 0x8B, 0xCB, 0xFF, 0x15, 0xDA, 0x4A, 0x00, 0x00, 0x85, 0xF6, 0x0F, 0x84, 0xBF, 0x01, 0x00, 0x00, 0x44, 0x8B,
    0xC6, 0x33, 0xD2, 0xB9, 0xFF, 0xFF, 0x1F, 0x00, 0xFF, 0x15, 0x2A, 0x4B, 0x00, 0x00, 0x4C, 0x8B, 0xF0, 0x48, 0x8D, 0x48, 0xFF, 0x48, 0x83, 0xF9, 0xFD, 0x0F,
    0x87, 0x9E, 0x01, 0x00, 0x00, 0x8B, 0xD6, 0xB9, 0x18, 0x00, 0x00, 0x00, 0x49, 0x8B, 0xED, 0xFF, 0x15, 0x01, 0x4B, 0x00, 0x00, 0x48, 0x8B, 0xD8, 0x48, 0x83,
    0xF8, 0xFF, 0x74, 0x4B, 0x48, 0x8D, 0x54, 0x24, 0x30, 0xC7, 0x44, 0x24, 0x30, 0x38, 0x04, 0x00, 0x00, 0x48, 0x8B, 0xC8, 0xFF, 0x15, 0x92, 0x4A, 0x00, 0x00,
    0x66, 0x90, 0x85, 0xC0, 0x74, 0x2F, 0x48, 0x8D, 0x15, 0x0D, 0x52, 0x00, 0x00, 0x48, 0x8D, 0x4C, 0x24, 0x60, 0xFF, 0x15, 0x9A, 0x4E, 0x00, 0x00, 0x85, 0xC0,
    0x74, 0x14, 0x48, 0x8D, 0x54, 0x24, 0x30, 0x48, 0x8B, 0xCB, 0xFF, 0x15, 0x88, 0x4A, 0x00, 0x00, 0x85, 0xC0, 0x75, 0xD8, 0xEB, 0x05, 0x48, 0x8B, 0x6C, 0x24,
    0x48, 0x48, 0x8B, 0xCB, 0xFF, 0x15, 0x44, 0x4A, 0x00, 0x00, 0x48, 0x8D, 0x0D, 0x0D, 0x52, 0x00, 0x00, 0xFF, 0x15, 0xA7, 0x4A, 0x00, 0x00, 0x48, 0x8B, 0xC8,
    0x48, 0x8D, 0x15, 0xDD, 0x51, 0x00, 0x00, 0xFF, 0x15, 0x47, 0x4A, 0x00, 0x00, 0x3E, 0x3E, 0x3E, 0x3E, 0x48, 0x8B, 0xF0, 0xFF, 0x15, 0x9A, 0x4A, 0x00, 0x00,
    0x48, 0x8B, 0xC8, 0xFF, 0x15, 0x89, 0x4A, 0x00, 0x00, 0xB9, 0x18, 0x00, 0x00, 0x00, 0x49, 0x8B, 0xFD, 0x8B, 0xD0, 0xFF, 0x15, 0x61, 0x4A, 0x00, 0x00, 0x48,
    0x8B, 0xD8, 0x48, 0x83, 0xF8, 0xFF, 0x74, 0x62, 0x3E, 0x3E, 0x48, 0x8D, 0x94, 0x24, 0x70, 0x04, 0x00, 0x00, 0xC7, 0x84, 0x24, 0x70, 0x04, 0x00, 0x00, 0x38,
    0x04, 0x00, 0x00, 0x48, 0x8B, 0xC8, 0xFF, 0x15, 0xEA, 0x49, 0x00, 0x00, 0x85, 0xC0, 0x74, 0x40, 0x66, 0x0F, 0x1F, 0x44, 0x00, 0x00, 0x48, 0x8D, 0x15, 0x61,
    0x51, 0x00, 0x00, 0x3E, 0x48, 0x8D, 0x8C, 0x24, 0xA0, 0x04, 0x00, 0x00, 0xFF, 0x15, 0xEA, 0x4D, 0x00, 0x00, 0x85, 0xC0, 0x74, 0x18, 0x48, 0x8D, 0x94, 0x24,
    0x70, 0x04, 0x00, 0x00, 0x48, 0x8B, 0xCB, 0xFF, 0x15, 0xD5, 0x49, 0x00, 0x00, 0x85, 0xC0, 0x75, 0xD1, 0x90, 0xEB, 0x08, 0x48, 0x8B, 0xBC, 0x24, 0x88, 0x04,
    0x00, 0x00, 0x48, 0x8B, 0xCB, 0xFF, 0x15, 0x8D, 0x49, 0x00, 0x00, 0x3E, 0x3E, 0x3E, 0x3E, 0x48, 0x8D, 0x84, 0x24, 0xE0, 0x08, 0x00, 0x00, 0x48, 0x2B, 0xEF,
    0x48, 0x8D, 0x5E, 0x03, 0x48, 0x89, 0x44, 0x24, 0x20, 0x48, 0x03, 0xDD, 0x41, 0xB9, 0x30, 0x00, 0x00, 0x00, 0x48, 0x8B, 0xD3, 0x41, 0xB8, 0x05, 0x00, 0x00,
    0x00, 0x49, 0x8B, 0xCE, 0xFF, 0x15, 0x72, 0x49, 0x00, 0x00, 0x3E, 0x3E, 0x41, 0xB9, 0x05, 0x00, 0x00, 0x00, 0x4C, 0x89, 0x6C, 0x24, 0x20, 0x4C, 0x8D, 0x05,
    0x22, 0x51, 0x00, 0x00, 0x48, 0x8B, 0xD3, 0x49, 0x8B, 0xCE, 0xFF, 0x15, 0xCA, 0x49, 0x00, 0x00, 0x44, 0x8B, 0x8C, 0x24, 0xE0, 0x08, 0x00, 0x00, 0x48, 0x8D,
    0x84, 0x24, 0xE0, 0x08, 0x00, 0x00, 0x41, 0xB8, 0x05, 0x00, 0x00, 0x00, 0x48, 0x89, 0x44, 0x24, 0x20, 0x48, 0x8B, 0xD3, 0x49, 0x8B, 0xCE, 0xFF, 0x15, 0x2B,
    0x49, 0x00, 0x00, 0x48, 0x8B, 0x0D, 0x5C, 0x90, 0x00, 0x00, 0x41, 0xFF, 0xC7, 0x48, 0x8B, 0x15, 0x4A, 0x90, 0x00, 0x00, 0x49, 0x83, 0xC4, 0x08, 0x48, 0x2B,
    0xCA, 0x49, 0x63, 0xC7, 0x48, 0xC1, 0xF9, 0x03, 0x48, 0x3B, 0xC1, 0x0F, 0x82, 0x9B, 0xFD, 0xFF, 0xFF, 0x4C, 0x8B, 0xB4, 0x24, 0xB0, 0x08, 0x00, 0x00, 0x4C,
    0x8B, 0xA4, 0x24, 0xB8, 0x08, 0x00, 0x00, 0x48, 0x8B, 0xBC, 0x24, 0xC0, 0x08, 0x00, 0x00, 0x48, 0x8B, 0xB4, 0x24, 0xF8, 0x08, 0x00, 0x00, 0x48, 0x8B, 0xAC,
    0x24, 0xF0, 0x08, 0x00, 0x00, 0x48, 0x8B, 0x9C, 0x24, 0xE8, 0x08, 0x00, 0x00, 0x33, 0xC0, 0x48, 0x81, 0xC4, 0xC8, 0x08, 0x00, 0x00, 0x41, 0x5F, 0x41, 0x5D,
    0xC3, 0xCC, 0xCC, 0xCC, 0xCC, 0xCC, 0xCC, 0xCC, 0xCC, 0xCC, 0xCC, 0xCC, 0xCC, 0xCC, 0x48, 0x8B, 0xC4, 0x48, 0x89, 0x58, 0x08, 0x48, 0x89, 0x70, 0x10, 0x55,
    0x57, 0x41, 0x56, 0x48, 0x8D, 0x68, 0xA1, 0x48, 0x81, 0xEC, 0xB0, 0x00, 0x00, 0x00, 0x0F, 0x29, 0x70, 0xD8, 0x0F, 0x29, 0x78, 0xC8, 0x48, 0x8B, 0xFA, 0x8B,
    0xF1, 0x45, 0x33, 0xF6, 0xB9, 0x08, 0x00, 0x00, 0x00, 0xE8, 0x94, 0x27, 0x00, 0x00, 0x48, 0x8D, 0x0D, 0xC5, 0xFC, 0xFF, 0xFF, 0x3E, 0x3E, 0x48, 0x89, 0x08,
    0x48, 0x89, 0x45, 0x77, 0x48, 0x8D, 0x4D, 0xDF, 0x48, 0x89, 0x4C, 0x24, 0x28, 0x44, 0x89, 0x74, 0x24, 0x20, 0x4C, 0x8B, 0xC8, 0x4C, 0x8D, 0x05, 0x64, 0x25,
    0x00, 0x00, 0x33, 0xD2, 0x33, 0xC9, 0xFF, 0x15, 0x02, 0x4C, 0x00, 0x00, 0x48, 0x89, 0x45, 0xD7, 0x48, 0x85, 0xC0, 0x0F, 0x84, 0x34, 0x02, 0x00, 0x00, 0x44,
    0x39, 0x75, 0xDF, 0x0F, 0x84, 0x1B, 0x02, 0x00, 0x00, 0x0F, 0x28, 0x45, 0xD7, 0x66, 0x0F, 0x7F, 0x45, 0xC7, 0x48, 0x8D, 0x4D, 0xC7, 0xFF, 0x15, 0x10, 0x49,
    0x00, 0x00, 0x85, 0xC0, 0x0F, 0x85, 0x00, 0x02, 0x00, 0x00, 0x0F, 0x57, 0xC0, 0x66, 0x0F, 0x7F, 0x45, 0xD7, 0xFF, 0x15, 0x7A, 0x48, 0x00, 0x00, 0x4C, 0x8D,
    0x45, 0x7F, 0xBA, 0x28, 0x00, 0x02, 0x00, 0x48, 0x8B, 0xC8, 0xFF, 0x15, 0xA8, 0x47, 0x00, 0x00, 0x0F, 0x1F, 0x84, 0x00, 0x00, 0x00, 0x00, 0x00, 0x85, 0xC0,
    0x0F, 0x84, 0x9F, 0x00, 0x00, 0x00, 0xB9, 0xC0, 0x04, 0x00, 0x00, 0xE8, 0x7A, 0x29, 0x00, 0x00, 0x48, 0x8B, 0xD8, 0x33, 0xD2, 0x41, 0xB8, 0xC0, 0x04, 0x00,
    0x00, 0x48, 0x8B, 0xC8, 0xE8, 0xAF, 0x34, 0x00, 0x00, 0x48, 0x8D, 0x45, 0x77, 0x48, 0x89, 0x44, 0x24, 0x20, 0x41, 0xB9, 0xC0, 0x04, 0x00, 0x00, 0x4C, 0x8B,
    0xC3, 0xBA, 0x03, 0x00, 0x00, 0x00, 0x48, 0x8B, 0x4D, 0x7F, 0xFF, 0x15, 0x62, 0x47, 0x00, 0x00, 0x85, 0xC0, 0x74, 0x4B, 0x44, 0x39, 0x33, 0x76, 0x46, 0x41,
    0x8B, 0xCE, 0x0F, 0x1F, 0x40, 0x00, 0x66, 0x66, 0x0F, 0x1F, 0x84, 0x00, 0x00, 0x00, 0x00, 0x00, 0x8B, 0xC1, 0x48, 0xFF, 0xC0, 0x48, 0x8D, 0x04, 0x40, 0xC7,
    0x04, 0x83, 0x02, 0x00, 0x00, 0x00, 0xFF, 0xC1, 0x3B, 0x0B, 0x72, 0xEA, 0x4C, 0x89, 0x74, 0x24, 0x28, 0x4C, 0x89, 0x74, 0x24, 0x20, 0x41, 0xB9, 0xC0, 0x04,
    0x00, 0x00, 0x4C, 0x8B, 0xC3, 0x33, 0xD2, 0x48, 0x8B, 0x4D, 0x7F, 0xFF, 0x15, 0x1B, 0x47, 0x00, 0x00, 0x48, 0x8B, 0x4D, 0x7F, 0xFF, 0x15, 0x41, 0x47, 0x00,
    0x00, 0x48, 0x8B, 0xCB, 0xE8, 0x59, 0x26, 0x00, 0x00, 0x4C, 0x8B, 0xC7, 0x8B, 0xD6, 0x48, 0x8D, 0x4D, 0x0F, 0xE8, 0x8B, 0xE4, 0xFF, 0xFF, 0x3E, 0x90, 0x4C,
    0x8B, 0xC7, 0x8B, 0xD6, 0x48, 0x8D, 0x4D, 0xF7, 0xE8, 0x9B, 0xEE, 0xFF, 0xFF, 0x90, 0x66, 0x66, 0x0F, 0x1F, 0x84, 0x00, 0x00, 0x00, 0x00, 0x00, 0x48, 0x8B,
    0x5D, 0xF7, 0x48, 0x8B, 0x7D, 0xFF, 0x48, 0x3B, 0xDF, 0x74, 0xF3, 0x0F, 0x1F, 0x00, 0x0F, 0x10, 0x3B, 0x0F, 0x29, 0x7D, 0xE7, 0x48, 0x8D, 0x4D, 0xC7, 0xFF,
    0x15, 0xDF, 0x46, 0x00, 0x00, 0x48, 0x8D, 0x4D, 0x7F, 0xFF, 0x15, 0x1D, 0x47, 0x00, 0x00, 0x48, 0x8D, 0x55, 0x0F, 0x48, 0x8D, 0x4D, 0xE7, 0xE8, 0x58, 0xF8,
    0xFF, 0xFF, 0x84, 0xC0, 0x0F, 0x85, 0xA7, 0x00, 0x00, 0x00, 0x48, 0x8D, 0x4D, 0x77, 0xFF, 0x15, 0xFE, 0x46, 0x00, 0x00, 0x48, 0x8B, 0x45, 0x77, 0x48, 0x2B,
    0x45, 0x7F, 0x0F, 0x57, 0xF6, 0xF2, 0x48, 0x0F, 0x2A, 0xF0, 0x0F, 0x57, 0xC0, 0xF2, 0x48, 0x0F, 0x2A, 0x45, 0xC7, 0xF2, 0x0F, 0x5E, 0xF0, 0x48, 0x8D, 0x15,
    0xDA, 0x4E, 0x00, 0x00, 0x48, 0x8B, 0x0D, 0xD3, 0x48, 0x00, 0x00, 0xE8, 0x76, 0x12, 0x00, 0x00, 0x0F, 0x28, 0xCE, 0x48, 0x8B, 0xC8, 0xFF, 0x15, 0x82, 0x48,
    0x00, 0x00, 0x48, 0x8B, 0xC8, 0x48, 0x8D, 0x15, 0xA0, 0x4E, 0x00, 0x00, 0xE8, 0x5B, 0x12, 0x00, 0x00, 0x48, 0x8B, 0xC8, 0x48, 0x8D, 0x15, 0x81, 0x4E, 0x00,
    0x00, 0xE8, 0x4C, 0x12, 0x00, 0x00, 0x3E, 0x3E, 0x3E, 0x3E, 0x66, 0x48, 0x0F, 0x7E, 0xFA, 0x48, 0x8B, 0xC8, 0xE8, 0x3B, 0x12, 0x00, 0x00, 0x48, 0x8B, 0xC8,
    0x48, 0x8D, 0x15, 0x55, 0x4E, 0x00, 0x00, 0xE8, 0x2C, 0x12, 0x00, 0x00, 0x48, 0x8B, 0x0D, 0x7D, 0x48, 0x00, 0x00, 0x0F, 0x1F, 0x44, 0x00, 0x00, 0xE8, 0x7B,
    0x0F, 0x00, 0x00, 0x48, 0x83, 0xC3, 0x10, 0x48, 0x3B, 0xDF, 0x0F, 0x85, 0x2E, 0xFF, 0xFF, 0xFF, 0xE9, 0x19, 0xFF, 0xFF, 0xFF, 0x66, 0x0F, 0x7F, 0x7D, 0xE7,
    0x48, 0x8D, 0x55, 0xE7, 0x48, 0x8D, 0x0D, 0x01, 0x4E, 0x00, 0x00, 0xE8, 0x94, 0xDA, 0xFF, 0xFF, 0xB9, 0xC8, 0x01, 0x00, 0x00, 0xFF, 0x15, 0x89, 0x49, 0x00,
    0x00, 0x90, 0x3E, 0x3E, 0x3E, 0xB9, 0x01, 0x00, 0x00, 0x00, 0xFF, 0x15, 0x52, 0x48, 0x00, 0x00, 0x90, 0x44, 0x89, 0x75, 0xDF, 0xB9, 0x06, 0x00, 0x00, 0x00,
    0xFF, 0x15, 0x42, 0x48, 0x00, 0x00, 0xCC, 0xCC, 0xCC, 0xCC, 0xCC, 0xCC, 0xCC, 0xCC, 0xCC, 0xCC, 0x40, 0x53, 0x48, 0x83, 0xEC, 0x20, 0x48, 0x8B, 0xD9, 0x48,
    0x8B, 0x09, 0x48, 0x85, 0xC9, 0x74, 0x42, 0x3E, 0x3E, 0x3E, 0x3E, 0x48, 0x8B, 0x53, 0x10, 0x48, 0x2B, 0xD1, 0x48, 0x83, 0xE2, 0xF0, 0x48, 0x81, 0xFA, 0x00,
    0x10, 0x00, 0x00, 0x72, 0x18, 0x4C, 0x8B, 0x41, 0xF8, 0x48, 0x83, 0xC2, 0x27, 0x49, 0x2B, 0xC8, 0x48, 0x8D, 0x41, 0xF8, 0x48, 0x83, 0xF8, 0x1F, 0x77, 0x1B,
    0x49, 0x8B, 0xC8, 0xE8, 0xBA, 0x24, 0x00, 0x00, 0x33, 0xC0, 0x48, 0x89, 0x03, 0x48, 0x89, 0x43, 0x08, 0x48, 0x89, 0x43, 0x10, 0x48, 0x83, 0xC4, 0x20, 0x5B,
    0xC3, 0xFF, 0x15, 0x51, 0x49, 0x00, 0x00, 0xCC, 0x40, 0x53, 0x49, 0x8B, 0xD8, 0x4C, 0x8B, 0xD9, 0x41, 0xF6, 0xC1, 0x01, 0x74, 0x0A, 0xF6, 0x41, 0x70, 0x04,
    0x74, 0x04, 0xB1, 0x01, 0xEB, 0x02, 0x32, 0xC9, 0x66, 0x0F, 0x1F, 0x44, 0x00, 0x00, 0x41, 0xF6, 0xC1, 0x02, 0x74, 0x0B, 0x41, 0xF6, 0x43, 0x70, 0x02, 0x74,
    0x04, 0xB0, 0x01, 0xEB, 0x02, 0x32, 0xC0, 0x48, 0x89, 0x74, 0x24, 0x10, 0x48, 0x89, 0x7C, 0x24, 0x18, 0x4C, 0x89, 0x74, 0x24, 0x20, 0x84, 0xC9, 0x0F, 0x85,
    0xCB, 0x00, 0x00, 0x00, 0x84, 0xC0, 0x0F, 0x85, 0xC3, 0x00, 0x00, 0x00, 0x4D, 0x8B, 0x40, 0x08, 0x49, 0x8B, 0x43, 0x38, 0x4C, 0x03, 0x03, 0x41, 0xF6, 0x43,
    0x70, 0x02, 0x48, 0x8B, 0x30, 0x74, 0x04, 0x33, 0xC9, 0xEB, 0x16, 0x49, 0x8B, 0x43, 0x40, 0x48, 0x8B, 0x08, 0x48, 0x85, 0xC9, 0x74, 0x0A, 0x49, 0x39, 0x4B,
    0x68, 0x73, 0x04, 0x49, 0x89, 0x4B, 0x68, 0x4D, 0x8B, 0x73, 0x18, 0x49, 0x8B, 0x5B, 0x68, 0x48, 0x8B, 0xC3, 0x49, 0x8B, 0x3E, 0x48, 0x2B, 0xC7, 0x4C, 0x3B,
    0xC0, 0x77, 0x7E, 0x4D, 0x85, 0xC0, 0x74, 0x1A, 0x0F, 0x1F, 0x40, 0x00, 0x41, 0xF6, 0xC1, 0x01, 0x74, 0x05, 0x48, 0x85, 0xF6, 0x74, 0x6A, 0x41, 0xF6, 0xC1,
    0x02, 0x74, 0x05, 0x48, 0x85, 0xC9, 0x74, 0x5F, 0x3E, 0x3E, 0x3E, 0x3E, 0x3E, 0x3E, 0x4E, 0x8D, 0x14, 0x07, 0x41, 0xF6, 0xC1, 0x01, 0x74, 0x18, 0x48, 0x85,
    0xF6, 0x74, 0x13, 0x49, 0x89, 0x3E, 0x41, 0x2B, 0xDA, 0x49, 0x8B, 0x43, 0x38, 0x4C, 0x89, 0x10, 0x49, 0x8B, 0x43, 0x50, 0x89, 0x18, 0x66, 0x90, 0x41, 0xF6,
    0xC1, 0x02, 0x74, 0x2A, 0x48, 0x85, 0xC9, 0x74, 0x25, 0x49, 0x8B, 0x43, 0x58, 0x48, 0x63, 0x08, 0x49, 0x8B, 0x43, 0x40, 0x48, 0x03, 0x08, 0x49, 0x8B, 0x43,
    0x20, 0x41, 0x2B, 0xCA, 0x48, 0x89, 0x38, 0x49, 0x8B, 0x43, 0x40, 0x4C, 0x89, 0x10, 0x49, 0x8B, 0x43, 0x58, 0x89, 0x08, 0x4C, 0x89, 0x02, 0xEB, 0x07, 0x48,
    0xC7, 0x02, 0xFF, 0xFF, 0xFF, 0xFF, 0x4C, 0x8B, 0x74, 0x24, 0x20, 0x33, 0xC0, 0x48, 0x8B, 0x7C, 0x24, 0x18, 0x48, 0x8B, 0x74, 0x24, 0x10, 0x48, 0xC7, 0x42,
    0x08, 0x00, 0x00, 0x00, 0x00, 0x48, 0x89, 0x42, 0x10, 0x48, 0x8B, 0xC2, 0x5B, 0xC3, 0xCC, 0xCC, 0x48, 0x89, 0x5C, 0x24, 0x10, 0x48, 0x89, 0x6C, 0x24, 0x18,
    0x57, 0x8B, 0x5C, 0x24, 0x30, 0x41, 0x8B, 0xF9, 0x49, 0x8B, 0xE8, 0x4C, 0x8B, 0xD9, 0xF6, 0xC3, 0x01, 0x74, 0x0A, 0xF6, 0x41, 0x70, 0x04, 0x74, 0x04, 0xB1,
    0x01, 0xEB, 0x02, 0x32, 0xC9, 0xF6, 0xC3, 0x02, 0x74, 0x0B, 0x41, 0xF6, 0x43, 0x70, 0x02, 0x74, 0x04, 0xB0, 0x01, 0xEB, 0x02, 0x32, 0xC0, 0x48, 0x89, 0x74,
    0x24, 0x10, 0x84, 0xC9, 0x0F, 0x85, 0x1D, 0x01, 0x00, 0x00, 0x84, 0xC0, 0x0F, 0x85, 0x15, 0x01, 0x00, 0x00, 0x41, 0xF6, 0x43, 0x70, 0x02, 0x49, 0x8B, 0x43,
    0x38, 0x48, 0x8B, 0x08, 0x74, 0x05, 0x45, 0x33, 0xC0, 0xEB, 0x16, 0x49, 0x8B, 0x43, 0x40, 0x4C, 0x8B, 0x00, 0x4D, 0x85, 0xC0, 0x74, 0x0A, 0x4D, 0x39, 0x43,
    0x68, 0x73, 0x04, 0x4D, 0x89, 0x43, 0x68, 0x49, 0x8B, 0x43, 0x18, 0x49, 0x8B, 0x73, 0x68, 0x4C, 0x8B, 0x08, 0x49, 0x2B, 0xF1, 0x85, 0xFF, 0x74, 0x5A, 0x83,
    0xEF, 0x01, 0x74, 0x0E, 0x83, 0xFF, 0x01, 0x0F, 0x85, 0xCC, 0x00, 0x00, 0x00, 0x48, 0x8B, 0xC6, 0xEB, 0x49, 0x8B, 0xC3, 0x83, 0xE0, 0x03, 0x3C, 0x03, 0x0F,
    0x84, 0xBA, 0x00, 0x00, 0x00, 0xF6, 0xC3, 0x01, 0x74, 0x16, 0x48, 0x85, 0xC9, 0x75, 0x09, 0x4D, 0x85, 0xC9, 0x0F, 0x85, 0xA7, 0x00, 0x00, 0x00, 0x48, 0x8B,
    0xC1, 0x49, 0x2B, 0xC1, 0xEB, 0x21, 0xF6, 0xC3, 0x02, 0x0F, 0x84, 0x96, 0x00, 0x00, 0x00, 0x4D, 0x85, 0xC0, 0x75, 0x09, 0x4D, 0x85, 0xC9, 0x0F, 0x85, 0x88,
    0x00, 0x00, 0x00, 0x49, 0x8B, 0xC0, 0x49, 0x2B, 0xC1, 0xEB, 0x02, 0x33, 0xC0, 0x4C, 0x8D, 0x14, 0x28, 0x4C, 0x3B, 0xD6, 0x77, 0x75, 0x4D, 0x85, 0xD2, 0x74,
    0x15, 0xF6, 0xC3, 0x01, 0x74, 0x05, 0x48, 0x85, 0xC9, 0x74, 0x66, 0x90, 0xF6, 0xC3, 0x02, 0x74, 0x05, 0x4D, 0x85, 0xC0, 0x74, 0x5B, 0x4B, 0x8D, 0x3C, 0x11,
    0xF6, 0xC3, 0x01, 0x74, 0x1F, 0x48, 0x85, 0xC9, 0x74, 0x1A, 0x49, 0x8B, 0x43, 0x18, 0x49, 0x8B, 0x4B, 0x68, 0x2B, 0xCF, 0x4C, 0x89, 0x08, 0x49, 0x8B, 0x43,
    0x38, 0x48, 0x89, 0x38, 0x49, 0x8B, 0x43, 0x50, 0x89, 0x08, 0xF6, 0xC3, 0x02, 0x74, 0x29, 0x4D, 0x85, 0xC0, 0x74, 0x24, 0x49, 0x8B, 0x43, 0x58, 0x48, 0x63,
    0x08, 0x49, 0x8B, 0x43, 0x40, 0x48, 0x03, 0x08, 0x49, 0x8B, 0x43, 0x20, 0x2B, 0xCF, 0x4C, 0x89, 0x08, 0x49, 0x8B, 0x43, 0x40, 0x48, 0x89, 0x38, 0x49, 0x8B,
    0x43, 0x58, 0x89, 0x08, 0x4C, 0x89, 0x12, 0xEB, 0x07, 0x48, 0xC7, 0x02, 0xFF, 0xFF, 0xFF, 0xFF, 0x48, 0x8B, 0x74, 0x24, 0x10, 0x33, 0xC0, 0x48, 0x8B, 0x5C,
    0x24, 0x18, 0x48, 0x8B, 0x6C, 0x24, 0x20, 0x48, 0xC7, 0x42, 0x08, 0x00, 0x00, 0x00, 0x00, 0x48, 0x89, 0x42, 0x10, 0x48, 0x8B, 0xC2, 0x5F, 0xC3, 0xCC, 0xCC,
    0xCC, 0xCC, 0xCC, 0xCC, 0xCC, 0xCC, 0xCC, 0xCC, 0xCC, 0xCC, 0xCC, 0xCC, 0xCC, 0xCC, 0xCC, 0xCC, 0x4C, 0x8B, 0x51, 0x38, 0x4C, 0x8B, 0xC1, 0x49, 0x8B, 0x0A,
    0x48, 0x85, 0xC9, 0x74, 0x53, 0x49, 0x8B, 0x40, 0x50, 0x48, 0x63, 0x10, 0x48, 0x03, 0xD1, 0x48, 0x3B, 0xCA, 0x72, 0x40, 0x49, 0x8B, 0x40, 0x40, 0x4C, 0x8B,
    0x08, 0x4D, 0x85, 0xC9, 0x74, 0x38, 0x41, 0xF6, 0x40, 0x70, 0x04, 0x75, 0x31, 0x3E, 0x3E, 0x3E, 0x3E, 0x49, 0x8B, 0x50, 0x68, 0x49, 0x3B, 0xD1, 0x49, 0x0F,
    0x42, 0xD1, 0x48, 0x3B, 0xD1, 0x76, 0x1D, 0x49, 0x89, 0x50, 0x68, 0x49, 0x8B, 0x0A, 0x49, 0x89, 0x0A, 0x2B, 0xD1, 0x49, 0x8B, 0x40, 0x50, 0x89, 0x10, 0x49,
    0x8B, 0x40, 0x38, 0x48, 0x8B, 0x08, 0x0F, 0xB6, 0x01, 0xC3, 0xB8, 0xFF, 0xFF, 0xFF, 0xFF, 0xC3, 0xCC, 0xCC, 0xCC, 0xCC, 0xCC, 0xCC, 0xCC, 0xCC, 0xCC, 0xCC,
    0xCC, 0xCC, 0xCC, 0xCC, 0xCC, 0xCC, 0xCC, 0xCC, 0xCC, 0xCC, 0xCC, 0xCC, 0xCC, 0xCC, 0x48, 0x8B, 0x41, 0x38, 0x4C, 0x8B, 0x00, 0x4D, 0x85, 0xC0, 0x74, 0x46,
    0x48, 0x8B, 0x41, 0x18, 0x4C, 0x3B, 0x00, 0x76, 0x3D, 0x83, 0xFA, 0xFF, 0x74, 0x12, 0x66, 0x0F, 0x1F, 0x44, 0x00, 0x00, 0x41, 0x3A, 0x50, 0xFF, 0x74, 0x06,
    0xF6, 0x41, 0x70, 0x02, 0x75, 0x26, 0x48, 0x8B, 0x41, 0x50, 0xFF, 0x00, 0x48, 0x8B, 0x41, 0x38, 0x48, 0xFF, 0x08, 0x83, 0xFA, 0xFF, 0x74, 0x09, 0x48, 0x8B,
    0x41, 0x38, 0x48, 0x8B, 0x08, 0x88, 0x11, 0x33, 0xC0, 0x83, 0xFA, 0xFF, 0x0F, 0x44, 0xD0, 0x8B, 0xC2, 0xC3, 0xB8, 0xFF, 0xFF, 0xFF, 0xFF, 0xC3, 0xCC, 0xCC,
    0xCC, 0xCC, 0xCC, 0xCC, 0xCC, 0xCC, 0x48, 0x89, 0x5C, 0x24, 0x10, 0x48, 0x89, 0x6C, 0x24, 0x18, 0x56, 0x57, 0x41, 0x54, 0x41, 0x56, 0x41, 0x57, 0x48, 0x83,
    0xEC, 0x20, 0xF6, 0x41, 0x70, 0x02, 0x44, 0x8B, 0xE2, 0x48, 0x8B, 0xF9, 0x0F, 0x85, 0xCD, 0x01, 0x00, 0x00, 0x83, 0xFA, 0xFF, 0x75, 0x07, 0x33, 0xC0, 0xE9,
    0xC6, 0x01, 0x00, 0x00, 0x48, 0x8B, 0x41, 0x40, 0x48, 0x8B, 0x49, 0x58, 0x4C, 0x8B, 0x00, 0x48, 0x63, 0x01, 0x49, 0x8D, 0x1C, 0x00, 0x4D, 0x85, 0xC0, 0x0F,
    0x84, 0xAA, 0x00, 0x00, 0x00, 0x4C, 0x3B, 0xC3, 0x73, 0x25, 0xFF, 0xC8, 0x89, 0x01, 0x48, 0x8B, 0x4F, 0x40, 0x48, 0x8B, 0x11, 0x48, 0x8D, 0x42, 0x01, 0x48,
    0x89, 0x01, 0x49, 0x8D, 0x40, 0x01, 0x44, 0x88, 0x22, 0x48, 0x89, 0x47, 0x68, 0x41, 0x8B, 0xC4, 0xE9, 0x81, 0x01, 0x00, 0x00, 0x48, 0x8B, 0x47, 0x18, 0x4C,
    0x8D, 0x7F, 0x18, 0x48, 0x8B, 0x30, 0x48, 0x2B, 0xDE, 0x48, 0x83, 0xFB, 0x20, 0x72, 0x79, 0x48, 0x81, 0xFB, 0xFF, 0xFF, 0xFF, 0x3F, 0x73, 0x26, 0x48, 0x8D,
    0x2C, 0x1B, 0x48, 0x85, 0xED, 0x75, 0x05, 0x45, 0x33, 0xF6, 0xEB, 0x72, 0x48, 0x81, 0xFD, 0x00, 0x10, 0x00, 0x00, 0x72, 0x5E, 0x48, 0x8D, 0x4D, 0x27, 0x48,
    0x3B, 0xCD, 0x0F, 0x86, 0x57, 0x01, 0x00, 0x00, 0xEB, 0x18, 0x3E, 0xBD, 0xFF, 0xFF, 0xFF, 0x7F, 0x48, 0x3B, 0xDD, 0x0F, 0x83, 0x2A, 0x01, 0x00, 0x00, 0x4C,
    0x8D, 0x7F, 0x18, 0xB9, 0x26, 0x00, 0x00, 0x80, 0xE8, 0x11, 0x20, 0x00, 0x00, 0x66, 0x0F, 0x1F, 0x84, 0x00, 0x00, 0x00, 0x00, 0x00, 0x48, 0x85, 0xC0, 0x0F,
    0x84, 0x03, 0x01, 0x00, 0x00, 0x4C, 0x8D, 0x70, 0x27, 0x49, 0x83, 0xE6, 0xE0, 0x49, 0x89, 0x46, 0xF8, 0xEB, 0x1D, 0x48, 0x8B, 0x47, 0x18, 0x4C, 0x8D, 0x7F,
    0x18, 0x33, 0xDB, 0x48, 0x8B, 0x30, 0xBD, 0x20, 0x00, 0x00, 0x00, 0x48, 0x8B, 0xCD, 0xE8, 0xD7, 0x1F, 0x00, 0x00, 0x4C, 0x8B, 0xF0, 0x3E, 0x3E, 0x3E, 0x4C,
    0x8B, 0xC3, 0x48, 0x8B, 0xD6, 0x49, 0x8B, 0xCE, 0xE8, 0x95, 0x2D, 0x00, 0x00, 0x49, 0x8D, 0x14, 0x1E, 0x48, 0x8D, 0x4A, 0x01, 0x48, 0x89, 0x4F, 0x68, 0x48,
    0x8B, 0x4F, 0x20, 0x4C, 0x89, 0x31, 0x48, 0x8B, 0x4F, 0x40, 0x48, 0x89, 0x11, 0x41, 0x8B, 0xCE, 0x48, 0x8B, 0x47, 0x58, 0x2B, 0xCA, 0x03, 0xCD, 0x89, 0x08,
    0xF6, 0x47, 0x70, 0x04, 0x74, 0x19, 0x49, 0x8B, 0x07, 0x4C, 0x89, 0x30, 0x48, 0x8B, 0x47, 0x38, 0x4C, 0x89, 0x30, 0x48, 0x8B, 0x47, 0x50, 0xC7, 0x00, 0x00,
    0x00, 0x00, 0x00, 0xEB, 0x26, 0x48, 0x8B, 0x47, 0x38, 0x48, 0x8B, 0x57, 0x68, 0x48, 0x8B, 0x08, 0x49, 0x8B, 0x07, 0x48, 0x2B, 0xCE, 0x49, 0x03, 0xCE, 0x2B,
    0xD1, 0x4C, 0x89, 0x30, 0x48, 0x8B, 0x47, 0x38, 0x48, 0x89, 0x08, 0x48, 0x8B, 0x47, 0x50, 0x89, 0x10, 0xF6, 0x47, 0x70, 0x01, 0x74, 0x35, 0x66, 0x0F, 0x1F,
    0x84, 0x00, 0x00, 0x00, 0x00, 0x00, 0x48, 0x81, 0xFB, 0x00, 0x10, 0x00, 0x00, 0x72, 0x18, 0x48, 0x8B, 0x4E, 0xF8, 0x48, 0x83, 0xC3, 0x27, 0x48, 0x2B, 0xF1,
    0x48, 0x8D, 0x46, 0xF8, 0x48, 0x83, 0xF8, 0x1F, 0x77, 0x2E, 0x48, 0x8B, 0xF1, 0x48, 0x8B, 0xD3, 0x48, 0x8B, 0xCE, 0xE8, 0x14, 0x1F, 0x00, 0x00, 0x48, 0x8B,
    0x47, 0x58, 0x83, 0x4F, 0x70, 0x01, 0xFF, 0x08, 0x48, 0x8B, 0x4F, 0x40, 0x48, 0x8B, 0x11, 0x48, 0x8D, 0x42, 0x01, 0x48, 0x89, 0x01, 0x41, 0x8B, 0xC4, 0x44,
    0x88, 0x22, 0xEB, 0x0C, 0xFF, 0x15, 0x9E, 0x43, 0x00, 0x00, 0xCC, 0xB8, 0xFF, 0xFF, 0xFF, 0xFF, 0x48, 0x8B, 0x5C, 0x24, 0x58, 0x48, 0x8B, 0x6C, 0x24, 0x60,
    0x48, 0x83, 0xC4, 0x20, 0x41, 0x5F, 0x41, 0x5E, 0x41, 0x5C, 0x5F, 0x5E, 0xC3, 0xE8, 0x1C, 0xD5, 0xFF, 0xFF, 0xCC, 0xCC, 0xCC, 0xCC, 0xCC, 0xCC, 0xCC, 0xCC,
    0xCC, 0xCC, 0xCC, 0xCC, 0x48, 0x89, 0x5C, 0x24, 0x08, 0x48, 0x89, 0x6C, 0x24, 0x10, 0x48, 0x89, 0x74, 0x24, 0x18, 0x57, 0x41, 0x56, 0x41, 0x57, 0x48, 0x83,
    0xEC, 0x20, 0xF6, 0x41, 0x70, 0x01, 0x48, 0x8D, 0x79, 0x70, 0x48, 0x8D, 0x05, 0x11, 0x48, 0x00, 0x00, 0x48, 0x8B, 0xD9, 0x48, 0x89, 0x01, 0x48, 0x8D, 0x69,
    0x40, 0x74, 0x63, 0x48, 0x8B, 0x45, 0x00, 0x48, 0x8B, 0x08, 0x48, 0x85, 0xC9, 0x74, 0x0C, 0x48, 0x8B, 0x43, 0x58, 0x48, 0x63, 0x10, 0x48, 0x03, 0xD1, 0xEB,
    0x0E, 0x48, 0x8B, 0x43, 0x50, 0x48, 0x63, 0x10, 0x48, 0x8B, 0x43, 0x38, 0x48, 0x03, 0x10, 0x48, 0x8B, 0x43, 0x18, 0x48, 0x8B, 0x08, 0x48, 0x2B, 0xD1, 0x48,
    0x81, 0xFA, 0x00, 0x10, 0x00, 0x00, 0x72, 0x25, 0x3E, 0x3E, 0x3E, 0x3E, 0x3E, 0x4C, 0x8B, 0x41, 0xF8, 0x48, 0x83, 0xC2, 0x27, 0x49, 0x2B, 0xC8, 0x48, 0x8D,
    0x41, 0xF8, 0x48, 0x83, 0xF8, 0x1F, 0x77, 0x63, 0x49, 0x8B, 0xC8, 0x48, 0x8D, 0x6B, 0x40, 0x48, 0x8D, 0x7B, 0x70, 0xE8, 0x2A, 0x1E, 0x00, 0x00, 0x48, 0x8B,
    0x43, 0x18, 0x33, 0xC9, 0x48, 0x89, 0x08, 0x48, 0x8B, 0x43, 0x38, 0x48, 0x89, 0x08, 0x48, 0x8B, 0x43, 0x50, 0x89, 0x08, 0x48, 0x8B, 0x43, 0x20, 0x48, 0x89,
    0x08, 0x48, 0x8B, 0x45, 0x00, 0x48, 0x89, 0x08, 0x48, 0x8B, 0x43, 0x58, 0x89, 0x08, 0x83, 0x27, 0xFE, 0x48, 0x89, 0x4B, 0x68, 0x48, 0x8B, 0xCB, 0x48, 0x8B,
    0x5C, 0x24, 0x40, 0x48, 0x8B, 0x6C, 0x24, 0x48, 0x48, 0x8B, 0x74, 0x24, 0x50, 0x48, 0x83, 0xC4, 0x20, 0x41, 0x5F, 0x41, 0x5E, 0x5F, 0x48, 0xFF, 0x25, 0x4F,
    0x40, 0x00, 0x00, 0xFF, 0x15, 0x81, 0x42, 0x00, 0x00, 0xCC, 0xCC, 0xCC, 0xCC, 0xCC, 0xCC, 0xCC, 0xCC, 0xCC, 0xCC, 0xCC, 0xCC, 0xCC, 0xCC, 0xCC, 0xCC, 0xCC,
    0x40, 0x53, 0x48, 0x83, 0xEC, 0x20, 0x48, 0x8B, 0xD9, 0x48, 0x8B, 0x09, 0x48, 0x85, 0xC9, 0x74, 0x42, 0x3E, 0x3E, 0x3E, 0x3E, 0x48, 0x8B, 0x53, 0x10, 0x48,
    0x2B, 0xD1, 0x48, 0x83, 0xE2, 0xFC, 0x48, 0x81, 0xFA, 0x00, 0x10, 0x00, 0x00, 0x72, 0x18, 0x4C, 0x8B, 0x41, 0xF8, 0x48, 0x83, 0xC2, 0x27, 0x49, 0x2B, 0xC8,
    0x48, 0x8D, 0x41, 0xF8, 0x48, 0x83, 0xF8, 0x1F, 0x77, 0x1B, 0x49, 0x8B, 0xC8, 0xE8, 0x7A, 0x1D, 0x00, 0x00, 0x33, 0xC0, 0x48, 0x89, 0x03, 0x48, 0x89, 0x43,
    0x08, 0x48, 0x89, 0x43, 0x10, 0x48, 0x83, 0xC4, 0x20, 0x5B, 0xC3, 0xFF, 0x15, 0x11, 0x42, 0x00, 0x00, 0xCC, 0x40, 0x53, 0x48, 0x83, 0xEC, 0x20, 0x48, 0x8B,
    0x51, 0x18, 0x48, 0x8B, 0xD9, 0x48, 0x83, 0xFA, 0x07, 0x76, 0x33, 0x3E, 0x3E, 0x48, 0x8B, 0x09, 0x48, 0x8D, 0x14, 0x55, 0x02, 0x00, 0x00, 0x00, 0x48, 0x81,
    0xFA, 0x00, 0x10, 0x00, 0x00, 0x72, 0x18, 0x4C, 0x8B, 0x41, 0xF8, 0x48, 0x83, 0xC2, 0x27, 0x49, 0x2B, 0xC8, 0x48, 0x8D, 0x41, 0xF8, 0x48, 0x83, 0xF8, 0x1F,
    0x77, 0x1F, 0x49, 0x8B, 0xC8, 0xE8, 0x1A, 0x1D, 0x00, 0x00, 0x33, 0xC0, 0x48, 0xC7, 0x43, 0x18, 0x07, 0x00, 0x00, 0x00, 0x48, 0x89, 0x43, 0x10, 0x66, 0x89,
    0x03, 0x48, 0x83, 0xC4, 0x20, 0x5B, 0xC3, 0x0F, 0x1F, 0x00, 0xFF, 0x15, 0xAA, 0x41, 0x00, 0x00, 0xCC, 0xCC, 0xCC, 0xCC, 0xCC, 0xCC, 0xCC, 0xCC, 0xCC, 0xCC,
    0xCC, 0xCC, 0xCC, 0xCC, 0xCC, 0xCC, 0xCC, 0xCC, 0xCC, 0xCC, 0xCC, 0xCC, 0xCC, 0xCC, 0xCC, 0xCC, 0x40, 0x53, 0x48, 0x83, 0xEC, 0x20, 0x48, 0x8B, 0x51, 0x18,
    0x48, 0x8B, 0xD9, 0x48, 0x83, 0xFA, 0x0F, 0x76, 0x33, 0x3E, 0x3E, 0x3E, 0x3E, 0x3E, 0x3E, 0x3E, 0x48, 0x8B, 0x09, 0x48, 0xFF, 0xC2, 0x48, 0x81, 0xFA, 0x00,
    0x10, 0x00, 0x00, 0x72, 0x18, 0x4C, 0x8B, 0x41, 0xF8, 0x48, 0x83, 0xC2, 0x27, 0x49, 0x2B, 0xC8, 0x48, 0x8D, 0x41, 0xF8, 0x48, 0x83, 0xF8, 0x1F, 0x77, 0x21,
    0x49, 0x8B, 0xC8, 0xE8, 0x9A, 0x1C, 0x00, 0x00, 0x48, 0xC7, 0x43, 0x10, 0x00, 0x00, 0x00, 0x00, 0x48, 0xC7, 0x43, 0x18, 0x0F, 0x00, 0x00, 0x00, 0xC6, 0x03,
    0x00, 0x48, 0x83, 0xC4, 0x20, 0x5B, 0xC3, 0x90, 0xFF, 0x15, 0x2A, 0x41, 0x00, 0x00, 0xCC, 0xCC, 0xCC, 0xCC, 0xCC, 0xCC, 0xCC, 0xCC, 0xCC, 0xCC, 0xCC, 0xCC,
    0xCC, 0xCC, 0xCC, 0xCC, 0xCC, 0xCC, 0xCC, 0xCC, 0xCC, 0xCC, 0xCC, 0xCC, 0xCC, 0xCC, 0x48, 0x89, 0x5C, 0x24, 0x08, 0x57, 0x48, 0x83, 0xEC, 0x20, 0x8B, 0xDA,
    0x48, 0x8B, 0xF9, 0xE8, 0x8C, 0xFD, 0xFF, 0xFF, 0xF6, 0xC3, 0x01, 0x74, 0x0D, 0xBA, 0x78, 0x00, 0x00, 0x00, 0x48, 0x8B, 0xCF, 0xE8, 0x3A, 0x1C, 0x00, 0x00,
    0x48, 0x8B, 0x5C, 0x24, 0x30, 0x48, 0x8B, 0xC7, 0x48, 0x83, 0xC4, 0x20, 0x5F, 0xC3, 0xCC, 0xCC, 0xCC, 0xCC, 0xCC, 0xCC, 0xCC, 0xCC, 0xCC, 0xCC, 0xCC, 0xCC,
    0x48, 0x89, 0x5C, 0x24, 0x08, 0x48, 0x89, 0x74, 0x24, 0x10, 0x57, 0x48, 0x83, 0xEC, 0x20, 0x48, 0x8B, 0x81, 0x70, 0xFF, 0xFF, 0xFF, 0x48, 0x8B, 0xD9, 0x8B,
    0xFA, 0x4C, 0x63, 0x40, 0x04, 0x48, 0x8D, 0x05, 0xF2, 0x45, 0x00, 0x00, 0x49, 0x89, 0x84, 0x08, 0x70, 0xFF, 0xFF, 0xFF, 0x48, 0x8B, 0x81, 0x70, 0xFF, 0xFF,
    0xFF, 0x4C, 0x63, 0x40, 0x04, 0x45, 0x8D, 0x88, 0x70, 0xFF, 0xFF, 0xFF, 0x45, 0x89, 0x8C, 0x08, 0x6C, 0xFF, 0xFF, 0xFF, 0x48, 0x83, 0xC1, 0x80, 0xE8, 0x0F,
    0xFD, 0xFF, 0xFF, 0x48, 0x8D, 0x4B, 0x88, 0xFF, 0x15, 0xA5, 0x3E, 0x00, 0x00, 0x3E, 0x3E, 0x48, 0x8B, 0xCB, 0xFF, 0x15, 0x82, 0x3E, 0x00, 0x00, 0x40, 0xF6,
    0xC7, 0x01, 0x74, 0x11, 0xBA, 0xF0, 0x00, 0x00, 0x00, 0x48, 0x8D, 0x8B, 0x70, 0xFF, 0xFF, 0xFF, 0xE8, 0xA3, 0x1B, 0x00, 0x00, 0x48, 0x8B, 0x74, 0x24, 0x38,
    0x48, 0x8D, 0x83, 0x70, 0xFF, 0xFF, 0xFF, 0x48, 0x8B, 0x5C, 0x24, 0x30, 0x48, 0x83, 0xC4, 0x20, 0x5F, 0xC3, 0xCC, 0xCC, 0xCC, 0xCC, 0xCC, 0xCC, 0xCC, 0xCC,
    0xCC, 0xCC, 0xCC, 0xCC, 0x40, 0x53, 0x48, 0x83, 0xEC, 0x20, 0x48, 0x8B, 0xD9, 0xFF, 0x15, 0xA1, 0x3E, 0x00, 0x00, 0x85, 0xC0, 0x75, 0x0A, 0x48, 0x8B, 0x0B,
    0xFF, 0x15, 0x9C, 0x3D, 0x00, 0x00, 0x90, 0x48, 0x8B, 0x0B, 0x48, 0x8B, 0x01, 0x48, 0x63, 0x50, 0x04, 0x48, 0x8B, 0x4C, 0x0A, 0x48, 0x48, 0x85, 0xC9, 0x74,
    0x07, 0x48, 0x8B, 0x01, 0xFF, 0x50, 0x10, 0x90, 0x48, 0x83, 0xC4, 0x20, 0x5B, 0xC3, 0xCC, 0xCC, 0x40, 0x53, 0x48, 0x83, 0xEC, 0x20, 0x48, 0x8B, 0xD9, 0xFF,
    0x15, 0x61, 0x3E, 0x00, 0x00, 0x85, 0xC0, 0x75, 0x0A, 0x48, 0x8B, 0x0B, 0xFF, 0x15, 0x6C, 0x3D, 0x00, 0x00, 0x90, 0x48, 0x8B, 0x0B, 0x48, 0x8B, 0x01, 0x48,
    0x63, 0x50, 0x04, 0x48, 0x8B, 0x4C, 0x0A, 0x48, 0x48, 0x85, 0xC9, 0x74, 0x07, 0x48, 0x8B, 0x01, 0xFF, 0x50, 0x10, 0x90, 0x48, 0x83, 0xC4, 0x20, 0x5B, 0xC3,
    0xCC, 0xCC, 0x48, 0x83, 0xEC, 0x28, 0x48, 0x8B, 0x11, 0x48, 0x8B, 0x02, 0x48, 0x63, 0x48, 0x04, 0x48, 0x8B, 0x4C, 0x11, 0x48, 0x48, 0x85, 0xC9, 0x74, 0x07,
    0x48, 0x8B, 0x01, 0xFF, 0x50, 0x10, 0x90, 0x48, 0x83, 0xC4, 0x28, 0xC3, 0xCC, 0xCC, 0xCC, 0xCC, 0xCC, 0xCC, 0xCC, 0xCC, 0xCC, 0xCC, 0xCC, 0xCC, 0xCC, 0xCC,
    0xCC, 0xCC, 0xCC, 0xCC, 0xCC, 0xCC, 0xCC, 0xCC, 0xCC, 0xCC, 0xCC, 0xCC, 0xCC, 0xCC, 0x48, 0x89, 0x5C, 0x24, 0x10, 0x48, 0x89, 0x6C, 0x24, 0x18, 0x48, 0x89,
    0x74, 0x24, 0x20, 0x41, 0x56, 0x48, 0x83, 0xEC, 0x20, 0x41, 0x8B, 0xD9, 0x49, 0x8B, 0xF0, 0x83, 0xE3, 0xDF, 0x4C, 0x8B, 0xF2, 0x48, 0x8B, 0xE9, 0x49, 0x81,
    0xF8, 0xFF, 0xFF, 0xFF, 0x7F, 0x76, 0x07, 0xFF, 0x15, 0xAD, 0x3D, 0x00, 0x00, 0xCC, 0x36, 0x36, 0x36, 0x36, 0x36, 0x36, 0x36, 0x48, 0x89, 0x7C, 0x24, 0x30,
    0x48, 0x85, 0xF6, 0x0F, 0x84, 0xCE, 0x00, 0x00, 0x00, 0x8B, 0xC3, 0x83, 0xE0, 0x06, 0x3C, 0x06, 0x0F, 0x84, 0xC1, 0x00, 0x00, 0x00, 0x48, 0x81, 0xFE, 0x00,
    0x10, 0x00, 0x00, 0x72, 0x2C, 0x49, 0x8D, 0x48, 0x27, 0x48, 0x3B, 0xCE, 0x0F, 0x86, 0xD1, 0x00, 0x00, 0x00, 0xE8, 0x57, 0x1A, 0x00, 0x00, 0x48, 0x85, 0xC0,
    0x74, 0x0E, 0x48, 0x8D, 0x78, 0x27, 0x48, 0x83, 0xE7, 0xE0, 0x48, 0x89, 0x47, 0xF8, 0xEB, 0x12, 0xFF, 0x15, 0xE6, 0x3E, 0x00, 0x00, 0xCC, 0x48, 0x8B, 0xCE,
    0xE8, 0x35, 0x1A, 0x00, 0x00, 0x48, 0x8B, 0xF8, 0x3E, 0x4C, 0x8B, 0xC6, 0x49, 0x8B, 0xD6, 0x48, 0x8B, 0xCF, 0xE8, 0xF5, 0x27, 0x00, 0x00, 0x44, 0x8B, 0xC3,
    0x48, 0x8D, 0x0C, 0x37, 0x48, 0x89, 0x4D, 0x68, 0x41, 0x83, 0xE0, 0x04, 0x75, 0x16, 0x48, 0x8B, 0x45, 0x18, 0x2B, 0xCF, 0x48, 0x89, 0x38, 0x48, 0x8B, 0x45,
    0x38, 0x48, 0x89, 0x38, 0x48, 0x8B, 0x45, 0x50, 0x89, 0x08, 0xF6, 0xC3, 0x02, 0x75, 0x41, 0x48, 0x8B, 0x55, 0x68, 0xF6, 0xC3, 0x18, 0x48, 0x8B, 0x45, 0x20,
    0x48, 0x8B, 0xCA, 0x48, 0x0F, 0x44, 0xCF, 0x2B, 0xD1, 0x48, 0x89, 0x38, 0x48, 0x8B, 0x45, 0x40, 0x48, 0x89, 0x08, 0x48, 0x8B, 0x45, 0x58, 0x89, 0x10, 0x45,
    0x85, 0xC0, 0x74, 0x18, 0x48, 0x8B, 0x45, 0x18, 0x48, 0x89, 0x38, 0x48, 0x8B, 0x45, 0x38, 0x48, 0x89, 0x38, 0x48, 0x8B, 0x45, 0x50, 0xC7, 0x00, 0x00, 0x00,
    0x00, 0x00, 0x83, 0xCB, 0x01, 0xEB, 0x08, 0x48, 0xC7, 0x41, 0x68, 0x00, 0x00, 0x00, 0x00, 0x48, 0x8B, 0x7C, 0x24, 0x30, 0x48, 0x8B, 0x74, 0x24, 0x48, 0x89,
    0x5D, 0x70, 0x48, 0x8B, 0x5C, 0x24, 0x38, 0x48, 0x8B, 0x6C, 0x24, 0x40, 0x48, 0x83, 0xC4, 0x20, 0x41, 0x5E, 0xC3, 0x0F, 0x1F, 0x00, 0xE8, 0xCB, 0xCF, 0xFF,
    0xFF, 0xCC, 0xCC, 0xCC, 0xCC, 0xCC, 0xCC, 0xCC, 0xCC, 0xCC, 0xCC, 0xCC, 0xCC, 0xCC, 0xCC, 0xCC, 0xCC, 0xCC, 0xCC, 0xCC, 0xCC, 0xCC, 0xCC, 0xCC, 0xCC, 0xCC,
    0xCC, 0xCC, 0x36, 0x48, 0x89, 0x5C, 0x24, 0x10, 0x48, 0x89, 0x6C, 0x24, 0x18, 0x56, 0x57, 0x41, 0x57, 0x48, 0x83, 0xEC, 0x20, 0x48, 0x8B, 0x69, 0x18, 0x49,
    0x8B, 0xF0, 0x4C, 0x8B, 0xFA, 0x48, 0x8B, 0xD9, 0x4C, 0x3B, 0xC5, 0x77, 0x21, 0x48, 0x8B, 0xF9, 0x48, 0x83, 0xFD, 0x0F, 0x76, 0x03, 0x48, 0x8B, 0x39, 0x48,
    0x89, 0x71, 0x10, 0x48, 0x8B, 0xCF, 0xE8, 0xB7, 0x29, 0x00, 0x00, 0xC6, 0x04, 0x37, 0x00, 0xE9, 0x08, 0x01, 0x00, 0x00, 0x48, 0xBF, 0xFF, 0xFF, 0xFF, 0xFF,
    0xFF, 0xFF, 0xFF, 0x7F, 0x48, 0x3B, 0xF7, 0x0F, 0x87, 0x12, 0x01, 0x00, 0x00, 0x48, 0x8B, 0xCE, 0x4C, 0x89, 0x74, 0x24, 0x40, 0x48, 0x83, 0xC9, 0x0F, 0x48,
    0x3B, 0xCF, 0x77, 0x4E, 0x48, 0x8B, 0xD5, 0x48, 0x8B, 0xC7, 0x48, 0xD1, 0xEA, 0x48, 0x2B, 0xC2, 0x48, 0x3B, 0xE8, 0x77, 0x3D, 0x48, 0x8D, 0x04, 0x2A, 0x48,
    0x8B, 0xF9, 0x48, 0x3B, 0xC8, 0x48, 0x0F, 0x42, 0xF8, 0x48, 0x8D, 0x4F, 0x01, 0x48, 0x85, 0xC9, 0x75, 0x05, 0x45, 0x33, 0xF6, 0xEB, 0x56, 0x66, 0x0F, 0x1F,
    0x84, 0x00, 0x00, 0x00, 0x00, 0x00, 0x48, 0x81, 0xF9, 0x00, 0x10, 0x00, 0x00, 0x72, 0x3C, 0x48, 0x8D, 0x41, 0x27, 0x48, 0x3B, 0xC1, 0x0F, 0x86, 0xBB, 0x00,
    0x00, 0x00, 0xEB, 0x0E, 0x48, 0xB8, 0x00, 0x00, 0x00, 0x00, 0x00, 0x00, 0x00, 0x80, 0x48, 0x83, 0xC0, 0x27, 0x48, 0x8B, 0xC8, 0xE8, 0x9A, 0x18, 0x00, 0x00,
    0x48, 0x85, 0xC0, 0x0F, 0x84, 0x8D, 0x00, 0x00, 0x00, 0x4C, 0x8D, 0x70, 0x27, 0x49, 0x83, 0xE6, 0xE0, 0x49, 0x89, 0x46, 0xF8, 0xEB, 0x08, 0xE8, 0x7E, 0x18,
    0x00, 0x00, 0x4C, 0x8B, 0xF0, 0x3E, 0x3E, 0x4C, 0x8B, 0xC6, 0x48, 0x89, 0x73, 0x10, 0x49, 0x8B, 0xD7, 0x48, 0x89, 0x7B, 0x18, 0x49, 0x8B, 0xCE, 0xE8, 0x35,
    0x26, 0x00, 0x00, 0x41, 0xC6, 0x04, 0x36, 0x00, 0x48, 0x83, 0xFD, 0x0F, 0x76, 0x36, 0x3E, 0x3E, 0x3E, 0x3E, 0x3E, 0x3E, 0x3E, 0x3E, 0x3E, 0x48, 0x8B, 0x0B,
    0x48, 0x8D, 0x55, 0x01, 0x48, 0x81, 0xFA, 0x00, 0x10, 0x00, 0x00, 0x72, 0x18, 0x4C, 0x8B, 0x41, 0xF8, 0x48, 0x83, 0xC2, 0x27, 0x49, 0x2B, 0xC8, 0x48, 0x8D,
    0x41, 0xF8, 0x48, 0x83, 0xF8, 0x1F, 0x77, 0x26, 0x49, 0x8B, 0xC8, 0xE8, 0x1A, 0x18, 0x00, 0x00, 0x4C, 0x89, 0x33, 0x4C, 0x8B, 0x74, 0x24, 0x40, 0x48, 0x8B,
    0x6C, 0x24, 0x50, 0x48, 0x8B, 0xC3, 0x48, 0x8B, 0x5C, 0x24, 0x48, 0x48, 0x83, 0xC4, 0x20, 0x41, 0x5F, 0x5F, 0x5E, 0xC3, 0xFF, 0x15, 0xA6, 0x3C, 0x00, 0x00,
    0xCC, 0xE8, 0xF0, 0xCE, 0xFF, 0xFF, 0xCC, 0xE8, 0x3A, 0xCE, 0xFF, 0xFF, 0xCC, 0xCC, 0xCC, 0xCC, 0xCC, 0xCC, 0xCC, 0xCC, 0xCC, 0xCC, 0x48, 0x89, 0x5C, 0x24,
    0x10, 0x48, 0x89, 0x4C, 0x24, 0x08, 0x56, 0x57, 0x41, 0x54, 0x41, 0x56, 0x41, 0x57, 0x48, 0x83, 0xEC, 0x30, 0x4C, 0x8B, 0xFA, 0x48, 0x8B, 0xF1, 0x33, 0xDB,
    0x89, 0x5C, 0x24, 0x70, 0x49, 0xC7, 0xC6, 0xFF, 0xFF, 0xFF, 0xFF, 0x0F, 0x1F, 0x80, 0x00, 0x00, 0x00, 0x00, 0x49, 0xFF, 0xC6, 0x42, 0x38, 0x1C, 0x32, 0x75,
    0xF7, 0x48, 0x8B, 0x01, 0x48, 0x63, 0x48, 0x04, 0x48, 0x8B, 0x7C, 0x31, 0x28, 0x48, 0x85, 0xFF, 0x7E, 0x0A, 0x49, 0x3B, 0xFE, 0x7E, 0x05, 0x49, 0x2B, 0xFE,
    0xEB, 0x02, 0x33, 0xFF, 0x4C, 0x8B, 0xE6, 0x48, 0x89, 0x74, 0x24, 0x20, 0x48, 0x8B, 0x4C, 0x31, 0x48, 0x48, 0x85, 0xC9, 0x74, 0x07, 0x48, 0x8B, 0x01, 0xFF,
    0x50, 0x08, 0x90, 0x48, 0x8B, 0x06, 0x48, 0x63, 0x48, 0x04, 0x48, 0x03, 0xCE, 0xFF, 0x15, 0x51, 0x3A, 0x00, 0x00, 0x90, 0x84, 0xC0, 0x74, 0x36, 0x48, 0x8B,
    0x06, 0x48, 0x63, 0x48, 0x04, 0x48, 0x8B, 0x4C, 0x31, 0x50, 0x48, 0x85, 0xC9, 0x74, 0x23, 0x48, 0x3B, 0xCE, 0x74, 0x1E, 0x66, 0x0F, 0x1F, 0x44, 0x00, 0x00,
    0xFF, 0x15, 0x7A, 0x39, 0x00, 0x00, 0x48, 0x8B, 0x06, 0x48, 0x63, 0x48, 0x04, 0x48, 0x03, 0xCE, 0xFF, 0x15, 0x1A, 0x3A, 0x00, 0x00, 0xEB, 0x02, 0xB0, 0x01,
    0x3E, 0x3E, 0x88, 0x44, 0x24, 0x28, 0x84, 0xC0, 0x75, 0x0A, 0xBB, 0x04, 0x00, 0x00, 0x00, 0xE9, 0xB3, 0x00, 0x00, 0x00, 0x3E, 0x3E, 0x48, 0x8B, 0x06, 0x48,
    0x63, 0x40, 0x04, 0x8B, 0x44, 0x30, 0x18, 0x25, 0xC0, 0x01, 0x00, 0x00, 0x83, 0xF8, 0x40, 0x74, 0x32, 0x48, 0x85, 0xFF, 0x7E, 0x2D, 0x3E, 0x3E, 0x3E, 0x3E,
    0x3E, 0x48, 0x8B, 0x06, 0x48, 0x63, 0x48, 0x04, 0x0F, 0xB6, 0x54, 0x31, 0x58, 0x48, 0x8B, 0x4C, 0x31, 0x48, 0xFF, 0x15, 0xF2, 0x38, 0x00, 0x00, 0x83, 0xF8,
    0xFF, 0x75, 0x07, 0xBB, 0x04, 0x00, 0x00, 0x00, 0xEB, 0x4B, 0x48, 0xFF, 0xCF, 0xEB, 0xCE, 0x48, 0x8B, 0x06, 0x48, 0x63, 0x48, 0x04, 0x4D, 0x8B, 0xC6, 0x49,
    0x8B, 0xD7, 0x48, 0x8B, 0x4C, 0x31, 0x48, 0xFF, 0x15, 0xA9, 0x38, 0x00, 0x00, 0x49, 0x3B, 0xC6, 0x75, 0x26, 0x48, 0x85, 0xFF, 0x7E, 0x28, 0x48, 0x8B, 0x06,
    0x48, 0x63, 0x48, 0x04, 0x0F, 0xB6, 0x54, 0x31, 0x58, 0x48, 0x8B, 0x4C, 0x31, 0x48, 0xFF, 0x15, 0xA8, 0x38, 0x00, 0x00, 0x83, 0xF8, 0xFF, 0x74, 0x05, 0x48,
    0xFF, 0xCF, 0xEB, 0xDA, 0x83, 0xCB, 0x04, 0x89, 0x5C, 0x24, 0x70, 0x48, 0x8B, 0x06, 0x48, 0x63, 0x48, 0x04, 0x48, 0xC7, 0x44, 0x31, 0x28, 0x00, 0x00, 0x00,
    0x00, 0xEB, 0x0E, 0x48, 0x8B, 0x74, 0x24, 0x60, 0x8B, 0x5C, 0x24, 0x70, 0x4C, 0x8B, 0x64, 0x24, 0x20, 0x48, 0x8B, 0x06, 0x48, 0x63, 0x48, 0x04, 0x48, 0x03,
    0xCE, 0x45, 0x33, 0xC0, 0x8B, 0xD3, 0xFF, 0x15, 0xA2, 0x38, 0x00, 0x00, 0x90, 0xFF, 0x15, 0x73, 0x39, 0x00, 0x00, 0x0F, 0x1F, 0x00, 0x85, 0xC0, 0x75, 0x0A,
    0x49, 0x8B, 0xCC, 0xFF, 0x15, 0x6B, 0x38, 0x00, 0x00, 0x90, 0x3E, 0x3E, 0x3E, 0x3E, 0x3E, 0x49, 0x8B, 0x04, 0x24, 0x48, 0x63, 0x48, 0x04, 0x4A, 0x8B, 0x4C,
    0x21, 0x48, 0x48, 0x85, 0xC9, 0x74, 0x07, 0x48, 0x8B, 0x01, 0xFF, 0x50, 0x10, 0x90, 0x48, 0x8B, 0xC6, 0x48, 0x8B, 0x5C, 0x24, 0x68, 0x48, 0x83, 0xC4, 0x30,
    0x41, 0x5F, 0x41, 0x5E, 0x41, 0x5C, 0x5F, 0x5E, 0xC3, 0xCC, 0xCC, 0xCC, 0xCC, 0xCC, 0xCC, 0xCC, 0xCC, 0xCC, 0xCC, 0xCC, 0xCC, 0xCC, 0xCC, 0xCC, 0xCC, 0xCC,
    0xCC, 0xCC, 0xCC, 0xCC, 0xCC, 0xCC, 0xCC, 0xCC, 0xCC, 0xCC, 0xCC, 0xCC, 0xCC, 0xCC, 0x48, 0x89, 0x54, 0x24, 0x10, 0x48, 0x89, 0x4C, 0x24, 0x08, 0x53, 0x56,
    0x57, 0x41, 0x54, 0x41, 0x55, 0x41, 0x56, 0x41, 0x57, 0x48, 0x83, 0xEC, 0x40, 0x48, 0x8B, 0xF9, 0x48, 0x8D, 0x05, 0x05, 0x3F, 0x00, 0x00, 0x48, 0x89, 0x84,
    0x24, 0x90, 0x00, 0x00, 0x00, 0x33, 0xDB, 0x89, 0x9C, 0x24, 0x88, 0x00, 0x00, 0x00, 0x41, 0xBC, 0x0D, 0x00, 0x00, 0x00, 0x48, 0x8B, 0x01, 0x48, 0x63, 0x50,
    0x04, 0x48, 0x8B, 0x74, 0x0A, 0x28, 0x48, 0x83, 0xFE, 0x0E, 0x7C, 0x06, 0x48, 0x83, 0xC6, 0xF3, 0xEB, 0x02, 0x33, 0xF6, 0x4C, 0x8B, 0xFF, 0x48, 0x89, 0x7C,
    0x24, 0x20, 0x48, 0x8B, 0x4C, 0x0A, 0x48, 0x48, 0x85, 0xC9, 0x74, 0x07, 0x48, 0x8B, 0x01, 0xFF, 0x50, 0x08, 0x90, 0x48, 0x8B, 0x07, 0x48, 0x63, 0x48, 0x04,
    0x48, 0x03, 0xCF, 0xFF, 0x15, 0x53, 0x38, 0x00, 0x00, 0x0F, 0x1F, 0x00, 0x84, 0xC0, 0x74, 0x36, 0x48, 0x8B, 0x07, 0x48, 0x63, 0x48, 0x04, 0x48, 0x8B, 0x4C,
    0x39, 0x50, 0x48, 0x85, 0xC9, 0x74, 0x23, 0x48, 0x3B, 0xCF, 0x74, 0x1E, 0x66, 0x0F, 0x1F, 0x44, 0x00, 0x00, 0xFF, 0x15, 0x8A, 0x37, 0x00, 0x00, 0x48, 0x8B,
    0x07, 0x48, 0x63, 0x48, 0x04, 0x48, 0x03, 0xCF, 0xFF, 0x15, 0x1A, 0x38, 0x00, 0x00, 0xEB, 0x02, 0xB0, 0x01, 0x3E, 0x3E, 0x88, 0x44, 0x24, 0x28, 0x84, 0xC0,
    0x75, 0x0A, 0xBB, 0x04, 0x00, 0x00, 0x00, 0xE9, 0x6D, 0x01, 0x00, 0x00, 0x3E, 0x3E, 0x3E, 0x48, 0x8B, 0x07, 0x48, 0x63, 0x48, 0x04, 0x48, 0x03, 0xCF, 0x48,
    0x8D, 0x54, 0x24, 0x30, 0xFF, 0x15, 0xE2, 0x37, 0x00, 0x00, 0x90, 0x48, 0x8B, 0xC8, 0xE8, 0xB1, 0x03, 0x00, 0x00, 0x3E, 0x3E, 0x3E, 0x3E, 0x48, 0x89, 0x84,
    0x24, 0x98, 0x00, 0x00, 0x00, 0x48, 0x8B, 0x4C, 0x24, 0x38, 0x48, 0x85, 0xC9, 0x74, 0x1E, 0x48, 0x8B, 0x11, 0xFF, 0x52, 0x10, 0x48, 0x85, 0xC0, 0x74, 0x13,
    0x3E, 0x3E, 0x48, 0x8B, 0x08, 0x4C, 0x8B, 0x01, 0xBA, 0x01, 0x00, 0x00, 0x00, 0x48, 0x8B, 0xC8, 0x41, 0xFF, 0xD0, 0x48, 0x8B, 0x07, 0x48, 0x63, 0x40, 0x04,
    0x8B, 0x44, 0x38, 0x18, 0x25, 0xC0, 0x01, 0x00, 0x00, 0x41, 0xBF, 0xFF, 0xFF, 0x00, 0x00, 0x83, 0xF8, 0x40, 0x74, 0x3F, 0x66, 0x90, 0x48, 0x85, 0xF6, 0x7E,
    0x38, 0x48, 0x8B, 0x07, 0x48, 0x63, 0x48, 0x04, 0x0F, 0xB7, 0x54, 0x39, 0x58, 0x48, 0x8B, 0x4C, 0x39, 0x48, 0xFF, 0x15, 0xA4, 0x36, 0x00, 0x00, 0x0F, 0x1F,
    0x40, 0x00, 0x66, 0x44, 0x3B, 0xF8, 0x75, 0x12, 0x41, 0xBE, 0x04, 0x00, 0x00, 0x00, 0x41, 0x8B, 0xDE, 0x89, 0x9C, 0x24, 0x88, 0x00, 0x00, 0x00, 0xEB, 0x0B,
    0x48, 0xFF, 0xCE, 0xEB, 0xC3, 0x41, 0xBE, 0x04, 0x00, 0x00, 0x00, 0x85, 0xDB, 0x0F, 0x85, 0x85, 0x00, 0x00, 0x00, 0x4D, 0x85, 0xE4, 0x7E, 0x52, 0x48, 0x8B,
    0x07, 0x48, 0x63, 0x48, 0x04, 0x4C, 0x8B, 0x6C, 0x39, 0x48, 0x48, 0x8B, 0x94, 0x24, 0x90, 0x00, 0x00, 0x00, 0x0F, 0xB6, 0x12, 0x48, 0x8B, 0x8C, 0x24, 0x98,
    0x00, 0x00, 0x00, 0xFF, 0x15, 0x33, 0x37, 0x00, 0x00, 0x3E, 0x3E, 0x3E, 0x3E, 0x3E, 0x0F, 0xB7, 0xD0, 0x49, 0x8B, 0xCD, 0xFF, 0x15, 0x3A, 0x36, 0x00, 0x00,
    0x66, 0x44, 0x3B, 0xF8, 0x41, 0x0F, 0x44, 0xDE, 0x89, 0x9C, 0x24, 0x88, 0x00, 0x00, 0x00, 0x49, 0xFF, 0xCC, 0x48, 0xFF, 0x84, 0x24, 0x90, 0x00, 0x00, 0x00,
    0xEB, 0xA1, 0x48, 0x85, 0xF6, 0x7E, 0x29, 0x48, 0x8B, 0x07, 0x48, 0x63, 0x48, 0x04, 0x0F, 0xB7, 0x54, 0x39, 0x58, 0x48, 0x8B, 0x4C, 0x39, 0x48, 0xFF, 0x15,
    0x02, 0x36, 0x00, 0x00, 0x66, 0x90, 0x66, 0x44, 0x3B, 0xF8, 0x75, 0x1C, 0x83, 0xCB, 0x04, 0x89, 0x9C, 0x24, 0x88, 0x00, 0x00, 0x00, 0x48, 0x8B, 0x07, 0x48,
    0x63, 0x48, 0x04, 0x48, 0xC7, 0x44, 0x39, 0x28, 0x00, 0x00, 0x00, 0x00, 0xEB, 0x14, 0x48, 0xFF, 0xCE, 0xEB, 0xBB, 0x48, 0x8B, 0xBC, 0x24, 0x80, 0x00, 0x00,
    0x00, 0x8B, 0x9C, 0x24, 0x88, 0x00, 0x00, 0x00, 0x4C, 0x8B, 0x7C, 0x24, 0x20, 0x48, 0x8B, 0x07, 0x48, 0x63, 0x48, 0x04, 0x48, 0x03, 0xCF, 0x45, 0x33, 0xC0,
    0x8B, 0xD3, 0xFF, 0x15, 0xF8, 0x35, 0x00, 0x00, 0x90, 0xFF, 0x15, 0xB9, 0x36, 0x00, 0x00, 0x85, 0xC0, 0x75, 0x0C, 0x3E, 0x3E, 0x49, 0x8B, 0xCF, 0xFF, 0x15,
    0xC2, 0x35, 0x00, 0x00, 0x90, 0x49, 0x8B, 0x07, 0x48, 0x63, 0x48, 0x04, 0x4A, 0x8B, 0x4C, 0x39, 0x48, 0x48, 0x85, 0xC9, 0x74, 0x07, 0x48, 0x8B, 0x01, 0xFF,
    0x50, 0x10, 0x90, 0x48, 0x8B, 0xC7, 0x48, 0x83, 0xC4, 0x40, 0x41, 0x5F, 0x41, 0x5E, 0x41, 0x5D, 0x41, 0x5C, 0x5F, 0x5E, 0x5B, 0xC3, 0xCC, 0xCC, 0xCC, 0xCC,
    0xCC, 0xCC, 0xCC, 0xCC, 0xCC, 0xCC, 0xCC, 0xCC, 0xCC, 0xCC, 0x48, 0x89, 0x5C, 0x24, 0x10, 0x48, 0x89, 0x74, 0x24, 0x20, 0x48, 0x89, 0x4C, 0x24, 0x08, 0x57,
    0x41, 0x54, 0x41, 0x55, 0x41, 0x56, 0x41, 0x57, 0x48, 0x83, 0xEC, 0x30, 0x4C, 0x8B, 0xE2, 0x48, 0x8B, 0xF1, 0x33, 0xDB, 0x89, 0x5C, 0x24, 0x70, 0x49, 0xC7,
    0xC6, 0xFF, 0xFF, 0xFF, 0xFF, 0x90, 0x49, 0xFF, 0xC6, 0x66, 0x42, 0x39, 0x1C, 0x72, 0x75, 0xF6, 0x48, 0x8B, 0x01, 0x48, 0x63, 0x48, 0x04, 0x48, 0x8B, 0x7C,
    0x31, 0x28, 0x48, 0x85, 0xFF, 0x7E, 0x0A, 0x49, 0x3B, 0xFE, 0x7E, 0x05, 0x49, 0x2B, 0xFE, 0xEB, 0x02, 0x33, 0xFF, 0x4C, 0x8B, 0xEE, 0x48, 0x89, 0x74, 0x24,
    0x20, 0x48, 0x8B, 0x4C, 0x31, 0x48, 0x48, 0x85, 0xC9, 0x74, 0x07, 0x48, 0x8B, 0x01, 0xFF, 0x50, 0x08, 0x90, 0x3E, 0x3E, 0x3E, 0x3E, 0x3E, 0x3E, 0x48, 0x8B,
    0x06, 0x48, 0x63, 0x48, 0x04, 0x48, 0x03, 0xCE, 0xFF, 0x15, 0xAA, 0x35, 0x00, 0x00, 0x84, 0xC0, 0x74, 0x35, 0x48, 0x8B, 0x06, 0x48, 0x63, 0x48, 0x04, 0x48,
    0x8B, 0x4C, 0x31, 0x50, 0x48, 0x85, 0xC9, 0x74, 0x22, 0x0F, 0x1F, 0x44, 0x00, 0x00, 0x48, 0x3B, 0xCE, 0x74, 0x18, 0xFF, 0x15, 0xE5, 0x34, 0x00, 0x00, 0x48,
    0x8B, 0x06, 0x48, 0x63, 0x48, 0x04, 0x48, 0x03, 0xCE, 0xFF, 0x15, 0x75, 0x35, 0x00, 0x00, 0xEB, 0x02, 0xB0, 0x01, 0x88, 0x44, 0x24, 0x28, 0x84, 0xC0, 0x75,
    0x0A, 0xBB, 0x04, 0x00, 0x00, 0x00, 0xE9, 0xC1, 0x00, 0x00, 0x00, 0x48, 0x8B, 0x06, 0x48, 0x63, 0x40, 0x04, 0x8B, 0x44, 0x30, 0x18, 0x25, 0xC0, 0x01, 0x00,
    0x00, 0x41, 0xBF, 0xFF, 0xFF, 0x00, 0x00, 0x83, 0xF8, 0x40, 0x74, 0x32, 0x0F, 0x1F, 0x40, 0x00, 0x48, 0x85, 0xFF, 0x7E, 0x29, 0x48, 0x8B, 0x06, 0x48, 0x63,
    0x48, 0x04, 0x0F, 0xB7, 0x54, 0x31, 0x58, 0x48, 0x8B, 0x4C, 0x31, 0x48, 0xFF, 0x15, 0x54, 0x34, 0x00, 0x00, 0x66, 0x44, 0x3B, 0xF8, 0x75, 0x07, 0xBB, 0x04,
    0x00, 0x00, 0x00, 0xEB, 0x55, 0x48, 0xFF, 0xCF, 0xEB, 0xD2, 0x48, 0x8B, 0x06, 0x48, 0x63, 0x48, 0x04, 0x4D, 0x8B, 0xC6, 0x49, 0x8B, 0xD4, 0x48, 0x8B, 0x4C,
    0x31, 0x48, 0xFF, 0x15, 0x0A, 0x34, 0x00, 0x00, 0x49, 0x3B, 0xC6, 0x75, 0x30, 0x0F, 0x1F, 0x44, 0x00, 0x00, 0x48, 0x85, 0xFF, 0x7E, 0x2D, 0x48, 0x8B, 0x06,
    0x48, 0x63, 0x48, 0x04, 0x0F, 0xB7, 0x54, 0x31, 0x58, 0x48, 0x8B, 0x4C, 0x31, 0x48, 0xFF, 0x15, 0x04, 0x34, 0x00, 0x00, 0x0F, 0x1F, 0x40, 0x00, 0x66, 0x44,
    0x3B, 0xF8, 0x74, 0x05, 0x48, 0xFF, 0xCF, 0xEB, 0xD5, 0x83, 0xCB, 0x04, 0x89, 0x5C, 0x24, 0x70, 0x48, 0x8B, 0x06, 0x48, 0x63, 0x48, 0x04, 0x48, 0xC7, 0x44,
    0x31, 0x28, 0x00, 0x00, 0x00, 0x00, 0xEB, 0x0E, 0x48, 0x8B, 0x74, 0x24, 0x60, 0x8B, 0x5C, 0x24, 0x70, 0x4C, 0x8B, 0x6C, 0x24, 0x20, 0x48, 0x8B, 0x06, 0x48,
    0x63, 0x48, 0x04, 0x48, 0x03, 0xCE, 0x45, 0x33, 0xC0, 0x8B, 0xD3, 0xFF, 0x15, 0x01, 0x34, 0x00, 0x00, 0x90, 0xFF, 0x15, 0xC2, 0x34, 0x00, 0x00, 0x85, 0xC0,
    0x75, 0x0A, 0x49, 0x8B, 0xCD, 0xFF, 0x15, 0xCD, 0x33, 0x00, 0x00, 0x90, 0x49, 0x8B, 0x45, 0x00, 0x48, 0x63, 0x48, 0x04, 0x4A, 0x8B, 0x4C, 0x29, 0x48, 0x48,
    0x85, 0xC9, 0x74, 0x07, 0x48, 0x8B, 0x01, 0xFF, 0x50, 0x10, 0x90, 0x48, 0x8B, 0xC6, 0x48, 0x8B, 0x5C, 0x24, 0x68, 0x48, 0x8B, 0x74, 0x24, 0x78, 0x48, 0x83,
    0xC4, 0x30, 0x41, 0x5F, 0x41, 0x5E, 0x41, 0x5D, 0x41, 0x5C, 0x5F, 0xC3, 0xCC, 0xCC, 0xCC, 0xCC, 0xCC, 0xCC, 0xCC, 0xCC, 0xCC, 0xCC, 0xCC, 0xCC, 0xCC, 0xCC,
    0xCC, 0xCC, 0x48, 0x89, 0x5C, 0x24, 0x20, 0x55, 0x56, 0x57, 0x48, 0x83, 0xEC, 0x20, 0x48, 0x8B, 0xE9, 0x33, 0xD2, 0x48, 0x8D, 0x4C, 0x24, 0x40, 0xFF, 0x15,
    0x64, 0x34, 0x00, 0x00, 0x90, 0x48, 0x8B, 0x05, 0x3C, 0x79, 0x00, 0x00, 0x48, 0x89, 0x44, 0x24, 0x48, 0x48, 0x8B, 0x0D, 0x40, 0x33, 0x00, 0x00, 0xFF, 0x15,
    0x1A, 0x34, 0x00, 0x00, 0x48, 0x8B, 0xF0, 0x48, 0x8B, 0x55, 0x08, 0x48, 0x8D, 0x3C, 0xC5, 0x00, 0x00, 0x00, 0x00, 0x48, 0x3B, 0x42, 0x18, 0x73, 0x0F, 0x48,
    0x8B, 0x4A, 0x10, 0x48, 0x8B, 0x1C, 0x0F, 0x48, 0x85, 0xDB, 0x75, 0x68, 0xEB, 0x02, 0x33, 0xDB, 0x80, 0x7A, 0x24, 0x00, 0x74, 0x14, 0xFF, 0x15, 0x00, 0x34,
    0x00, 0x00, 0x48, 0x3B, 0x70, 0x18, 0x73, 0x0D, 0x48, 0x8B, 0x40, 0x10, 0x48, 0x8B, 0x1C, 0x07, 0x48, 0x85, 0xDB, 0x75, 0x45, 0x48, 0x8B, 0x5C, 0x24, 0x48,
    0x48, 0x85, 0xDB, 0x75, 0x3B, 0x48, 0x8B, 0xD5, 0x48, 0x8D, 0x4C, 0x24, 0x48, 0xFF, 0x15, 0xAD, 0x33, 0x00, 0x00, 0x48, 0x83, 0xF8, 0xFF, 0x74, 0x42, 0x48,
    0x8B, 0x5C, 0x24, 0x48, 0x48, 0x89, 0x5C, 0x24, 0x50, 0x48, 0x8B, 0xCB, 0xE8, 0xD1, 0x1D, 0x00, 0x00, 0x48, 0x8B, 0x03, 0x48, 0x8B, 0xCB, 0xFF, 0x50, 0x08,
    0x48, 0x8B, 0x5C, 0x24, 0x48, 0x48, 0x89, 0x1D, 0xA0, 0x78, 0x00, 0x00, 0x48, 0x8D, 0x4C, 0x24, 0x40, 0xFF, 0x15, 0xBD, 0x33, 0x00, 0x00, 0x48, 0x8B, 0xC3,
    0x48, 0x8B, 0x5C, 0x24, 0x58, 0x48, 0x83, 0xC4, 0x20, 0x5F, 0x5E, 0x5D, 0xC3, 0x0F, 0x1F, 0x44, 0x00, 0x00, 0xE8, 0x4B, 0xC6, 0xFF, 0xFF, 0x90, 0xCC, 0xCC,
    0xCC, 0xCC, 0xCC, 0xCC, 0xCC, 0xCC, 0xCC, 0xCC, 0xCC, 0xCC, 0xCC, 0xCC, 0xCC, 0xCC, 0xCC, 0xCC, 0xCC, 0xCC, 0xCC, 0xCC, 0xCC, 0xCC, 0xCC, 0xCC, 0x36, 0x36,
    0x36, 0x36, 0x36, 0x36, 0x48, 0x89, 0x5C, 0x24, 0x08, 0x48, 0x89, 0x74, 0x24, 0x10, 0x48, 0x89, 0x7C, 0x24, 0x18, 0x4C, 0x8B, 0x5C, 0x24, 0x28, 0x49, 0x8B,
    0xD9, 0x48, 0x8B, 0xF9, 0x4C, 0x3B, 0xDA, 0x0F, 0x87, 0xA7, 0x00, 0x00, 0x00, 0x49, 0x2B, 0xD3, 0x4D, 0x85, 0xDB, 0x75, 0x12, 0x33, 0xC0, 0x48, 0x8B, 0x5C,
    0x24, 0x08, 0x48, 0x8B, 0x74, 0x24, 0x10, 0x48, 0x8B, 0x7C, 0x24, 0x18, 0xC3, 0x45, 0x0F, 0xB7, 0x11, 0x48, 0x8D, 0x34, 0x51, 0x48, 0x8B, 0xC7, 0x66, 0x90,
    0x3E, 0x48, 0x8D, 0x4E, 0x02, 0xBA, 0x00, 0x00, 0x00, 0x00, 0x48, 0x2B, 0xC8, 0x48, 0xD1, 0xF9, 0x74, 0x1C, 0x66, 0x44, 0x39, 0x10, 0x74, 0x13, 0x48, 0x83,
    0xF9, 0x01, 0x74, 0x10, 0x48, 0x83, 0xC0, 0x02, 0x48, 0xFF, 0xC9, 0x66, 0x44, 0x39, 0x10, 0x75, 0xED, 0x48, 0x8B, 0xD0, 0x48, 0x8B, 0xC2, 0x48, 0x85, 0xD2,
    0x74, 0x4A, 0x4D, 0x8B, 0xC3, 0x48, 0x8B, 0xD3, 0x4D, 0x85, 0xDB, 0x74, 0x23, 0x4C, 0x8B, 0xC8, 0x4C, 0x2B, 0xCB, 0x66, 0x0F, 0x1F, 0x84, 0x00, 0x00, 0x00,
    0x00, 0x00, 0x41, 0x0F, 0xB7, 0x0C, 0x11, 0x66, 0x3B, 0x0A, 0x75, 0x20, 0x48, 0x83, 0xC2, 0x02, 0x49, 0x83, 0xE8, 0x01, 0x75, 0xEC, 0x48, 0x2B, 0xC7, 0x48,
    0xD1, 0xF8, 0x48, 0x8B, 0x5C, 0x24, 0x08, 0x48, 0x8B, 0x74, 0x24, 0x10, 0x48, 0x8B, 0x7C, 0x24, 0x18, 0xC3, 0x48, 0x83, 0xC0, 0x02, 0xEB, 0x80, 0x48, 0x8B,
    0x5C, 0x24, 0x08, 0x48, 0xC7, 0xC0, 0xFF, 0xFF, 0xFF, 0xFF, 0x48, 0x8B, 0x74, 0x24, 0x10, 0x48, 0x8B, 0x7C, 0x24, 0x18, 0xC3, 0xCC, 0xCC, 0xCC, 0xCC, 0xCC,
    0xCC, 0xCC, 0xCC, 0xCC, 0xCC, 0xCC, 0xCC, 0xCC, 0xCC, 0xCC, 0xCC, 0xCC, 0xCC, 0xCC, 0xCC, 0xCC, 0xCC, 0xCC, 0xCC, 0xCC, 0x48, 0x89, 0x5C, 0x24, 0x20, 0x56,
    0x41, 0x56, 0x41, 0x57, 0x48, 0x83, 0xEC, 0x20, 0x4C, 0x8B, 0x71, 0x10, 0x48, 0xBB, 0xFF, 0xFF, 0xFF, 0xFF, 0xFF, 0xFF, 0xFF, 0x7F, 0x48, 0x8B, 0xC3, 0x45,
    0x0F, 0xB6, 0xF9, 0x49, 0x2B, 0xC6, 0x48, 0x8B, 0xF1, 0x48, 0x83, 0xF8, 0x01, 0x0F, 0x82, 0x35, 0x01, 0x00, 0x00, 0x48, 0x89, 0x6C, 0x24, 0x40, 0x48, 0x8B,
    0x69, 0x18, 0x48, 0x89, 0x7C, 0x24, 0x48, 0x4C, 0x89, 0x64, 0x24, 0x50, 0x4D, 0x8D, 0x66, 0x01, 0x49, 0x8B, 0xD4, 0x48, 0x83, 0xCA, 0x0F, 0x48, 0x3B, 0xD3,
    0x77, 0x44, 0x48, 0x8B, 0xCD, 0x48, 0x8B, 0xC3, 0x48, 0xD1, 0xE9, 0x48, 0x2B, 0xC1, 0x48, 0x3B, 0xE8, 0x77, 0x33, 0x48, 0x8D, 0x04, 0x29, 0x48, 0x8B, 0xDA,
    0x48, 0x3B, 0xD0, 0x48, 0x0F, 0x42, 0xD8, 0x48, 0x8D, 0x4B, 0x01, 0x48, 0x85, 0xC9, 0x75, 0x04, 0x33, 0xFF, 0xEB, 0x49, 0x48, 0x81, 0xF9, 0x00, 0x10, 0x00,
    0x00, 0x72, 0x38, 0x48, 0x8D, 0x41, 0x27, 0x48, 0x3B, 0xC1, 0x0F, 0x86, 0xD6, 0x00, 0x00, 0x00, 0xEB, 0x0E, 0x48, 0xB8, 0x00, 0x00, 0x00, 0x00, 0x00, 0x00,
    0x00, 0x80, 0x48, 0x83, 0xC0, 0x27, 0x48, 0x8B, 0xC8, 0xE8, 0x98, 0x0E, 0x00, 0x00, 0x48, 0x85, 0xC0, 0x74, 0x76, 0x48, 0x8D, 0x78, 0x27, 0x48, 0x83, 0xE7,
    0xE0, 0x48, 0x89, 0x47, 0xF8, 0xEB, 0x08, 0xE8, 0x80, 0x0E, 0x00, 0x00, 0x48, 0x8B, 0xF8, 0x4C, 0x89, 0x66, 0x10, 0x4D, 0x8B, 0xC6, 0x48, 0x89, 0x5E, 0x18,
    0x48, 0x8B, 0xCF, 0x48, 0x83, 0xFD, 0x0F, 0x76, 0x53, 0x48, 0x8B, 0x1E, 0x48, 0x8B, 0xD3, 0xE8, 0x30, 0x1C, 0x00, 0x00, 0x36, 0x36, 0x36, 0x36, 0x36, 0x36,
    0x36, 0x36, 0x48, 0x8D, 0x55, 0x01, 0x45, 0x88, 0x3C, 0x3E, 0x41, 0xC6, 0x44, 0x3E, 0x01, 0x00, 0x48, 0x81, 0xFA, 0x00, 0x10, 0x00, 0x00, 0x72, 0x18, 0x48,
    0x8B, 0x4B, 0xF8, 0x48, 0x83, 0xC2, 0x27, 0x48, 0x2B, 0xD9, 0x48, 0x8D, 0x43, 0xF8, 0x48, 0x83, 0xF8, 0x1F, 0x77, 0x0D, 0x48, 0x8B, 0xD9, 0x48, 0x8B, 0xCB,
    0xE8, 0x17, 0x0E, 0x00, 0x00, 0xEB, 0x19, 0xFF, 0x15, 0xBF, 0x32, 0x00, 0x00, 0xCC, 0x48, 0x8B, 0xD6, 0xE8, 0xE0, 0x1B, 0x00, 0x00, 0x45, 0x88, 0x3C, 0x3E,
    0x41, 0xC6, 0x44, 0x3E, 0x01, 0x00, 0x48, 0x89, 0x3E, 0x48, 0x8B, 0xC6, 0x48, 0x8B, 0x7C, 0x24, 0x48, 0x48, 0x8B, 0x6C, 0x24, 0x40, 0x4C, 0x8B, 0x64, 0x24,
    0x50, 0x48, 0x8B, 0x5C, 0x24, 0x58, 0x48, 0x83, 0xC4, 0x20, 0x41, 0x5F, 0x41, 0x5E, 0x5E, 0xC3, 0xE8, 0xD3, 0xC4, 0xFF, 0xFF, 0xCC, 0xE8, 0x1D, 0xC4, 0xFF,
    0xFF, 0xCC, 0xCC, 0xCC, 0xCC, 0xCC, 0xCC, 0xCC, 0xCC, 0xCC, 0xCC, 0xCC, 0xCC, 0xCC, 0x48, 0x89, 0x5C, 0x24, 0x10, 0x48, 0x89, 0x6C, 0x24, 0x18, 0x48, 0x89,
    0x74, 0x24, 0x20, 0x41, 0x56, 0x48, 0x83, 0xEC, 0x20, 0x48, 0xBE, 0xFF, 0xFF, 0xFF, 0xFF, 0xFF, 0xFF, 0xFF, 0x7F, 0x49, 0x8B, 0xD8, 0x48, 0x8B, 0xEA, 0x4C,
    0x8B, 0xF1, 0x4C, 0x3B, 0xC6, 0x0F, 0x87, 0xDD, 0x00, 0x00, 0x00, 0x48, 0x83, 0xFB, 0x0F, 0x77, 0x1B, 0x48, 0x89, 0x59, 0x10, 0x48, 0xC7, 0x41, 0x18, 0x0F,
    0x00, 0x00, 0x00, 0xE8, 0x52, 0x1B, 0x00, 0x00, 0x42, 0xC6, 0x04, 0x33, 0x00, 0xE9, 0xA6, 0x00, 0x00, 0x00, 0x3E, 0x3E, 0x48, 0x8B, 0xC3, 0x48, 0x89, 0x7C,
    0x24, 0x30, 0x48, 0x83, 0xC8, 0x0F, 0x48, 0x3B, 0xC6, 0x76, 0x2E, 0x48, 0xB8, 0x00, 0x00, 0x00, 0x00, 0x00, 0x00, 0x00, 0x80, 0x48, 0x83, 0xC0, 0x27, 0x48,
    0x8B, 0xC8, 0xE8, 0x4D, 0x0D, 0x00, 0x00, 0x0F, 0x1F, 0x44, 0x00, 0x00, 0x48, 0x85, 0xC0, 0x74, 0x42, 0x48, 0x8D, 0x78, 0x27, 0x48, 0x83, 0xE7, 0xE0, 0x48,
    0x89, 0x47, 0xF8, 0xEB, 0x43, 0xB9, 0x16, 0x00, 0x00, 0x00, 0x48, 0x8B, 0xF0, 0x48, 0x3B, 0xC1, 0x48, 0x0F, 0x42, 0xF1, 0x48, 0x8D, 0x4E, 0x01, 0x48, 0x85,
    0xC9, 0x75, 0x04, 0x33, 0xFF, 0xEB, 0x27, 0x48, 0x81, 0xF9, 0x00, 0x10, 0x00, 0x00, 0x72, 0x16, 0x3E, 0x3E, 0x3E, 0x3E, 0x48, 0x8D, 0x41, 0x27, 0x48, 0x3B,
    0xC1, 0x76, 0x4F, 0xEB, 0xAC, 0xFF, 0x15, 0xA3, 0x31, 0x00, 0x00, 0xCC, 0xE8, 0xF5, 0x0C, 0x00, 0x00, 0x48, 0x8B, 0xF8, 0x4C, 0x8B, 0xC3, 0x49, 0x89, 0x3E,
    0x48, 0x8B, 0xD5, 0x49, 0x89, 0x5E, 0x10, 0x48, 0x8B, 0xCF, 0x49, 0x89, 0x76, 0x18, 0xE8, 0xAB, 0x1A, 0x00, 0x00, 0xC6, 0x04, 0x1F, 0x00, 0x48, 0x8B, 0x7C,
    0x24, 0x30, 0x48, 0x8B, 0x5C, 0x24, 0x38, 0x48, 0x8B, 0x6C, 0x24, 0x40, 0x48, 0x8B, 0x74, 0x24, 0x48, 0x48, 0x83, 0xC4, 0x20, 0x41, 0x5E, 0xC3, 0xE8, 0xAD,
    0xC3, 0xFF, 0xFF, 0xCC, 0xE8, 0xF7, 0xC2, 0xFF, 0xFF, 0xCC, 0xCC, 0xCC, 0xCC, 0xCC, 0xCC, 0xCC, 0x40, 0x53, 0x56, 0x41, 0x54, 0x41, 0x55, 0x41, 0x57, 0x48,
    0x83, 0xEC, 0x20, 0x4C, 0x8B, 0x79, 0x10, 0x48, 0xBB, 0xFF, 0xFF, 0xFF, 0xFF, 0xFF, 0xFF, 0xFF, 0x7F, 0x4C, 0x8B, 0x64, 0x24, 0x70, 0x48, 0x8B, 0xC3, 0x49,
    0x2B, 0xC7, 0x4D, 0x8B, 0xE9, 0x48, 0x8B, 0xF1, 0x48, 0x3B, 0xC2, 0x0F, 0x82, 0x48, 0x01, 0x00, 0x00, 0x48, 0x89, 0x6C, 0x24, 0x50, 0x48, 0x8B, 0x69, 0x18,
    0x48, 0x89, 0x7C, 0x24, 0x58, 0x4C, 0x89, 0x74, 0x24, 0x60, 0x4D, 0x8D, 0x34, 0x17, 0x49, 0x8B, 0xD6, 0x48, 0x83, 0xCA, 0x0F, 0x48, 0x3B, 0xD3, 0x77, 0x4A,
    0x48, 0x8B, 0xCD, 0x48, 0x8B, 0xC3, 0x48, 0xD1, 0xE9, 0x48, 0x2B, 0xC1, 0x48, 0x3B, 0xE8, 0x77, 0x39, 0x3E, 0x3E, 0x3E, 0x3E, 0x3E, 0x48, 0x8D, 0x04, 0x29,
    0x48, 0x8B, 0xDA, 0x48, 0x3B, 0xD0, 0x48, 0x0F, 0x42, 0xD8, 0x48, 0x8D, 0x4B, 0x01, 0x48, 0x85, 0xC9, 0x75, 0x04, 0x33, 0xFF, 0xEB, 0x4A, 0x48, 0x81, 0xF9,
    0x00, 0x10, 0x00, 0x00, 0x72, 0x39, 0x48, 0x8D, 0x41, 0x27, 0x48, 0x3B, 0xC1, 0x0F, 0x86, 0xE7, 0x00, 0x00, 0x00, 0x90, 0xEB, 0x0E, 0x48, 0xB8, 0x00, 0x00,
    0x00, 0x00, 0x00, 0x00, 0x00, 0x80, 0x48, 0x83, 0xC0, 0x27, 0x48, 0x8B, 0xC8, 0xE8, 0xF0, 0x0B, 0x00, 0x00, 0x48, 0x85, 0xC0, 0x74, 0x7C, 0x48, 0x8D, 0x78,
    0x27, 0x48, 0x83, 0xE7, 0xE0, 0x48, 0x89, 0x47, 0xF8, 0xEB, 0x08, 0xE8, 0xD8, 0x0B, 0x00, 0x00, 0x48, 0x8B, 0xF8, 0x4C, 0x89, 0x76, 0x10, 0x4D, 0x8D, 0x34,
    0x3F, 0x48, 0x89, 0x5E, 0x18, 0x4D, 0x8B, 0xC7, 0x48, 0x8B, 0xCF, 0x48, 0x83, 0xFD, 0x0F, 0x76, 0x55, 0x48, 0x8B, 0x1E, 0x48, 0x8B, 0xD3, 0xE8, 0x84, 0x19,
    0x00, 0x00, 0x3E, 0x4D, 0x8B, 0xC4, 0x49, 0x8B, 0xD5, 0x49, 0x8B, 0xCE, 0xE8, 0x75, 0x19, 0x00, 0x00, 0x48, 0x8D, 0x55, 0x01, 0x43, 0xC6, 0x04, 0x26, 0x00,
    0x48, 0x81, 0xFA, 0x00, 0x10, 0x00, 0x00, 0x72, 0x18, 0x48, 0x8B, 0x4B, 0xF8, 0x48, 0x83, 0xC2, 0x27, 0x48, 0x2B, 0xD9, 0x48, 0x8D, 0x43, 0xF8, 0x48, 0x83,
    0xF8, 0x1F, 0x77, 0x0D, 0x48, 0x8B, 0xD9, 0x48, 0x8B, 0xCB, 0xE8, 0x69, 0x0B, 0x00, 0x00, 0xEB, 0x22, 0xFF, 0x15, 0x11, 0x30, 0x00, 0x00, 0xCC, 0x48, 0x8B,
    0xD6, 0xE8, 0x32, 0x19, 0x00, 0x00, 0x4D, 0x8B, 0xC4, 0x49, 0x8B, 0xD5, 0x49, 0x8B, 0xCE, 0xE8, 0x24, 0x19, 0x00, 0x00, 0x43, 0xC6, 0x04, 0x26, 0x00, 0x48,
    0x89, 0x3E, 0x48, 0x8B, 0xC6, 0x48, 0x8B, 0x7C, 0x24, 0x58, 0x48, 0x8B, 0x6C, 0x24, 0x50, 0x4C, 0x8B, 0x74, 0x24, 0x60, 0x48, 0x83, 0xC4, 0x20, 0x41, 0x5F,
    0x41, 0x5D, 0x41, 0x5C, 0x5E, 0x5B, 0xC3, 0x0F, 0x1F, 0x00, 0xE8, 0x1B, 0xC2, 0xFF, 0xFF, 0xCC, 0xE8, 0x65, 0xC1, 0xFF, 0xFF, 0xCC, 0xCC, 0xCC, 0xCC, 0xCC,
    0x48, 0x8B, 0x09, 0x48, 0x85, 0xC9, 0x74, 0x0B, 0x48, 0x8B, 0x01, 0xBA, 0x01, 0x00, 0x00, 0x00, 0x48, 0xFF, 0x20, 0xC3, 0xCC, 0xCC, 0xCC, 0xCC, 0xCC, 0xCC,
    0xCC, 0xCC, 0xCC, 0xCC, 0xCC, 0xCC, 0xCC, 0xCC, 0xCC, 0xCC, 0xCC, 0xCC, 0xCC, 0xCC, 0xCC, 0xCC, 0xCC, 0xCC, 0xCC, 0xCC, 0xCC, 0xCC, 0x48, 0x89, 0x5C, 0x24,
    0x10, 0x44, 0x88, 0x44, 0x24, 0x18, 0x48, 0x89, 0x4C, 0x24, 0x08, 0x56, 0x57, 0x41, 0x54, 0x41, 0x56, 0x41, 0x57, 0x48, 0x83, 0xEC, 0x30, 0x48, 0x8B, 0xFA,
    0x48, 0x8B, 0xF1, 0x33, 0xDB, 0x89, 0x5C, 0x24, 0x78, 0x45, 0x32, 0xF6, 0x44, 0x88, 0x74, 0x24, 0x70, 0x4C, 0x8B, 0xF9, 0x48, 0x89, 0x4C, 0x24, 0x20, 0x48,
    0x8B, 0x01, 0x4C, 0x63, 0x40, 0x04, 0x49, 0x8B, 0x4C, 0x08, 0x48, 0x48, 0x85, 0xC9, 0x74, 0x07, 0x48, 0x8B, 0x01, 0xFF, 0x50, 0x08, 0x90, 0xB2, 0x01, 0x48,
    0x8B, 0xCE, 0xFF, 0x15, 0x6E, 0x2C, 0x00, 0x00, 0x3E, 0x3E, 0x88, 0x44, 0x24, 0x28, 0x84, 0xC0, 0x0F, 0x84, 0xE6, 0x00, 0x00, 0x00, 0x48, 0x89, 0x5F, 0x10,
    0x48, 0x8B, 0xC7, 0x48, 0x83, 0x7F, 0x18, 0x0F, 0x76, 0x03, 0x48, 0x8B, 0x07, 0xC6, 0x00, 0x00, 0x48, 0x8B, 0x06, 0x48, 0x63, 0x48, 0x04, 0x48, 0x8B, 0x4C,
    0x31, 0x48, 0xFF, 0x15, 0x62, 0x2C, 0x00, 0x00, 0x44, 0x8B, 0xC8, 0x49, 0xBC, 0xFF, 0xFF, 0xFF, 0xFF, 0xFF, 0xFF, 0xFF, 0x7F, 0x0F, 0x1F, 0x44, 0x00, 0x00,
    0x41, 0x83, 0xF9, 0xFF, 0x75, 0x07, 0xBB, 0x01, 0x00, 0x00, 0x00, 0xEB, 0x30, 0x41, 0x83, 0xF9, 0x2C, 0x75, 0x1C, 0x41, 0xB6, 0x01, 0x44, 0x88, 0x74, 0x24,
    0x70, 0x48, 0x8B, 0x06, 0x48, 0x63, 0x48, 0x04, 0x48, 0x8B, 0x4C, 0x31, 0x48, 0xFF, 0x15, 0x1B, 0x2C, 0x00, 0x00, 0xEB, 0x12, 0x48, 0x8B, 0x4F, 0x10, 0x49,
    0x3B, 0xCC, 0x72, 0x0B, 0xBB, 0x02, 0x00, 0x00, 0x00, 0x89, 0x5C, 0x24, 0x78, 0xEB, 0x66, 0x48, 0x8B, 0x57, 0x18, 0x48, 0x3B, 0xCA, 0x73, 0x1F, 0x48, 0x8D,
    0x41, 0x01, 0x48, 0x89, 0x47, 0x10, 0x48, 0x8B, 0xC7, 0x48, 0x83, 0xFA, 0x0F, 0x76, 0x03, 0x48, 0x8B, 0x07, 0x44, 0x88, 0x0C, 0x08, 0xC6, 0x44, 0x08, 0x01,
    0x00, 0xEB, 0x08, 0x48, 0x8B, 0xCF, 0xE8, 0x8D, 0xFA, 0xFF, 0xFF, 0x41, 0xB6, 0x01, 0x44, 0x88, 0x74, 0x24, 0x70, 0x48, 0x8B, 0x06, 0x48, 0x63, 0x48, 0x04,
    0x48, 0x8B, 0x4C, 0x31, 0x48, 0xFF, 0x15, 0xA3, 0x2B, 0x00, 0x00, 0x44, 0x8B, 0xC8, 0xE9, 0x6B, 0xFF, 0xFF, 0xFF, 0x48, 0x8B, 0x74, 0x24, 0x60, 0x8B, 0x5C,
    0x24, 0x78, 0x44, 0x0F, 0xB6, 0x74, 0x24, 0x70, 0x4C, 0x8B, 0x7C, 0x24, 0x20, 0x45, 0x84, 0xF6, 0x75, 0x03, 0x83, 0xCB, 0x02, 0x48, 0x8B, 0x06, 0x48, 0x63,
    0x48, 0x04, 0x48, 0x03, 0xCE, 0x45, 0x33, 0xC0, 0x8B, 0xD3, 0xFF, 0x15, 0xD2, 0x2B, 0x00, 0x00, 0x90, 0x49, 0x8B, 0x07, 0x48, 0x63, 0x48, 0x04, 0x4A, 0x8B,
    0x4C, 0x39, 0x48, 0x48, 0x85, 0xC9, 0x74, 0x07, 0x48, 0x8B, 0x01, 0xFF, 0x50, 0x10, 0x90, 0x48, 0x8B, 0xC6, 0x48, 0x8B, 0x5C, 0x24, 0x68, 0x48, 0x83, 0xC4,
    0x30, 0x41, 0x5F, 0x41, 0x5E, 0x41, 0x5C, 0x5F, 0x5E, 0xC3, 0xCC, 0xCC, 0xCC, 0xCC, 0xCC, 0xCC, 0xCC, 0xCC, 0xCC, 0xCC, 0xCC, 0xCC, 0x48, 0x89, 0x5C, 0x24,
    0x10, 0x48, 0x89, 0x4C, 0x24, 0x08, 0x56, 0x57, 0x41, 0x54, 0x41, 0x56, 0x41, 0x57, 0x48, 0x83, 0xEC, 0x30, 0x4D, 0x8B, 0xF8, 0x4C, 0x8B, 0xE2, 0x48, 0x8B,
    0xF1, 0x33, 0xDB, 0x89, 0x5C, 0x24, 0x78, 0x48, 0x8B, 0x01, 0x4C, 0x63, 0x48, 0x04, 0x49, 0x8B, 0x7C, 0x09, 0x28, 0x48, 0x85, 0xFF, 0x7E, 0x0C, 0x49, 0x3B,
    0xF8, 0x76, 0x07, 0x3E, 0x3E, 0x49, 0x2B, 0xF8, 0xEB, 0x02, 0x33, 0xFF, 0x4C, 0x8B, 0xF6, 0x48, 0x89, 0x74, 0x24, 0x20, 0x49, 0x8B, 0x4C, 0x09, 0x48, 0x48,
    0x85, 0xC9, 0x74, 0x07, 0x48, 0x8B, 0x01, 0xFF, 0x50, 0x08, 0x90, 0x48, 0x8B, 0x06, 0x48, 0x63, 0x48, 0x04, 0x48, 0x03, 0xCE, 0xFF, 0x15, 0xC3, 0x2B, 0x00,
    0x00, 0x84, 0xC0, 0x74, 0x39, 0x3E, 0x3E, 0x3E, 0x48, 0x8B, 0x06, 0x48, 0x63, 0x48, 0x04, 0x48, 0x8B, 0x4C, 0x31, 0x50, 0x48, 0x85, 0xC9, 0x74, 0x23, 0x48,
    0x3B, 0xCE, 0x74, 0x1E, 0xFF, 0x15, 0xF0, 0x2A, 0x00, 0x00, 0x3E, 0x3E, 0x3E, 0x3E, 0x3E, 0x3E, 0x48, 0x8B, 0x06, 0x48, 0x63, 0x48, 0x04, 0x48, 0x03, 0xCE,
    0xFF, 0x15, 0x8A, 0x2B, 0x00, 0x00, 0xEB, 0x02, 0xB0, 0x01, 0x88, 0x44, 0x24, 0x28, 0x84, 0xC0, 0x75, 0x0A, 0xBB, 0x04, 0x00, 0x00, 0x00, 0xE9, 0xB5, 0x00,
    0x00, 0x00, 0x48, 0x8B, 0x06, 0x48, 0x63, 0x40, 0x04, 0x8B, 0x44, 0x30, 0x18, 0x25, 0xC0, 0x01, 0x00, 0x00, 0x83, 0xF8, 0x40, 0x74, 0x31, 0x48, 0x85, 0xFF,
    0x74, 0x2C, 0x48, 0x8B, 0x06, 0x48, 0x63, 0x48, 0x04, 0x0F, 0xB6, 0x54, 0x31, 0x58, 0x48, 0x8B, 0x4C, 0x31, 0x48, 0xFF, 0x15, 0x6B, 0x2A, 0x00, 0x00, 0x83,
    0xF8, 0xFF, 0x75, 0x0B, 0xBB, 0x04, 0x00, 0x00, 0x00, 0x89, 0x5C, 0x24, 0x78, 0xEB, 0x23, 0x48, 0xFF, 0xCF, 0xEB, 0xCF, 0x48, 0x8B, 0x06, 0x48, 0x63, 0x48,
    0x04, 0x4D, 0x8B, 0xC7, 0x49, 0x8B, 0xD4, 0x48, 0x8B, 0x4C, 0x31, 0x48, 0xFF, 0x15, 0x1E, 0x2A, 0x00, 0x00, 0x49, 0x3B, 0xC7, 0x75, 0x2B, 0x90, 0x48, 0x85,
    0xFF, 0x74, 0x2C, 0x48, 0x8B, 0x06, 0x48, 0x63, 0x48, 0x04, 0x0F, 0xB6, 0x54, 0x31, 0x58, 0x48, 0x8B, 0x4C, 0x31, 0x48, 0xFF, 0x15, 0x1C, 0x2A, 0x00, 0x00,
    0x0F, 0x1F, 0x40, 0x00, 0x83, 0xF8, 0xFF, 0x74, 0x05, 0x48, 0xFF, 0xCF, 0xEB, 0xD6, 0x83, 0xCB, 0x04, 0x89, 0x5C, 0x24, 0x78, 0x48, 0x8B, 0x06, 0x48, 0x63,
    0x48, 0x04, 0x48, 0xC7, 0x44, 0x31, 0x28, 0x00, 0x00, 0x00, 0x00, 0xEB, 0x0E, 0x48, 0x8B, 0x74, 0x24, 0x60, 0x8B, 0x5C, 0x24, 0x78, 0x4C, 0x8B, 0x74, 0x24,
    0x20, 0x48, 0x8B, 0x06, 0x48, 0x63, 0x48, 0x04, 0x48, 0x03, 0xCE, 0x45, 0x33, 0xC0, 0x8B, 0xD3, 0xFF, 0x15, 0x12, 0x2A, 0x00, 0x00, 0x90, 0xFF, 0x15, 0xE3,
    0x2A, 0x00, 0x00, 0x85, 0xC0, 0x75, 0x0A, 0x49, 0x8B, 0xCE, 0xFF, 0x15, 0xDE, 0x29, 0x00, 0x00, 0x90, 0x49, 0x8B, 0x06, 0x48, 0x63, 0x48, 0x04, 0x4A, 0x8B,
    0x4C, 0x31, 0x48, 0x48, 0x85, 0xC9, 0x74, 0x07, 0x48, 0x8B, 0x01, 0xFF, 0x50, 0x10, 0x90, 0x48, 0x8B, 0xC6, 0x48, 0x8B, 0x5C, 0x24, 0x68, 0x48, 0x83, 0xC4,
    0x30, 0x41, 0x5F, 0x41, 0x5E, 0x41, 0x5C, 0x5F, 0x5E, 0xC3, 0xCC, 0xCC, 0xCC, 0xCC, 0xCC, 0xCC, 0xCC, 0xCC, 0xCC, 0xCC, 0xCC, 0xCC, 0xCC, 0xCC, 0xCC, 0xCC,
    0xCC, 0xCC, 0xCC, 0xCC, 0xCC, 0xCC, 0xCC, 0xCC, 0x36, 0x36, 0x36, 0x36, 0x48, 0x89, 0x5C, 0x24, 0x08, 0x48, 0x89, 0x6C, 0x24, 0x10, 0x48, 0x89, 0x74, 0x24,
    0x18, 0x48, 0x89, 0x7C, 0x24, 0x20, 0x41, 0x56, 0x48, 0x83, 0xEC, 0x20, 0x45, 0x33, 0xF6, 0x48, 0xC7, 0x41, 0x18, 0x07, 0x00, 0x00, 0x00, 0x48, 0xBD, 0xFE,
    0xFF, 0xFF, 0xFF, 0xFF, 0xFF, 0xFF, 0x7F, 0x4C, 0x89, 0x71, 0x10, 0x49, 0x8B, 0xF9, 0x48, 0x8B, 0xDA, 0x48, 0x8B, 0xF1, 0x4C, 0x3B, 0xCD, 0x0F, 0x87, 0x07,
    0x01, 0x00, 0x00, 0x49, 0x83, 0xF9, 0x07, 0x0F, 0x86, 0xAF, 0x00, 0x00, 0x00, 0x49, 0x8B, 0xC1, 0x48, 0x83, 0xC8, 0x07, 0x48, 0x3B, 0xC5, 0x76, 0x48, 0x48,
    0xB8, 0xFF, 0xFF, 0xFF, 0xFF, 0xFF, 0xFF, 0xFF, 0x7F, 0x48, 0x8D, 0x0C, 0x00, 0x48, 0x81, 0xF9, 0x00, 0x10, 0x00, 0x00, 0x72, 0x68, 0x3E, 0x3E, 0x3E, 0x3E,
    0x3E, 0x3E, 0x48, 0x8D, 0x41, 0x27, 0x48, 0x3B, 0xC1, 0x0F, 0x86, 0xC1, 0x00, 0x00, 0x00, 0x48, 0x8B, 0xC8, 0xE8, 0xD7, 0x06, 0x00, 0x00, 0x48, 0x8B, 0xC8,
    0x48, 0x85, 0xC0, 0x74, 0x3E, 0x48, 0x83, 0xC0, 0x27, 0x48, 0x83, 0xE0, 0xE0, 0x48, 0x89, 0x48, 0xF8, 0xEB, 0x3E, 0xB9, 0x0A, 0x00, 0x00, 0x00, 0x48, 0x8B,
    0xE8, 0x48, 0x3B, 0xC1, 0x48, 0xB8, 0xFF, 0xFF, 0xFF, 0xFF, 0xFF, 0xFF, 0xFF, 0x7F, 0x48, 0x0F, 0x42, 0xE9, 0x48, 0x8D, 0x4D, 0x01, 0x48, 0x3B, 0xC8, 0x0F,
    0x87, 0x7D, 0x00, 0x00, 0x00, 0x48, 0x03, 0xC9, 0x75, 0x9B, 0x49, 0x8B, 0xC6, 0xEB, 0x0E, 0xFF, 0x15, 0x33, 0x2B, 0x00, 0x00, 0xCC, 0x66, 0x90, 0xE8, 0x83,
    0x06, 0x00, 0x00, 0x48, 0x89, 0x06, 0x4C, 0x8B, 0xC6, 0x48, 0x89, 0x6E, 0x18, 0x48, 0x83, 0xFD, 0x07, 0x76, 0x10, 0x3E, 0x3E, 0x4C, 0x8B, 0xC0, 0x48, 0x8B,
    0xC8, 0x48, 0x8B, 0xD7, 0xEB, 0x0E, 0x4C, 0x8B, 0xC6, 0x49, 0x8B, 0xC8, 0x48, 0x8B, 0xD7, 0x48, 0x85, 0xFF, 0x74, 0x16, 0x3E, 0x3E, 0x0F, 0xBE, 0x03, 0x48,
    0x8D, 0x5B, 0x01, 0x66, 0x89, 0x01, 0x48, 0x8D, 0x49, 0x02, 0x48, 0x83, 0xEA, 0x01, 0x75, 0xEA, 0x48, 0x8B, 0x5C, 0x24, 0x30, 0x48, 0x8B, 0x6C, 0x24, 0x38,
    0x48, 0x89, 0x7E, 0x10, 0x48, 0x8B, 0x74, 0x24, 0x40, 0x66, 0x45, 0x89, 0x34, 0x78, 0x48, 0x8B, 0x7C, 0x24, 0x48, 0x48, 0x83, 0xC4, 0x20, 0x41, 0x5E, 0xC3,
    0xE8, 0x61, 0xBC, 0xFF, 0xFF, 0xCC, 0xE8, 0x0B, 0xBD, 0xFF, 0xFF, 0xCC, 0xCC, 0xCC, 0xCC, 0xCC, 0xCC, 0xCC, 0xCC, 0xCC, 0xCC, 0xCC, 0x36, 0x36, 0x36, 0x36,
    0x36, 0x48, 0x89, 0x6C, 0x24, 0x18, 0x48, 0x89, 0x74, 0x24, 0x20, 0x41, 0x54, 0x41, 0x56, 0x41, 0x57, 0x48, 0x83, 0xEC, 0x20, 0x48, 0x8B, 0x01, 0x4C, 0x8B,
    0xF2, 0x48, 0x8B, 0x69, 0x08, 0x4D, 0x8B, 0xE0, 0x48, 0x2B, 0xE8, 0x4C, 0x2B, 0xF0, 0x48, 0xC1, 0xFD, 0x04, 0x49, 0xB8, 0xFF, 0xFF, 0xFF, 0xFF, 0xFF, 0xFF,
    0xFF, 0x0F, 0x4C, 0x8B, 0xFA, 0x48, 0x8B, 0xF1, 0x49, 0x3B, 0xE8, 0x0F, 0x84, 0x5E, 0x01, 0x00, 0x00, 0x48, 0x8B, 0x49, 0x10, 0x48, 0xFF, 0xC5, 0x48, 0x2B,
    0xC8, 0x48, 0x89, 0x5C, 0x24, 0x40, 0x48, 0xC1, 0xF9, 0x04, 0x49, 0x8B, 0xC0, 0x48, 0x8B, 0xD1, 0x48, 0x89, 0x7C, 0x24, 0x48, 0x48, 0xD1, 0xEA, 0x48, 0x2B,
    0xC2, 0x48, 0x3B, 0xC8, 0x0F, 0x87, 0x37, 0x01, 0x00, 0x00, 0x48, 0x8D, 0x04, 0x0A, 0x48, 0x8B, 0xFD, 0x48, 0x3B, 0xC5, 0x48, 0x0F, 0x43, 0xF8, 0x49, 0x3B,
    0xF8, 0x0F, 0x87, 0x20, 0x01, 0x00, 0x00, 0x48, 0xC1, 0xE7, 0x04, 0x48, 0x85, 0xFF, 0x75, 0x04, 0x33, 0xDB, 0xEB, 0x48, 0x66, 0x0F, 0x1F, 0x44, 0x00, 0x00,
    0x48, 0x81, 0xFF, 0x00, 0x10, 0x00, 0x00, 0x72, 0x2E, 0x48, 0x8D, 0x4F, 0x27, 0x48, 0x3B, 0xCF, 0x0F, 0x86, 0xF7, 0x00, 0x00, 0x00, 0xE8, 0x4D, 0x05, 0x00,
    0x00, 0x0F, 0x1F, 0x44, 0x00, 0x00, 0x48, 0x85, 0xC0, 0x0F, 0x84, 0xD5, 0x00, 0x00, 0x00, 0x48, 0x8D, 0x58, 0x27, 0x48, 0x83, 0xE3, 0xE0, 0x48, 0x89, 0x43,
    0xF8, 0xEB, 0x0B, 0x48, 0x8B, 0xCF, 0xE8, 0x29, 0x05, 0x00, 0x00, 0x48, 0x8B, 0xD8, 0x3E, 0x3E, 0x3E, 0x3E, 0x41, 0x0F, 0x10, 0x04, 0x24, 0x49, 0x83, 0xE6,
    0xF0, 0x48, 0x8B, 0xCB, 0x4C, 0x03, 0xF3, 0x41, 0x0F, 0x11, 0x06, 0x4C, 0x8B, 0x46, 0x08, 0x48, 0x8B, 0x16, 0x4D, 0x3B, 0xF8, 0x75, 0x05, 0x4C, 0x2B, 0xC2,
    0xEB, 0x19, 0x4D, 0x8B, 0xC7, 0x4C, 0x2B, 0xC2, 0xE8, 0x7F, 0x15, 0x00, 0x00, 0x4C, 0x8B, 0x46, 0x08, 0x49, 0x8D, 0x4E, 0x10, 0x4D, 0x2B, 0xC7, 0x49, 0x8B,
    0xD7, 0xE8, 0x6C, 0x15, 0x00, 0x00, 0x48, 0x8B, 0x0E, 0x48, 0x85, 0xC9, 0x74, 0x36, 0x3E, 0x3E, 0x3E, 0x3E, 0x3E, 0x48, 0x8B, 0x56, 0x10, 0x48, 0x2B, 0xD1,
    0x48, 0x83, 0xE2, 0xF0, 0x48, 0x81, 0xFA, 0x00, 0x10, 0x00, 0x00, 0x72, 0x18, 0x4C, 0x8B, 0x41, 0xF8, 0x48, 0x83, 0xC2, 0x27, 0x49, 0x2B, 0xC8, 0x48, 0x8D,
    0x41, 0xF8, 0x48, 0x83, 0xF8, 0x1F, 0x77, 0x40, 0x49, 0x8B, 0xC8, 0xE8, 0x9A, 0x04, 0x00, 0x00, 0x48, 0x89, 0x1E, 0x48, 0x8D, 0x0C, 0x1F, 0x48, 0x8B, 0x7C,
    0x24, 0x48, 0x49, 0x8B, 0xC6, 0x48, 0xC1, 0xE5, 0x04, 0x48, 0x03, 0xEB, 0x48, 0x8B, 0x5C, 0x24, 0x40, 0x48, 0x89, 0x6E, 0x08, 0x48, 0x8B, 0x6C, 0x24, 0x50,
    0x48, 0x89, 0x4E, 0x10, 0x48, 0x8B, 0x74, 0x24, 0x58, 0x48, 0x83, 0xC4, 0x20, 0x41, 0x5F, 0x41, 0x5E, 0x41, 0x5C, 0xC3, 0x66, 0x90, 0xFF, 0x15, 0x0A, 0x29,
    0x00, 0x00, 0xCC, 0xE8, 0x34, 0x02, 0x00, 0x00, 0xCC, 0xE8, 0x9E, 0xBA, 0xFF, 0xFF, 0xCC, 0xCC, 0xCC, 0xCC, 0xCC, 0xCC, 0xCC, 0xCC, 0xCC, 0xCC, 0xCC, 0xCC,
    0xCC, 0xCC, 0x40, 0x55, 0x57, 0x41, 0x55, 0x41, 0x57, 0x48, 0x83, 0xEC, 0x28, 0x4C, 0x8B, 0x09, 0x48, 0x8B, 0xEA, 0x48, 0x8B, 0x41, 0x08, 0x49, 0x2B, 0xE9,
    0x49, 0x2B, 0xC1, 0x48, 0xC1, 0xFD, 0x02, 0x4D, 0x8B, 0xE8, 0x48, 0xC1, 0xF8, 0x02, 0x49, 0xB8, 0xFF, 0xFF, 0xFF, 0xFF, 0xFF, 0xFF, 0xFF, 0x3F, 0x4C, 0x8B,
    0xFA, 0x48, 0x8B, 0xF9, 0x49, 0x3B, 0xC0, 0x0F, 0x84, 0x68, 0x01, 0x00, 0x00, 0x48, 0x8B, 0x49, 0x10, 0x48, 0x89, 0x5C, 0x24, 0x50, 0x49, 0x2B, 0xC9, 0x48,
    0xC1, 0xF9, 0x02, 0x48, 0x89, 0x74, 0x24, 0x58, 0x48, 0x8B, 0xD1, 0x4C, 0x89, 0x64, 0x24, 0x60, 0x4C, 0x8D, 0x60, 0x01, 0x48, 0xD1, 0xEA, 0x49, 0x8B, 0xC0,
    0x48, 0x2B, 0xC2, 0x4C, 0x89, 0x74, 0x24, 0x20, 0x48, 0x3B, 0xC8, 0x0F, 0x87, 0x36, 0x01, 0x00, 0x00, 0x48, 0x8D, 0x04, 0x0A, 0x49, 0x8B, 0xF4, 0x49, 0x3B,
    0xC4, 0x48, 0x0F, 0x43, 0xF0, 0x49, 0x3B, 0xF0, 0x0F, 0x87, 0x1F, 0x01, 0x00, 0x00, 0x48, 0x8D, 0x34, 0xB5, 0x00, 0x00, 0x00, 0x00, 0x48, 0x85, 0xF6, 0x75,
    0x04, 0x33, 0xDB, 0xEB, 0x43, 0x90, 0x48, 0x81, 0xFE, 0x00, 0x10, 0x00, 0x00, 0x72, 0x2E, 0x48, 0x8D, 0x4E, 0x27, 0x48, 0x3B, 0xCE, 0x0F, 0x86, 0xF7, 0x00,
    0x00, 0x00, 0xE8, 0x8D, 0x03, 0x00, 0x00, 0x0F, 0x1F, 0x44, 0x00, 0x00, 0x48, 0x85, 0xC0, 0x0F, 0x84, 0xD2, 0x00, 0x00, 0x00, 0x48, 0x8D, 0x58, 0x27, 0x48,
    0x83, 0xE3, 0xE0, 0x48, 0x89, 0x43, 0xF8, 0xEB, 0x0B, 0x48, 0x8B, 0xCE, 0xE8, 0x69, 0x03, 0x00, 0x00, 0x48, 0x8B, 0xD8, 0x41, 0x8B, 0x4D, 0x00, 0x4C, 0x8D,
    0x34, 0xAB, 0x41, 0x89, 0x0E, 0x48, 0x8B, 0xCB, 0x4C, 0x8B, 0x47, 0x08, 0x48, 0x8B, 0x17, 0x4D, 0x3B, 0xF8, 0x75, 0x06, 0x3E, 0x4C, 0x2B, 0xC2, 0xEB, 0x19,
    0x4D, 0x8B, 0xC7, 0x4C, 0x2B, 0xC2, 0xE8, 0xC7, 0x13, 0x00, 0x00, 0x4C, 0x8B, 0x47, 0x08, 0x49, 0x8D, 0x4E, 0x04, 0x4D, 0x2B, 0xC7, 0x49, 0x8B, 0xD7, 0x0F,
    0x1F, 0x44, 0x00, 0x00, 0xE8, 0xAF, 0x13, 0x00, 0x00, 0x48, 0x8B, 0x0F, 0x48, 0x85, 0xC9, 0x74, 0x39, 0x3E, 0x3E, 0x3E, 0x3E, 0x3E, 0x3E, 0x3E, 0x3E, 0x48,
    0x8B, 0x57, 0x10, 0x48, 0x2B, 0xD1, 0x48, 0x83, 0xE2, 0xFC, 0x48, 0x81, 0xFA, 0x00, 0x10, 0x00, 0x00, 0x72, 0x18, 0x4C, 0x8B, 0x41, 0xF8, 0x48, 0x83, 0xC2,
    0x27, 0x49, 0x2B, 0xC8, 0x48, 0x8D, 0x41, 0xF8, 0x48, 0x83, 0xF8, 0x1F, 0x77, 0x3D, 0x49, 0x8B, 0xC8, 0xE8, 0xDA, 0x02, 0x00, 0x00, 0x4A, 0x8D, 0x0C, 0xA3,
    0x48, 0x89, 0x1F, 0x4C, 0x8B, 0x64, 0x24, 0x60, 0x49, 0x8B, 0xC6, 0x4C, 0x8B, 0x74, 0x24, 0x20, 0x48, 0x89, 0x4F, 0x08, 0x48, 0x8D, 0x0C, 0x1E, 0x48, 0x8B,
    0x74, 0x24, 0x58, 0x48, 0x8B, 0x5C, 0x24, 0x50, 0x48, 0x89, 0x4F, 0x10, 0x48, 0x83, 0xC4, 0x28, 0x41, 0x5F, 0x41, 0x5D, 0x5F, 0x5D, 0xC3, 0x0F, 0x1F, 0x44,
    0x00, 0x00, 0xFF, 0x15, 0x4A, 0x27, 0x00, 0x00, 0xCC, 0xE8, 0x74, 0x00, 0x00, 0x00, 0xCC, 0xE8, 0xDE, 0xB8, 0xFF, 0xFF, 0xCC, 0xCC, 0xCC, 0xCC, 0xCC, 0xCC,
    0xCC, 0xCC, 0xCC, 0xCC, 0xCC, 0xCC, 0xCC, 0xCC, 0x48, 0x83, 0xEC, 0x28, 0x48, 0x8B, 0x09, 0x48, 0x8B, 0x01, 0x48, 0x63, 0x50, 0x04, 0x48, 0x8B, 0x4C, 0x0A,
    0x48, 0x48, 0x85, 0xC9, 0x74, 0x07, 0x48, 0x8B, 0x01, 0xFF, 0x50, 0x10, 0x90, 0x48, 0x83, 0xC4, 0x28, 0xC3, 0xCC, 0xCC, 0xCC, 0xCC, 0xCC, 0xCC, 0xCC, 0xCC,
    0xCC, 0xCC, 0xCC, 0xCC, 0xCC, 0xCC, 0xCC, 0xCC, 0xCC, 0xCC, 0xCC, 0xCC, 0xCC, 0xCC, 0xCC, 0xCC, 0xCC, 0xCC, 0xCC, 0xCC, 0x48, 0x8B, 0x09, 0x48, 0x85, 0xC9,
    0x74, 0x0A, 0xBA, 0x08, 0x00, 0x00, 0x00, 0xE9, 0x2E, 0x02, 0x00, 0x00, 0xC3, 0xCC, 0xCC, 0xCC, 0xCC, 0xCC, 0xCC, 0xCC, 0xCC, 0xCC, 0xCC, 0xCC, 0xCC, 0xCC,
    0x48, 0x83, 0xEC, 0x28, 0x48, 0x8D, 0x0D, 0x6D, 0x2B, 0x00, 0x00, 0xFF, 0x15, 0xDF, 0x23, 0x00, 0x00, 0xCC, 0xCC, 0xCC, 0xCC, 0xCC, 0xCC, 0xCC, 0xCC, 0xCC,
    0xCC, 0xCC, 0xCC, 0xCC, 0xCC, 0xCC, 0x40, 0x53, 0x48, 0x83, 0xEC, 0x20, 0x48, 0x8B, 0xD9, 0xFF, 0x11, 0xFF, 0x15, 0xC7, 0x23, 0x00, 0x00, 0xBA, 0x08, 0x00,
    0x00, 0x00, 0x48, 0x8B, 0xCB, 0xE8, 0xE2, 0x01, 0x00, 0x00, 0x33, 0xC0, 0x48, 0x83, 0xC4, 0x20, 0x5B, 0xC3, 0xCC, 0xCC, 0x48, 0x63, 0x41, 0xFC, 0x48, 0x2B,
    0xC8, 0xE9, 0xAC, 0xE5, 0xFF, 0xFF, 0xCC, 0xCC, 0xCC, 0xCC, 0xCC, 0xCC, 0xCC, 0xCC, 0xCC, 0xCC, 0xCC, 0xCC, 0x48, 0x89, 0x4C, 0x24, 0x08, 0x48, 0x89, 0x54,
    0x24, 0x10, 0x4C, 0x89, 0x44, 0x24, 0x18, 0x4C, 0x89, 0x4C, 0x24, 0x20, 0x48, 0x83, 0xEC, 0x28, 0xB9, 0x2D, 0x1D, 0x95, 0x00, 0xE8, 0x1E, 0xB5, 0xFF, 0xFF,
    0x48, 0x83, 0xC4, 0x28, 0x48, 0x8B, 0x4C, 0x24, 0x08, 0x48, 0x8B, 0x54, 0x24, 0x10, 0x4C, 0x8B, 0x44, 0x24, 0x18, 0x4C, 0x8B, 0x4C, 0x24, 0x20, 0x4C, 0x8B,
    0xD1, 0x0F, 0x05, 0xC3, 0x48, 0x89, 0x4C, 0x24, 0x08, 0x48, 0x89, 0x54, 0x24, 0x10, 0x4C, 0x89, 0x44, 0x24, 0x18, 0x4C, 0x89, 0x4C, 0x24, 0x20, 0x48, 0x83,
    0xEC, 0x28, 0xB9, 0x1B, 0xD1, 0x92, 0xC1, 0xE8, 0xDE, 0xB4, 0xFF, 0xFF, 0x48, 0x83, 0xC4, 0x28, 0x48, 0x8B, 0x4C, 0x24, 0x08, 0x48, 0x8B, 0x54, 0x24, 0x10,
    0x4C, 0x8B, 0x44, 0x24, 0x18, 0x4C, 0x8B, 0x4C, 0x24, 0x20, 0x4C, 0x8B, 0xD1, 0x0F, 0x05, 0xC3, 0x48, 0x89, 0x4C, 0x24, 0x08, 0x48, 0x89, 0x54, 0x24, 0x10,
    0x4C, 0x89, 0x44, 0x24, 0x18, 0x4C, 0x89, 0x4C, 0x24, 0x20, 0x48, 0x83, 0xEC, 0x28, 0xB9, 0xBA, 0x54, 0x2F, 0x75, 0xE8, 0x9E, 0xB4, 0xFF, 0xFF, 0x48, 0x83,
    0xC4, 0x28, 0x48, 0x8B, 0x4C, 0x24, 0x08, 0x48, 0x8B, 0x54, 0x24, 0x10, 0x4C, 0x8B, 0x44, 0x24, 0x18, 0x4C, 0x8B, 0x4C, 0x24, 0x20, 0x4C, 0x8B, 0xD1, 0x0F,
    0x05, 0xC3, 0x48, 0x89, 0x4C, 0x24, 0x08, 0x48, 0x89, 0x54, 0x24, 0x10, 0x4C, 0x89, 0x44, 0x24, 0x18, 0x4C, 0x89, 0x4C, 0x24, 0x20, 0x48, 0x83, 0xEC, 0x28,
    0xB9, 0x17, 0x07, 0x93, 0x0B, 0xE8, 0x5E, 0xB4, 0xFF, 0xFF, 0x48, 0x83, 0xC4, 0x28, 0x48, 0x8B, 0x4C, 0x24, 0x08, 0x48, 0x8B, 0x54, 0x24, 0x10, 0x4C, 0x8B,
    0x44, 0x24, 0x18, 0x4C, 0x8B, 0x4C, 0x24, 0x20, 0x4C, 0x8B, 0xD1, 0x0F, 0x05, 0xC3, 0x48, 0x89, 0x4C, 0x24, 0x08, 0x48, 0x89, 0x54, 0x24, 0x10, 0x4C, 0x89,
    0x44, 0x24, 0x18, 0x4C, 0x89, 0x4C, 0x24, 0x20, 0x48, 0x83, 0xEC, 0x28, 0xB9, 0x74, 0xE7, 0xD3, 0xCB, 0xE8, 0x1E, 0xB4, 0xFF, 0xFF, 0x48, 0x83, 0xC4, 0x28,
    0x48, 0x8B, 0x4C, 0x24, 0x08, 0x48, 0x8B, 0x54, 0x24, 0x10, 0x4C, 0x8B, 0x44, 0x24, 0x18, 0x4C, 0x8B, 0x4C, 0x24, 0x20, 0x4C, 0x8B, 0xD1, 0x0F, 0x05, 0xC3,
    0x48, 0x89, 0x4C, 0x24, 0x08, 0x48, 0x89, 0x54, 0x24, 0x10, 0x4C, 0x89, 0x44, 0x24, 0x18, 0x4C, 0x89, 0x4C, 0x24, 0x20, 0x48, 0x83, 0xEC, 0x28, 0xB9, 0x8F,
    0x8B, 0x1F, 0x83, 0xE8, 0xDE, 0xB3, 0xFF, 0xFF, 0x48, 0x83, 0xC4, 0x28, 0x48, 0x8B, 0x4C, 0x24, 0x08, 0x48, 0x8B, 0x54, 0x24, 0x10, 0x4C, 0x8B, 0x44, 0x24,
    0x18, 0x4C, 0x8B, 0x4C, 0x24, 0x20, 0x4C, 0x8B, 0xD1, 0x0F, 0x05, 0xC3, 0x48, 0x89, 0x4C, 0x24, 0x08, 0x48, 0x89, 0x54, 0x24, 0x10, 0x4C, 0x89, 0x44, 0x24,
    0x18, 0x4C, 0x89, 0x4C, 0x24, 0x20, 0x48, 0x83, 0xEC, 0x28, 0xB9, 0x28, 0xF9, 0x80, 0xE2, 0xE8, 0x9E, 0xB3, 0xFF, 0xFF, 0x48, 0x83, 0xC4, 0x28, 0x48, 0x8B,
    0x4C, 0x24, 0x08, 0x48, 0x8B, 0x54, 0x24, 0x10, 0x4C, 0x8B, 0x44, 0x24, 0x18, 0x4C, 0x8B, 0x4C, 0x24, 0x20, 0x4C, 0x8B, 0xD1, 0x0F, 0x05, 0xC3, 0xE9, 0x7F,
    0x02, 0x00, 0x00, 0xCC, 0xCC, 0xCC, 0x40, 0x53, 0x48, 0x83, 0xEC, 0x20, 0x48, 0x8B, 0xD9, 0xEB, 0x0F, 0x48, 0x8B, 0xCB, 0xE8, 0xD1, 0x0D, 0x00, 0x00, 0x85,
    0xC0, 0x74, 0x13, 0x48, 0x8B, 0xCB, 0xE8, 0xCB, 0x0D, 0x00, 0x00, 0x48, 0x85, 0xC0, 0x74, 0xE7, 0x48, 0x83, 0xC4, 0x20, 0x5B, 0xC3, 0x48, 0x83, 0xFB, 0xFF,
    0x74, 0x06, 0xE8, 0x17, 0x05, 0x00, 0x00, 0xCC, 0xE8, 0x31, 0x05, 0x00, 0x00, 0xCC, 0x48, 0x83, 0xEC, 0x28, 0xE8, 0x1B, 0x08, 0x00, 0x00, 0x85, 0xC0, 0x74,
    0x21, 0x65, 0x48, 0x8B, 0x04, 0x25, 0x30, 0x00, 0x00, 0x00, 0x48, 0x8B, 0x48, 0x08, 0xEB, 0x05, 0x48, 0x3B, 0xC8, 0x74, 0x14, 0x33, 0xC0, 0xF0, 0x48, 0x0F,
    0xB1, 0x0D, 0xB8, 0x61, 0x00, 0x00, 0x75, 0xEE, 0x32, 0xC0, 0x48, 0x83, 0xC4, 0x28, 0xC3, 0xB0, 0x01, 0xEB, 0xF7, 0xCC, 0xCC, 0xCC, 0x48, 0x83, 0xEC, 0x28,
    0x85, 0xC9, 0x75, 0x07, 0xC6, 0x05, 0xA1, 0x61, 0x00, 0x00, 0x01, 0xE8, 0x00, 0x05, 0x00, 0x00, 0xE8, 0xBF, 0x0A, 0x00, 0x00, 0x84, 0xC0, 0x75, 0x04, 0x32,
    0xC0, 0xEB, 0x14, 0xE8, 0xB2, 0x0A, 0x00, 0x00, 0x84, 0xC0, 0x75, 0x09, 0x33, 0xC9, 0xE8, 0xA7, 0x0A, 0x00, 0x00, 0xEB, 0xEA, 0xB0, 0x01, 0x48, 0x83, 0xC4,
    0x28, 0xC3, 0xCC, 0xCC, 0x40, 0x53, 0x48, 0x83, 0xEC, 0x20, 0x80, 0x3D, 0x68, 0x61, 0x00, 0x00, 0x00, 0x8B, 0xD9, 0x75, 0x67, 0x83, 0xF9, 0x01, 0x77, 0x6A,
    0xE8, 0x91, 0x07, 0x00, 0x00, 0x85, 0xC0, 0x74, 0x28, 0x85, 0xDB, 0x75, 0x24, 0x48, 0x8D, 0x0D, 0x52, 0x61, 0x00, 0x00, 0xE8, 0x19, 0x0D, 0x00, 0x00, 0x85,
    0xC0, 0x75, 0x10, 0x48, 0x8D, 0x0D, 0x5A, 0x61, 0x00, 0x00, 0xE8, 0x09, 0x0D, 0x00, 0x00, 0x85, 0xC0, 0x74, 0x2E, 0x32, 0xC0, 0xEB, 0x33, 0x66, 0x0F, 0x6F,
    0x05, 0xD5, 0x24, 0x00, 0x00, 0x48, 0x83, 0xC8, 0xFF, 0xF3, 0x0F, 0x7F, 0x05, 0x21, 0x61, 0x00, 0x00, 0x48, 0x89, 0x05, 0x2A, 0x61, 0x00, 0x00, 0xF3, 0x0F,
    0x7F, 0x05, 0x2A, 0x61, 0x00, 0x00, 0x48, 0x89, 0x05, 0x33, 0x61, 0x00, 0x00, 0xC6, 0x05, 0xFD, 0x60, 0x00, 0x00, 0x01, 0xB0, 0x01, 0x48, 0x83, 0xC4, 0x20,
    0x5B, 0xC3, 0xB9, 0x05, 0x00, 0x00, 0x00, 0xE8, 0x36, 0x07, 0x00, 0x00, 0xCC, 0xCC, 0x48, 0x83, 0xEC, 0x18, 0x4C, 0x8B, 0xC1, 0xB8, 0x4D, 0x5A, 0x00, 0x00,
    0x66, 0x39, 0x05, 0x45, 0x9F, 0xFF, 0xFF, 0x75, 0x78, 0x48, 0x63, 0x0D, 0x78, 0x9F, 0xFF, 0xFF, 0x48, 0x8D, 0x15, 0x35, 0x9F, 0xFF, 0xFF, 0x48, 0x03, 0xCA,
    0x81, 0x39, 0x50, 0x45, 0x00, 0x00, 0x75, 0x5F, 0xB8, 0x0B, 0x02, 0x00, 0x00, 0x66, 0x39, 0x41, 0x18, 0x75, 0x54, 0x4C, 0x2B, 0xC2, 0x0F, 0xB7, 0x51, 0x14,
    0x48, 0x83, 0xC2, 0x18, 0x48, 0x03, 0xD1, 0x0F, 0xB7, 0x41, 0x06, 0x48, 0x8D, 0x0C, 0x80, 0x4C, 0x8D, 0x0C, 0xCA, 0x48, 0x89, 0x14, 0x24, 0x49, 0x3B, 0xD1,
    0x74, 0x18, 0x8B, 0x4A, 0x0C, 0x4C, 0x3B, 0xC1, 0x72, 0x0A, 0x8B, 0x42, 0x08, 0x03, 0xC1, 0x4C, 0x3B, 0xC0, 0x72, 0x08, 0x48, 0x83, 0xC2, 0x28, 0xEB, 0xDF,
    0x33, 0xD2, 0x48, 0x85, 0xD2, 0x75, 0x04, 0x32, 0xC0, 0xEB, 0x14, 0x83, 0x7A, 0x24, 0x00, 0x7D, 0x04, 0x32, 0xC0, 0xEB, 0x0A, 0xB0, 0x01, 0xEB, 0x06, 0x32,
    0xC0, 0xEB, 0x02, 0x32, 0xC0, 0x48, 0x83, 0xC4, 0x18, 0xC3, 0x40, 0x53, 0x48, 0x83, 0xEC, 0x20, 0x8A, 0xD9, 0xE8, 0x7B, 0x06, 0x00, 0x00, 0x33, 0xD2, 0x85,
    0xC0, 0x74, 0x0B, 0x84, 0xDB, 0x75, 0x07, 0x48, 0x87, 0x15, 0x2A, 0x60, 0x00, 0x00, 0x48, 0x83, 0xC4, 0x20, 0x5B, 0xC3, 0x40, 0x53, 0x48, 0x83, 0xEC, 0x20,
    0x80, 0x3D, 0x1F, 0x60, 0x00, 0x00, 0x00, 0x8A, 0xD9, 0x74, 0x04, 0x84, 0xD2, 0x75, 0x0C, 0xE8, 0x3A, 0x09, 0x00, 0x00, 0x8A, 0xCB, 0xE8, 0x33, 0x09, 0x00,
    0x00, 0xB0, 0x01, 0x48, 0x83, 0xC4, 0x20, 0x5B, 0xC3, 0xCC, 0xCC, 0xCC, 0x40, 0x53, 0x48, 0x83, 0xEC, 0x20, 0x48, 0x83, 0x3D, 0xFA, 0x5F, 0x00, 0x00, 0xFF,
    0x48, 0x8B, 0xD9, 0x75, 0x07, 0xE8, 0xC8, 0x0B, 0x00, 0x00, 0xEB, 0x0F, 0x48, 0x8B, 0xD3, 0x48, 0x8D, 0x0D, 0xE4, 0x5F, 0x00, 0x00, 0xE8, 0xB1, 0x0B, 0x00,
    0x00, 0x33, 0xD2, 0x85, 0xC0, 0x48, 0x0F, 0x44, 0xD3, 0x48, 0x8B, 0xC2, 0x48, 0x83, 0xC4, 0x20, 0x5B, 0xC3, 0xCC, 0xCC, 0x48, 0x83, 0xEC, 0x28, 0xE8, 0xBB,
    0xFF, 0xFF, 0xFF, 0x48, 0xF7, 0xD8, 0x1B, 0xC0, 0xF7, 0xD8, 0xFF, 0xC8, 0x48, 0x83, 0xC4, 0x28, 0xC3, 0xCC, 0xE9, 0x93, 0x0B, 0x00, 0x00, 0xCC, 0xCC, 0xCC,
    0xE9, 0x77, 0xFD, 0xFF, 0xFF, 0xCC, 0xCC, 0xCC, 0x40, 0x53, 0x48, 0x83, 0xEC, 0x20, 0x48, 0x8D, 0x05, 0x57, 0x23, 0x00, 0x00, 0x48, 0x8B, 0xD9, 0x48, 0x89,
    0x01, 0xF6, 0xC2, 0x01, 0x74, 0x0A, 0xBA, 0x18, 0x00, 0x00, 0x00, 0xE8, 0x4A, 0xFD, 0xFF, 0xFF, 0x48, 0x8B, 0xC3, 0x48, 0x83, 0xC4, 0x20, 0x5B, 0xC3, 0xCC,
    0x40, 0x53, 0x48, 0x83, 0xEC, 0x20, 0xB9, 0x01, 0x00, 0x00, 0x00, 0xE8, 0x58, 0x0B, 0x00, 0x00, 0xE8, 0x6B, 0x08, 0x00, 0x00, 0x8B, 0xC8, 0xE8, 0x70, 0x0B,
    0x00, 0x00, 0xE8, 0xEB, 0x06, 0x00, 0x00, 0x8B, 0xD8, 0xE8, 0x8E, 0x0B, 0x00, 0x00, 0xB9, 0x01, 0x00, 0x00, 0x00, 0x89, 0x18, 0xE8, 0xC8, 0xFD, 0xFF, 0xFF,
    0x84, 0xC0, 0x74, 0x73, 0xE8, 0x9F, 0x08, 0x00, 0x00, 0x48, 0x8D, 0x0D, 0xD4, 0x08, 0x00, 0x00, 0xE8, 0x63, 0xFF, 0xFF, 0xFF, 0xE8, 0x52, 0x05, 0x00, 0x00,
    0x8B, 0xC8, 0xE8, 0xE3, 0x0A, 0x00, 0x00, 0x85, 0xC0, 0x75, 0x52, 0xE8, 0x2A, 0x08, 0x00, 0x00, 0xE8, 0x5D, 0x08, 0x00, 0x00, 0x85, 0xC0, 0x74, 0x0C, 0x48,
    0x8D, 0x0D, 0x9E, 0x06, 0x00, 0x00, 0xE8, 0xFB, 0x0A, 0x00, 0x00, 0xE8, 0x58, 0x07, 0x00, 0x00, 0xE8, 0x53, 0x07, 0x00, 0x00, 0xE8, 0x8A, 0x06, 0x00, 0x00,
    0x8B, 0xC8, 0xE8, 0x21, 0x0B, 0x00, 0x00, 0xE8, 0x0A, 0x08, 0x00, 0x00, 0x84, 0xC0, 0x74, 0x05, 0xE8, 0xA7, 0x0A, 0x00, 0x00, 0xE8, 0x70, 0x06, 0x00, 0x00,
    0xE8, 0x63, 0x06, 0x00, 0x00, 0x85, 0xC0, 0x75, 0x06, 0x48, 0x83, 0xC4, 0x20, 0x5B, 0xC3, 0xB9, 0x07, 0x00, 0x00, 0x00, 0xE8, 0x07, 0x05, 0x00, 0x00, 0xCC,
    0xCC, 0xCC, 0x48, 0x83, 0xEC, 0x28, 0xE8, 0xE3, 0x07, 0x00, 0x00, 0x33, 0xC0, 0x48, 0x83, 0xC4, 0x28, 0xC3, 0x48, 0x83, 0xEC, 0x28, 0xE8, 0x93, 0x06, 0x00,
    0x00, 0xE8, 0x36, 0x06, 0x00, 0x00, 0x8B, 0xC8, 0x48, 0x83, 0xC4, 0x28, 0xE9, 0xCF, 0x0A, 0x00, 0x00, 0xCC, 0xCC, 0xCC, 0x48, 0x89, 0x5C, 0x24, 0x08, 0x48,
    0x89, 0x74, 0x24, 0x10, 0x57, 0x48, 0x83, 0xEC, 0x30, 0xB9, 0x01, 0x00, 0x00, 0x00, 0xE8, 0xC3, 0xFC, 0xFF, 0xFF, 0x84, 0xC0, 0x0F, 0x84, 0x36, 0x01, 0x00,
    0x00, 0x40, 0x32, 0xF6, 0x40, 0x88, 0x74, 0x24, 0x20, 0xE8, 0x72, 0xFC, 0xFF, 0xFF, 0x8A, 0xD8, 0x8B, 0x0D, 0x46, 0x5E, 0x00, 0x00, 0x83, 0xF9, 0x01, 0x0F,
    0x84, 0x23, 0x01, 0x00, 0x00, 0x85, 0xC9, 0x75, 0x4A, 0xC7, 0x05, 0x2F, 0x5E, 0x00, 0x00, 0x01, 0x00, 0x00, 0x00, 0x48, 0x8D, 0x15, 0xC0, 0x21, 0x00, 0x00,
    0x48, 0x8D, 0x0D, 0xA1, 0x21, 0x00, 0x00, 0xE8, 0x3C, 0x0A, 0x00, 0x00, 0x85, 0xC0, 0x74, 0x0A, 0xB8, 0xFF, 0x00, 0x00, 0x00, 0xE9, 0xD9, 0x00, 0x00, 0x00,
    0x48, 0x8D, 0x15, 0x7F, 0x21, 0x00, 0x00, 0x48, 0x8D, 0x0D, 0x58, 0x21, 0x00, 0x00, 0xE8, 0x15, 0x0A, 0x00, 0x00, 0xC7, 0x05, 0xF1, 0x5D, 0x00, 0x00, 0x02,
    0x00, 0x00, 0x00, 0xEB, 0x08, 0x40, 0xB6, 0x01, 0x40, 0x88, 0x74, 0x24, 0x20, 0x8A, 0xCB, 0xE8, 0xA0, 0xFD, 0xFF, 0xFF, 0xE8, 0x47, 0x07, 0x00, 0x00, 0x48,
    0x8B, 0xD8, 0x48, 0x83, 0x38, 0x00, 0x74, 0x1E, 0x48, 0x8B, 0xC8, 0xE8, 0xF2, 0xFC, 0xFF, 0xFF, 0x84, 0xC0, 0x74, 0x12, 0x45, 0x33, 0xC0, 0x41, 0x8D, 0x50,
    0x02, 0x33, 0xC9, 0x48, 0x8B, 0x03, 0xFF, 0x15, 0xE4, 0x20, 0x00, 0x00, 0xE8, 0x23, 0x07, 0x00, 0x00, 0x48, 0x8B, 0xD8, 0x48, 0x83, 0x38, 0x00, 0x74, 0x14,
    0x48, 0x8B, 0xC8, 0xE8, 0xC6, 0xFC, 0xFF, 0xFF, 0x84, 0xC0, 0x74, 0x08, 0x48, 0x8B, 0x0B, 0xE8, 0xD6, 0x09, 0x00, 0x00, 0xE8, 0xA1, 0x09, 0x00, 0x00, 0x48,
    0x8B, 0xF8, 0xE8, 0xBD, 0x09, 0x00, 0x00, 0x48, 0x8B, 0x18, 0xE8, 0xAF, 0x09, 0x00, 0x00, 0x4C, 0x8B, 0xC7, 0x48, 0x8B, 0xD3, 0x8B, 0x08, 0xE8, 0x90, 0xD3,
    0xFF, 0xFF, 0x8B, 0xD8, 0xE8, 0x19, 0x05, 0x00, 0x00, 0x84, 0xC0, 0x74, 0x55, 0x40, 0x84, 0xF6, 0x75, 0x05, 0xE8, 0x51, 0x09, 0x00, 0x00, 0x33, 0xD2, 0xB1,
    0x01, 0xE8, 0x36, 0xFD, 0xFF, 0xFF, 0x8B, 0xC3, 0xEB, 0x19, 0x8B, 0xD8, 0xE8, 0xF7, 0x04, 0x00, 0x00, 0x84, 0xC0, 0x74, 0x3B, 0x80, 0x7C, 0x24, 0x20, 0x00,
    0x75, 0x05, 0xE8, 0x75, 0x09, 0x00, 0x00, 0x8B, 0xC3, 0x48, 0x8B, 0x5C, 0x24, 0x40, 0x48, 0x8B, 0x74, 0x24, 0x48, 0x48, 0x83, 0xC4, 0x30, 0x5F, 0xC3, 0xB9,
    0x07, 0x00, 0x00, 0x00, 0xE8, 0x77, 0x03, 0x00, 0x00, 0x90, 0xB9, 0x07, 0x00, 0x00, 0x00, 0xE8, 0x6C, 0x03, 0x00, 0x00, 0x8B, 0xCB, 0xE8, 0xC9, 0x08, 0x00,
    0x00, 0x90, 0x8B, 0xCB, 0xE8, 0x27, 0x09, 0x00, 0x00, 0x90, 0x48, 0x83, 0xEC, 0x28, 0xE8, 0x6B, 0x05, 0x00, 0x00, 0x48, 0x83, 0xC4, 0x28, 0xE9, 0x72, 0xFE,
    0xFF, 0xFF, 0xCC, 0xCC, 0x48, 0x83, 0x61, 0x10, 0x00, 0x48, 0x8D, 0x05, 0xF0, 0x20, 0x00, 0x00, 0x48, 0x89, 0x41, 0x08, 0x48, 0x8D, 0x05, 0xD5, 0x20, 0x00,
    0x00, 0x48, 0x89, 0x01, 0x48, 0x8B, 0xC1, 0xC3, 0xCC, 0xCC, 0x48, 0x83, 0xEC, 0x48, 0x48, 0x8D, 0x4C, 0x24, 0x20, 0xE8, 0xD2, 0xFF, 0xFF, 0xFF, 0x48, 0x8D,
    0x15, 0x07, 0x36, 0x00, 0x00, 0x48, 0x8D, 0x4C, 0x24, 0x20, 0xE8, 0x4F, 0x08, 0x00, 0x00, 0xCC, 0x48, 0x83, 0xEC, 0x48, 0x48, 0x8D, 0x4C, 0x24, 0x20, 0xE8,
    0x3E, 0xAF, 0xFF, 0xFF, 0x48, 0x8D, 0x15, 0x17, 0x37, 0x00, 0x00, 0x48, 0x8D, 0x4C, 0x24, 0x20, 0xE8, 0x2F, 0x08, 0x00, 0x00, 0xCC, 0x48, 0x89, 0x5C, 0x24,
    0x10, 0x48, 0x89, 0x74, 0x24, 0x18, 0x55, 0x57, 0x41, 0x56, 0x48, 0x8B, 0xEC, 0x48, 0x83, 0xEC, 0x10, 0x33, 0xC0, 0x33, 0xC9, 0x0F, 0xA2, 0x44, 0x8B, 0xC1,
    0x44, 0x8B, 0xD2, 0x41, 0x81, 0xF2, 0x69, 0x6E, 0x65, 0x49, 0x41, 0x81, 0xF0, 0x6E, 0x74, 0x65, 0x6C, 0x44, 0x8B, 0xCB, 0x44, 0x8B, 0xF0, 0x33, 0xC9, 0xB8,
    0x01, 0x00, 0x00, 0x00, 0x0F, 0xA2, 0x45, 0x0B, 0xD0, 0x89, 0x45, 0xF0, 0x41, 0x81, 0xF1, 0x47, 0x65, 0x6E, 0x75, 0x89, 0x5D, 0xF4, 0x45, 0x0B, 0xD1, 0x89,
    0x4D, 0xF8, 0x8B, 0xF9, 0x89, 0x55, 0xFC, 0x75, 0x5B, 0x48, 0x83, 0x0D, 0xC9, 0x5A, 0x00, 0x00, 0xFF, 0x25, 0xF0, 0x3F, 0xFF, 0x0F, 0x48, 0xC7, 0x05, 0xB1,
    0x5A, 0x00, 0x00, 0x00, 0x80, 0x00, 0x00, 0x3D, 0xC0, 0x06, 0x01, 0x00, 0x74, 0x28, 0x3D, 0x60, 0x06, 0x02, 0x00, 0x74, 0x21, 0x3D, 0x70, 0x06, 0x02, 0x00,
    0x74, 0x1A, 0x05, 0xB0, 0xF9, 0xFC, 0xFF, 0x83, 0xF8, 0x20, 0x77, 0x24, 0x48, 0xB9, 0x01, 0x00, 0x01, 0x00, 0x01, 0x00, 0x00, 0x00, 0x48, 0x0F, 0xA3, 0xC1,
    0x73, 0x14, 0x44, 0x8B, 0x05, 0x2F, 0x5C, 0x00, 0x00, 0x41, 0x83, 0xC8, 0x01, 0x44, 0x89, 0x05, 0x24, 0x5C, 0x00, 0x00, 0xEB, 0x07, 0x44, 0x8B, 0x05, 0x1B,
    0x5C, 0x00, 0x00, 0x45, 0x33, 0xC9, 0x41, 0x8B, 0xF1, 0x45, 0x8B, 0xD1, 0x45, 0x8B, 0xD9, 0x41, 0x83, 0xFE, 0x07, 0x7C, 0x65, 0x41, 0x8D, 0x41, 0x07, 0x33,
    0xC9, 0x0F, 0xA2, 0x89, 0x45, 0xF0, 0x8B, 0xF2, 0x89, 0x5D, 0xF4, 0x44, 0x8B, 0xCB, 0x89, 0x4D, 0xF8, 0x89, 0x55, 0xFC, 0x0F, 0xBA, 0xE3, 0x09, 0x73, 0x0B,
    0x41, 0x83, 0xC8, 0x02, 0x44, 0x89, 0x05, 0xDF, 0x5B, 0x00, 0x00, 0x83, 0xF8, 0x01, 0x7C, 0x19, 0xB8, 0x07, 0x00, 0x00, 0x00, 0x8D, 0x48, 0xFA, 0x0F, 0xA2,
    0x44, 0x8B, 0xD2, 0x89, 0x45, 0xF0, 0x89, 0x5D, 0xF4, 0x89, 0x4D, 0xF8, 0x89, 0x55, 0xFC, 0xB8, 0x24, 0x00, 0x00, 0x00, 0x44, 0x3B, 0xF0, 0x7C, 0x13, 0x33,
    0xC9, 0x0F, 0xA2, 0x44, 0x8B, 0xDB, 0x89, 0x45, 0xF0, 0x89, 0x5D, 0xF4, 0x89, 0x4D, 0xF8, 0x89, 0x55, 0xFC, 0x48, 0x8B, 0x05, 0xD9, 0x59, 0x00, 0x00, 0xBB,
    0x06, 0x00, 0x00, 0x00, 0x48, 0x83, 0xE0, 0xFE, 0xC7, 0x05, 0xCE, 0x59, 0x00, 0x00, 0x01, 0x00, 0x00, 0x00, 0xC7, 0x05, 0xC8, 0x59, 0x00, 0x00, 0x02, 0x00,
    0x00, 0x00, 0x48, 0x89, 0x05, 0xB5, 0x59, 0x00, 0x00, 0x0F, 0xBA, 0xE7, 0x14, 0x73, 0x1B, 0x48, 0x83, 0xE0, 0xEF, 0xC7, 0x05, 0xA9, 0x59, 0x00, 0x00, 0x02,
    0x00, 0x00, 0x00, 0x48, 0x89, 0x05, 0x9A, 0x59, 0x00, 0x00, 0x89, 0x1D, 0xA0, 0x59, 0x00, 0x00, 0x0F, 0xBA, 0xE7, 0x1B, 0x0F, 0x83, 0x2B, 0x01, 0x00, 0x00,
    0x33, 0xC9, 0x0F, 0x01, 0xD0, 0x48, 0xC1, 0xE2, 0x20, 0x48, 0x0B, 0xD0, 0x48, 0x89, 0x55, 0x20, 0x0F, 0xBA, 0xE7, 0x1C, 0x0F, 0x83, 0xF6, 0x00, 0x00, 0x00,
    0x48, 0x8B, 0x45, 0x20, 0x22, 0xC3, 0x3A, 0xC3, 0x0F, 0x85, 0xE8, 0x00, 0x00, 0x00, 0x8B, 0x05, 0x68, 0x59, 0x00, 0x00, 0xB2, 0xE0, 0x83, 0xC8, 0x08, 0xC7,
    0x05, 0x55, 0x59, 0x00, 0x00, 0x03, 0x00, 0x00, 0x00, 0x89, 0x05, 0x53, 0x59, 0x00, 0x00, 0x41, 0xF6, 0xC1, 0x20, 0x74, 0x5D, 0x83, 0xC8, 0x20, 0xC7, 0x05,
    0x3C, 0x59, 0x00, 0x00, 0x05, 0x00, 0x00, 0x00, 0x89, 0x05, 0x3A, 0x59, 0x00, 0x00, 0xB9, 0x00, 0x00, 0x03, 0xD0, 0x48, 0x8B, 0x05, 0x22, 0x59, 0x00, 0x00,
    0x44, 0x23, 0xC9, 0x48, 0x83, 0xE0, 0xFD, 0x48, 0x89, 0x05, 0x14, 0x59, 0x00, 0x00, 0x44, 0x3B, 0xC9, 0x75, 0x32, 0x48, 0x8B, 0x45, 0x20, 0x22, 0xC2, 0x3A,
    0xC2, 0x75, 0x21, 0x48, 0x8B, 0x05, 0xFE, 0x58, 0x00, 0x00, 0x83, 0x0D, 0x03, 0x59, 0x00, 0x00, 0x40, 0x48, 0x83, 0xE0, 0xDB, 0x89, 0x1D, 0xF5, 0x58, 0x00,
    0x00, 0x48, 0x89, 0x05, 0xE6, 0x58, 0x00, 0x00, 0xEB, 0x07, 0x48, 0x8B, 0x05, 0xDD, 0x58, 0x00, 0x00, 0x0F, 0xBA, 0xE6, 0x17, 0x73, 0x0C, 0x48, 0x0F, 0xBA,
    0xF0, 0x18, 0x48, 0x89, 0x05, 0xCB, 0x58, 0x00, 0x00, 0x41, 0x0F, 0xBA, 0xE2, 0x13, 0x73, 0x4A, 0x48, 0x8B, 0x45, 0x20, 0x22, 0xC2, 0x3A, 0xC2, 0x75, 0x40,
    0x41, 0x8B, 0xCB, 0x41, 0x8B, 0xC3, 0x48, 0xC1, 0xE9, 0x10, 0x25, 0xFF, 0x00, 0x04, 0x00, 0x83, 0xE1, 0x07, 0x89, 0x05, 0x62, 0x5A, 0x00, 0x00, 0x48, 0x81,
    0xC9, 0x28, 0x00, 0x00, 0x01, 0x48, 0xF7, 0xD1, 0x48, 0x23, 0x0D, 0x91, 0x58, 0x00, 0x00, 0x48, 0x89, 0x0D, 0x8A, 0x58, 0x00, 0x00, 0x83, 0xF8, 0x01, 0x76,
    0x0B, 0x48, 0x83, 0xE1, 0xBF, 0x48, 0x89, 0x0D, 0x7A, 0x58, 0x00, 0x00, 0x41, 0x0F, 0xBA, 0xE2, 0x15, 0x73, 0x14, 0x48, 0x8B, 0x45, 0x20, 0x48, 0x0F, 0xBA,
    0xE0, 0x13, 0x73, 0x09, 0x48, 0x0F, 0xBA, 0x35, 0x5F, 0x58, 0x00, 0x00, 0x07, 0x48, 0x8B, 0x5C, 0x24, 0x38, 0x33, 0xC0, 0x48, 0x8B, 0x74, 0x24, 0x40, 0x48,
    0x83, 0xC4, 0x10, 0x41, 0x5E, 0x5F, 0x5D, 0xC3, 0xCC, 0xCC, 0xB8, 0x01, 0x00, 0x00, 0x00, 0xC3, 0xCC, 0xCC, 0x33, 0xC0, 0x39, 0x05, 0xC4, 0x58, 0x00, 0x00,
    0x0F, 0x95, 0xC0, 0xC3, 0x83, 0x25, 0xF5, 0x59, 0x00, 0x00, 0x00, 0xC3, 0x48, 0x89, 0x5C, 0x24, 0x08, 0x55, 0x48, 0x8D, 0xAC, 0x24, 0x40, 0xFB, 0xFF, 0xFF,
    0x48, 0x81, 0xEC, 0xC0, 0x05, 0x00, 0x00, 0x8B, 0xD9, 0xB9, 0x17, 0x00, 0x00, 0x00, 0xFF, 0x15, 0xFA, 0x18, 0x00, 0x00, 0x85, 0xC0, 0x74, 0x04, 0x8B, 0xCB,
    0xCD, 0x29, 0xB9, 0x03, 0x00, 0x00, 0x00, 0xE8, 0xC4, 0xFF, 0xFF, 0xFF, 0x33, 0xD2, 0x48, 0x8D, 0x4D, 0xF0, 0x41, 0xB8, 0xD0, 0x04, 0x00, 0x00, 0xE8, 0x13,
    0x05, 0x00, 0x00, 0x48, 0x8D, 0x4D, 0xF0, 0xFF, 0x15, 0xE5, 0x18, 0x00, 0x00, 0x48, 0x8B, 0x9D, 0xE8, 0x00, 0x00, 0x00, 0x48, 0x8D, 0x95, 0xD8, 0x04, 0x00,
    0x00, 0x48, 0x8B, 0xCB, 0x45, 0x33, 0xC0, 0xFF, 0x15, 0x3B, 0x18, 0x00, 0x00, 0x48, 0x85, 0xC0, 0x74, 0x3C, 0x48, 0x83, 0x64, 0x24, 0x38, 0x00, 0x48, 0x8D,
    0x8D, 0xE0, 0x04, 0x00, 0x00, 0x48, 0x8B, 0x95, 0xD8, 0x04, 0x00, 0x00, 0x4C, 0x8B, 0xC8, 0x48, 0x89, 0x4C, 0x24, 0x30, 0x4C, 0x8B, 0xC3, 0x48, 0x8D, 0x8D,
    0xE8, 0x04, 0x00, 0x00, 0x48, 0x89, 0x4C, 0x24, 0x28, 0x48, 0x8D, 0x4D, 0xF0, 0x48, 0x89, 0x4C, 0x24, 0x20, 0x33, 0xC9, 0xFF, 0x15, 0x52, 0x18, 0x00, 0x00,
    0x48, 0x8B, 0x85, 0xC8, 0x04, 0x00, 0x00, 0x48, 0x8D, 0x4C, 0x24, 0x50, 0x48, 0x89, 0x85, 0xE8, 0x00, 0x00, 0x00, 0x33, 0xD2, 0x48, 0x8D, 0x85, 0xC8, 0x04,
    0x00, 0x00, 0x41, 0xB8, 0x98, 0x00, 0x00, 0x00, 0x48, 0x83, 0xC0, 0x08, 0x48, 0x89, 0x85, 0x88, 0x00, 0x00, 0x00, 0xE8, 0x7C, 0x04, 0x00, 0x00, 0x48, 0x8B,
    0x85, 0xC8, 0x04, 0x00, 0x00, 0x48, 0x89, 0x44, 0x24, 0x60, 0xC7, 0x44, 0x24, 0x50, 0x15, 0x00, 0x00, 0x40, 0xC7, 0x44, 0x24, 0x54, 0x01, 0x00, 0x00, 0x00,
    0xFF, 0x15, 0x06, 0x18, 0x00, 0x00, 0x8B, 0xD8, 0x33, 0xC9, 0x48, 0x8D, 0x44, 0x24, 0x50, 0x48, 0x89, 0x44, 0x24, 0x40, 0x48, 0x8D, 0x45, 0xF0, 0x48, 0x89,
    0x44, 0x24, 0x48, 0xFF, 0x15, 0xF9, 0x17, 0x00, 0x00, 0x48, 0x8D, 0x4C, 0x24, 0x40, 0xFF, 0x15, 0xE6, 0x17, 0x00, 0x00, 0x85, 0xC0, 0x75, 0x0D, 0x83, 0xFB,
    0x01, 0x74, 0x08, 0x8D, 0x48, 0x03, 0xE8, 0xC1, 0xFE, 0xFF, 0xFF, 0x48, 0x8B, 0x9C, 0x24, 0xD0, 0x05, 0x00, 0x00, 0x48, 0x81, 0xC4, 0xC0, 0x05, 0x00, 0x00,
    0x5D, 0xC3, 0xE9, 0x03, 0x00, 0x00, 0x00, 0xCC, 0xCC, 0xCC, 0x33, 0xC0, 0xC3, 0xCC, 0x48, 0x83, 0xEC, 0x28, 0x33, 0xC9, 0xFF, 0x15, 0xC4, 0x17, 0x00, 0x00,
    0x48, 0x85, 0xC0, 0x74, 0x39, 0xB9, 0x4D, 0x5A, 0x00, 0x00, 0x66, 0x39, 0x08, 0x75, 0x2F, 0x48, 0x63, 0x48, 0x3C, 0x48, 0x03, 0xC8, 0x81, 0x39, 0x50, 0x45,
    0x00, 0x00, 0x75, 0x20, 0xB8, 0x0B, 0x02, 0x00, 0x00, 0x66, 0x39, 0x41, 0x18, 0x75, 0x15, 0x83, 0xB9, 0x84, 0x00, 0x00, 0x00, 0x0E, 0x76, 0x0C, 0x83, 0xB9,
    0xF8, 0x00, 0x00, 0x00, 0x00, 0x0F, 0x95, 0xC0, 0xEB, 0x02, 0x32, 0xC0, 0x48, 0x83, 0xC4, 0x28, 0xC3, 0xCC, 0xCC, 0xCC, 0x48, 0x8D, 0x0D, 0x09, 0x00, 0x00,
    0x00, 0x48, 0xFF, 0x25, 0x5E, 0x17, 0x00, 0x00, 0xCC, 0xCC, 0x48, 0x89, 0x5C, 0x24, 0x08, 0x57, 0x48, 0x83, 0xEC, 0x20, 0x48, 0x8B, 0x19, 0x48, 0x8B, 0xF9,
    0x81, 0x3B, 0x63, 0x73, 0x6D, 0xE0, 0x75, 0x1C, 0x83, 0x7B, 0x18, 0x04, 0x75, 0x16, 0x8B, 0x53, 0x20, 0x8D, 0x82, 0xE0, 0xFA, 0x6C, 0xE6, 0x83, 0xF8, 0x02,
    0x76, 0x15, 0x81, 0xFA, 0x00, 0x40, 0x99, 0x01, 0x74, 0x0D, 0x48, 0x8B, 0x5C, 0x24, 0x30, 0x33, 0xC0, 0x48, 0x83, 0xC4, 0x20, 0x5F, 0xC3, 0xE8, 0x4E, 0x03,
    0x00, 0x00, 0x48, 0x89, 0x18, 0x48, 0x8B, 0x5F, 0x08, 0xE8, 0x48, 0x03, 0x00, 0x00, 0x48, 0x89, 0x18, 0xE8, 0x58, 0x03, 0x00, 0x00, 0xCC, 0xCC, 0xC2, 0x00,
    0x00, 0xCC, 0x48, 0x89, 0x5C, 0x24, 0x18, 0x55, 0x48, 0x8B, 0xEC, 0x48, 0x83, 0xEC, 0x30, 0x48, 0x8B, 0x05, 0x38, 0x56, 0x00, 0x00, 0x48, 0xBB, 0x32, 0xA2,
    0xDF, 0x2D, 0x99, 0x2B, 0x00, 0x00, 0x48, 0x3B, 0xC3, 0x75, 0x74, 0x48, 0x83, 0x65, 0x10, 0x00, 0x48, 0x8D, 0x4D, 0x10, 0xFF, 0x15, 0x72, 0x16, 0x00, 0x00,
    0x48, 0x8B, 0x45, 0x10, 0x48, 0x89, 0x45, 0xF0, 0xFF, 0x15, 0xD4, 0x16, 0x00, 0x00, 0x8B, 0xC0, 0x48, 0x31, 0x45, 0xF0, 0xFF, 0x15, 0x28, 0x16, 0x00, 0x00,
    0x8B, 0xC0, 0x48, 0x8D, 0x4D, 0x18, 0x48, 0x31, 0x45, 0xF0, 0xFF, 0x15, 0x28, 0x16, 0x00, 0x00, 0x8B, 0x45, 0x18, 0x48, 0x8D, 0x4D, 0xF0, 0x48, 0xC1, 0xE0,
    0x20, 0x48, 0x33, 0x45, 0x18, 0x48, 0x33, 0x45, 0xF0, 0x48, 0x33, 0xC1, 0x48, 0xB9, 0xFF, 0xFF, 0xFF, 0xFF, 0xFF, 0xFF, 0x00, 0x00, 0x48, 0x23, 0xC1, 0x48,
    0xB9, 0x33, 0xA2, 0xDF, 0x2D, 0x99, 0x2B, 0x00, 0x00, 0x48, 0x3B, 0xC3, 0x48, 0x0F, 0x44, 0xC1, 0x48, 0x89, 0x05, 0xB5, 0x55, 0x00, 0x00, 0x48, 0x8B, 0x5C,
    0x24, 0x50, 0x48, 0xF7, 0xD0, 0x48, 0x89, 0x05, 0xE6, 0x55, 0x00, 0x00, 0x48, 0x83, 0xC4, 0x30, 0x5D, 0xC3, 0xB8, 0x00, 0x40, 0x00, 0x00, 0xC3, 0xCC, 0xCC,
    0x48, 0x8D, 0x0D, 0x31, 0x57, 0x00, 0x00, 0x48, 0xFF, 0x25, 0xDA, 0x15, 0x00, 0x00, 0xCC, 0xCC, 0xB0, 0x01, 0xC3, 0xCC, 0x48, 0x8D, 0x05, 0x2D, 0x57, 0x00,
    0x00, 0xC3, 0x48, 0x83, 0xEC, 0x28, 0xE8, 0x83, 0xA9, 0xFF, 0xFF, 0x48, 0x83, 0x08, 0x24, 0xE8, 0xE6, 0xFF, 0xFF, 0xFF, 0x48, 0x83, 0x08, 0x02, 0x48, 0x83,
    0xC4, 0x28, 0xC3, 0xCC, 0x33, 0xC0, 0x39, 0x05, 0x40, 0x55, 0x00, 0x00, 0x0F, 0x94, 0xC0, 0xC3, 0x48, 0x8D, 0x05, 0xBD, 0x5C, 0x00, 0x00, 0xC3, 0x48, 0x8D,
    0x05, 0xAD, 0x5C, 0x00, 0x00, 0xC3, 0x48, 0x89, 0x5C, 0x24, 0x08, 0x57, 0x48, 0x83, 0xEC, 0x20, 0x48, 0x8D, 0x1D, 0x7B, 0x26, 0x00, 0x00, 0x48, 0x8D, 0x3D,
    0x74, 0x26, 0x00, 0x00, 0xEB, 0x12, 0x48, 0x8B, 0x03, 0x48, 0x85, 0xC0, 0x74, 0x06, 0xFF, 0x15, 0x8C, 0x19, 0x00, 0x00, 0x48, 0x83, 0xC3, 0x08, 0x48, 0x3B,
    0xDF, 0x72, 0xE9, 0x48, 0x8B, 0x5C, 0x24, 0x30, 0x48, 0x83, 0xC4, 0x20, 0x5F, 0xC3, 0x48, 0x89, 0x5C, 0x24, 0x08, 0x57, 0x48, 0x83, 0xEC, 0x20, 0x48, 0x8D,
    0x1D, 0x4F, 0x26, 0x00, 0x00, 0x48, 0x8D, 0x3D, 0x48, 0x26, 0x00, 0x00, 0xEB, 0x12, 0x48, 0x8B, 0x03, 0x48, 0x85, 0xC0, 0x74, 0x06, 0xFF, 0x15, 0x50, 0x19,
    0x00, 0x00, 0x48, 0x83, 0xC3, 0x08, 0x48, 0x3B, 0xDF, 0x72, 0xE9, 0x48, 0x8B, 0x5C, 0x24, 0x30, 0x48, 0x83, 0xC4, 0x20, 0x5F, 0xC3, 0xCC, 0xCC, 0xCC, 0xCC,
    0xCC, 0xCC, 0xCC, 0xCC, 0xCC, 0xCC, 0xCC, 0xCC, 0x4C, 0x8B, 0xCA, 0x4C, 0x8B, 0xD2, 0x8B, 0x15, 0x88, 0x54, 0x00, 0x00, 0x4C, 0x2B, 0xC9, 0x4D, 0x8B, 0xD9,
    0x49, 0x83, 0xE3, 0xE0, 0x0F, 0x84, 0x96, 0x00, 0x00, 0x00, 0x8B, 0xC2, 0xC1, 0xE8, 0x05, 0xA8, 0x01, 0x0F, 0x84, 0x89, 0x00, 0x00, 0x00, 0x41, 0x0F, 0xBE,
    0xC0, 0x49, 0x8D, 0x14, 0x0B, 0xC5, 0xF9, 0x6E, 0xD8, 0xC5, 0xF9, 0xEF, 0xC0, 0xC4, 0xE2, 0x61, 0x00, 0xD8, 0xC4, 0xE3, 0x65, 0x18, 0xDB, 0x01, 0xC5, 0xE5,
    0x74, 0x09, 0xC5, 0xFD, 0xD7, 0xC1, 0x85, 0xC0, 0x75, 0x55, 0x48, 0x83, 0xC1, 0x20, 0x48, 0x3B, 0xCA, 0x75, 0xEB, 0x41, 0x83, 0xE1, 0x1C, 0x74, 0x2D, 0x41,
    0x8B, 0xD1, 0x48, 0x8D, 0x05, 0xF7, 0x19, 0x00, 0x00, 0x48, 0x83, 0xE2, 0xFC, 0x48, 0x2B, 0xC2, 0xC5, 0xFE, 0x6F, 0x10, 0xC4, 0xE2, 0x6D, 0x8C, 0x01, 0xC5,
    0xFD, 0x74, 0xCB, 0xC5, 0xF5, 0xDB, 0xD2, 0xC5, 0xFD, 0xD7, 0xC2, 0x85, 0xC0, 0x75, 0x1C, 0x49, 0x03, 0xC9, 0xC5, 0xF8, 0x77, 0x49, 0x3B, 0xCA, 0x74, 0x0D,
    0x44, 0x38, 0x01, 0x74, 0x08, 0x48, 0xFF, 0xC1, 0x49, 0x3B, 0xCA, 0x75, 0xF3, 0x48, 0x8B, 0xC1, 0xC3, 0xC5, 0xF8, 0x77, 0xF3, 0x0F, 0xBC, 0xC0, 0x8B, 0xC0,
    0x48, 0x03, 0xC1, 0xC3, 0x49, 0x83, 0xE1, 0xF0, 0x74, 0xD7, 0xC1, 0xEA, 0x02, 0xF6, 0xC2, 0x01, 0x74, 0xCF, 0x41, 0x0F, 0xB6, 0xC0, 0x49, 0x8D, 0x14, 0x09,
    0x0F, 0x57, 0xC0, 0x66, 0x0F, 0x6E, 0xC8, 0x66, 0x0F, 0x38, 0x00, 0xC8, 0x0F, 0x1F, 0x40, 0x00, 0x0F, 0x1F, 0x84, 0x00, 0x00, 0x00, 0x00, 0x00, 0xF3, 0x0F,
    0x6F, 0x01, 0x66, 0x0F, 0x74, 0xC1, 0x66, 0x0F, 0xD7, 0xC0, 0x85, 0xC0, 0x75, 0x0B, 0x48, 0x83, 0xC1, 0x10, 0x48, 0x3B, 0xCA, 0x75, 0xE7, 0xEB, 0x94, 0x0F,
    0xBC, 0xC0, 0x48, 0x03, 0xC1, 0xC3, 0xCC, 0xCC, 0xCC, 0xCC, 0xCC, 0xCC, 0xCC, 0xCC, 0xCC, 0xCC, 0xCC, 0xCC, 0xCC, 0xCC, 0xE9, 0xEB, 0xFE, 0xFF, 0xFF, 0xFF,
    0x25, 0x0D, 0x16, 0x00, 0x00, 0xCC, 0x40, 0x53, 0x48, 0x83, 0xEC, 0x20, 0x48, 0x8B, 0xD9, 0xB9, 0x10, 0x00, 0x00, 0x00, 0xE8, 0xB9, 0xF2, 0xFF, 0xFF, 0x48,
    0x89, 0x44, 0x24, 0x38, 0x48, 0x85, 0xC0, 0x74, 0x0E, 0x48, 0x8B, 0x15, 0x38, 0x55, 0x00, 0x00, 0x48, 0x89, 0x10, 0x48, 0x89, 0x58, 0x08, 0x48, 0x89, 0x05,
    0x2A, 0x55, 0x00, 0x00, 0x48, 0x83, 0xC4, 0x20, 0x5B, 0xC3, 0xFF, 0x25, 0xFE, 0x14, 0x00, 0x00, 0xFF, 0x25, 0x00, 0x15, 0x00, 0x00, 0xFF, 0x25, 0x02, 0x15,
    0x00, 0x00, 0xFF, 0x25, 0x04, 0x15, 0x00, 0x00, 0xFF, 0x25, 0x06, 0x15, 0x00, 0x00, 0xFF, 0x25, 0x08, 0x15, 0x00, 0x00, 0xFF, 0x25, 0x0A, 0x15, 0x00, 0x00,
    0xFF, 0x25, 0x0C, 0x15, 0x00, 0x00, 0xFF, 0x25, 0x0E, 0x15, 0x00, 0x00, 0xFF, 0x25, 0x10, 0x15, 0x00, 0x00, 0xFF, 0x25, 0x0A, 0x16, 0x00, 0x00, 0xFF, 0x25,
    0xC4, 0x15, 0x00, 0x00, 0xFF, 0x25, 0xC6, 0x15, 0x00, 0x00, 0xFF, 0x25, 0xC8, 0x15, 0x00, 0x00, 0xFF, 0x25, 0xCA, 0x15, 0x00, 0x00, 0xFF, 0x25, 0xCC, 0x15,
    0x00, 0x00, 0xFF, 0x25, 0xCE, 0x15, 0x00, 0x00, 0xFF, 0x25, 0x88, 0x15, 0x00, 0x00, 0xFF, 0x25, 0x7A, 0x16, 0x00, 0x00, 0xFF, 0x25, 0x4C, 0x16, 0x00, 0x00,
    0xFF, 0x25, 0xF6, 0x15, 0x00, 0x00, 0xFF, 0x25, 0xE8, 0x15, 0x00, 0x00, 0xFF, 0x25, 0xA2, 0x16, 0x00, 0x00, 0xFF, 0x25, 0x94, 0x16, 0x00, 0x00, 0xFF, 0x25,
    0x86, 0x16, 0x00, 0x00, 0xFF, 0x25, 0x78, 0x16, 0x00, 0x00, 0xFF, 0x25, 0x2A, 0x16, 0x00, 0x00, 0xFF, 0x25, 0x9C, 0x16, 0x00, 0x00, 0xFF, 0x25, 0xCE, 0x15,
    0x00, 0x00, 0xFF, 0x25, 0x00, 0x16, 0x00, 0x00, 0xFF, 0x25, 0x02, 0x16, 0x00, 0x00, 0xFF, 0x25, 0xE4, 0x15, 0x00, 0x00, 0xFF, 0x25, 0x86, 0x16, 0x00, 0x00,
    0xFF, 0x25, 0x08, 0x16, 0x00, 0x00, 0xFF, 0x25, 0x0A, 0x16, 0x00, 0x00, 0xFF, 0x25, 0x0C, 0x16, 0x00, 0x00, 0xFF, 0x25, 0x96, 0x16, 0x00, 0x00, 0xFF, 0x25,
    0x10, 0x16, 0x00, 0x00, 0xFF, 0x25, 0x12, 0x16, 0x00, 0x00, 0xFF, 0x25, 0x14, 0x16, 0x00, 0x00, 0xFF, 0x25, 0x16, 0x16, 0x00, 0x00, 0xFF, 0x25, 0x98, 0x15,
    0x00, 0x00, 0xFF, 0x25, 0x82, 0x15, 0x00, 0x00, 0xFF, 0x25, 0x64, 0x16, 0x00, 0x00, 0xCC, 0xCC, 0xCC, 0xCC, 0xCC, 0xCC, 0xCC, 0xCC, 0xCC, 0xCC, 0x66, 0x66,
    0x0F, 0x1F, 0x84, 0x00, 0x00, 0x00, 0x00, 0x00, 0x48, 0x3B, 0x0D, 0x49, 0x52, 0x00, 0x00, 0x75, 0x10, 0x48, 0xC1, 0xC1, 0x10, 0x66, 0xF7, 0xC1, 0xFF, 0xFF,
    0x75, 0x01, 0xC3, 0x48, 0xC1, 0xC9, 0x10, 0xE9, 0x36, 0x00, 0x00, 0x00, 0xCC, 0xCC, 0x40, 0x53, 0x48, 0x83, 0xEC, 0x20, 0x48, 0x8B, 0xD9, 0x33, 0xC9, 0xFF,
    0x15, 0xCF, 0x12, 0x00, 0x00, 0x48, 0x8B, 0xCB, 0xFF, 0x15, 0xBE, 0x12, 0x00, 0x00, 0xFF, 0x15, 0x90, 0x12, 0x00, 0x00, 0x48, 0x8B, 0xC8, 0xBA, 0x09, 0x04,
    0x00, 0xC0, 0x48, 0x83, 0xC4, 0x20, 0x5B, 0x48, 0xFF, 0x25, 0x44, 0x12, 0x00, 0x00, 0x48, 0x89, 0x4C, 0x24, 0x08, 0x48, 0x83, 0xEC, 0x38, 0xB9, 0x17, 0x00,
    0x00, 0x00, 0xFF, 0x15, 0xA0, 0x12, 0x00, 0x00, 0x85, 0xC0, 0x74, 0x07, 0xB9, 0x02, 0x00, 0x00, 0x00, 0xCD, 0x29, 0x48, 0x8D, 0x0D, 0x46, 0x54, 0x00, 0x00,
    0xE8, 0xA9, 0x00, 0x00, 0x00, 0x48, 0x8B, 0x44, 0x24, 0x38, 0x48, 0x89, 0x05, 0x2D, 0x55, 0x00, 0x00, 0x48, 0x8D, 0x44, 0x24, 0x38, 0x48, 0x83, 0xC0, 0x08,
    0x48, 0x89, 0x05, 0xBD, 0x54, 0x00, 0x00, 0x48, 0x8B, 0x05, 0x16, 0x55, 0x00, 0x00, 0x48, 0x89, 0x05, 0x87, 0x53, 0x00, 0x00, 0x48, 0x8B, 0x44, 0x24, 0x40,
    0x48, 0x89, 0x05, 0x8B, 0x54, 0x00, 0x00, 0xC7, 0x05, 0x61, 0x53, 0x00, 0x00, 0x09, 0x04, 0x00, 0xC0, 0xC7, 0x05, 0x5B, 0x53, 0x00, 0x00, 0x01, 0x00, 0x00,
    0x00, 0xC7, 0x05, 0x65, 0x53, 0x00, 0x00, 0x01, 0x00, 0x00, 0x00, 0xB8, 0x08, 0x00, 0x00, 0x00, 0x48, 0x6B, 0xC0, 0x00, 0x48, 0x8D, 0x0D, 0x5D, 0x53, 0x00,
    0x00, 0x48, 0xC7, 0x04, 0x01, 0x02, 0x00, 0x00, 0x00, 0xB8, 0x08, 0x00, 0x00, 0x00, 0x48, 0x6B, 0xC0, 0x00, 0x48, 0x8B, 0x0D, 0x55, 0x51, 0x00, 0x00, 0x48,
    0x89, 0x4C, 0x04, 0x20, 0xB8, 0x08, 0x00, 0x00, 0x00, 0x48, 0x6B, 0xC0, 0x01, 0x48, 0x8B, 0x0D, 0x80, 0x51, 0x00, 0x00, 0x48, 0x89, 0x4C, 0x04, 0x20, 0x48,
    0x8D, 0x0D, 0xF4, 0x16, 0x00, 0x00, 0xE8, 0xFF, 0xFE, 0xFF, 0xFF, 0x90, 0x48, 0x83, 0xC4, 0x38, 0xC3, 0xCC, 0x40, 0x53, 0x56, 0x57, 0x48, 0x83, 0xEC, 0x40,
    0x48, 0x8B, 0xD9, 0xFF, 0x15, 0xE7, 0x11, 0x00, 0x00, 0x48, 0x8B, 0xB3, 0xF8, 0x00, 0x00, 0x00, 0x33, 0xFF, 0x45, 0x33, 0xC0, 0x48, 0x8D, 0x54, 0x24, 0x60,
    0x48, 0x8B, 0xCE, 0xFF, 0x15, 0x3D, 0x11, 0x00, 0x00, 0x48, 0x85, 0xC0, 0x74, 0x39, 0x48, 0x83, 0x64, 0x24, 0x38, 0x00, 0x48, 0x8D, 0x4C, 0x24, 0x68, 0x48,
    0x8B, 0x54, 0x24, 0x60, 0x4C, 0x8B, 0xC8, 0x48, 0x89, 0x4C, 0x24, 0x30, 0x4C, 0x8B, 0xC6, 0x48, 0x8D, 0x4C, 0x24, 0x70, 0x48, 0x89, 0x4C, 0x24, 0x28, 0x33,
    0xC9, 0x48, 0x89, 0x5C, 0x24, 0x20, 0xFF, 0x15, 0x5E, 0x11, 0x00, 0x00, 0xFF, 0xC7, 0x83, 0xFF, 0x02, 0x7C, 0xB1, 0x48, 0x83, 0xC4, 0x40, 0x5F, 0x5E, 0x5B,
    0xC3, 0xCC, 0xCC, 0xCC, 0xCC, 0xCC, 0xCC, 0xCC, 0xCC, 0xCC, 0xCC, 0xCC, 0xCC, 0xCC, 0x66, 0x66, 0x0F, 0x1F, 0x84, 0x00, 0x00, 0x00, 0x00, 0x00, 0x48, 0x83,
    0xEC, 0x10, 0x4C, 0x89, 0x14, 0x24, 0x4C, 0x89, 0x5C, 0x24, 0x08, 0x4D, 0x33, 0xDB, 0x4C, 0x8D, 0x54, 0x24, 0x18, 0x4C, 0x2B, 0xD0, 0x4D, 0x0F, 0x42, 0xD3,
    0x65, 0x4C, 0x8B, 0x1C, 0x25, 0x10, 0x00, 0x00, 0x00, 0x4D, 0x3B, 0xD3, 0x73, 0x16, 0x66, 0x41, 0x81, 0xE2, 0x00, 0xF0, 0x4D, 0x8D, 0x9B, 0x00, 0xF0, 0xFF,
    0xFF, 0x41, 0xC6, 0x03, 0x00, 0x4D, 0x3B, 0xD3, 0x75, 0xF0, 0x4C, 0x8B, 0x14, 0x24, 0x4C, 0x8B, 0x5C, 0x24, 0x08, 0x48, 0x83, 0xC4, 0x10, 0xC3, 0xFF, 0x25,
    0xCC, 0x12, 0x00, 0x00, 0xFF, 0x25, 0x16, 0x13, 0x00, 0x00, 0xCC, 0xCC, 0xCC, 0xCC, 0xCC, 0xCC, 0xCC, 0xCC, 0xCC, 0xCC, 0xCC, 0xCC, 0x66, 0x66, 0x0F, 0x1F,
    0x84, 0x00, 0x00, 0x00, 0x00, 0x00, 0xFF, 0xE0, 0xCC, 0xCC, 0xCC, 0xCC, 0xCC, 0xCC, 0xCC, 0xCC, 0xCC, 0xCC, 0xCC, 0xCC, 0xCC, 0xCC, 0xCC, 0xCC, 0xCC, 0xCC,
    0xCC, 0xCC, 0x66, 0x66, 0x0F, 0x1F, 0x84, 0x00, 0x00, 0x00, 0x00, 0x00, 0xFF, 0x25, 0x7A, 0x14, 0x00, 0x00, 0xCC, 0xCC, 0xCC, 0xCC, 0xCC, 0xCC, 0xCC, 0xCC,
    0xCC, 0xCC, 0x48, 0x8D, 0x8A, 0x60, 0x00, 0x00, 0x00, 0xE9, 0xB4, 0xD1, 0xFF, 0xFF, 0x48, 0x8D, 0x8A, 0x20, 0x00, 0x00, 0x00, 0xE9, 0xA8, 0xD1, 0xFF, 0xFF,
    0xCC, 0xCC, 0xCC, 0xCC, 0xCC, 0xCC, 0xCC, 0xCC, 0x40, 0x55, 0x48, 0x83, 0xEC, 0x20, 0x48, 0x8B, 0xEA, 0x8B, 0x45, 0x40, 0x83, 0xE0, 0x01, 0x85, 0xC0, 0x74,
    0x12, 0x3E, 0x3E, 0x83, 0x65, 0x40, 0xFE, 0x48, 0x8B, 0x8D, 0x00, 0x02, 0x00, 0x00, 0xE8, 0x1B, 0xD1, 0xFF, 0xFF, 0x48, 0x83, 0xC4, 0x20, 0x5D, 0xC3, 0x48,
    0x8D, 0x8A, 0x70, 0x00, 0x00, 0x00, 0xE9, 0xE9, 0xD1, 0xFF, 0xFF, 0x3E, 0x3E, 0x48, 0x8D, 0x8A, 0x50, 0x00, 0x00, 0x00, 0xE9, 0xDB, 0xD1, 0xFF, 0xFF, 0x40,
    0x55, 0x48, 0x83, 0xEC, 0x20, 0x48, 0x8B, 0xEA, 0x8B, 0x45, 0x40, 0x83, 0xE0, 0x04, 0x85, 0xC0, 0x74, 0x18, 0x83, 0x65, 0x40, 0xFB, 0x48, 0x8D, 0x8D, 0xD0,
    0x00, 0x00, 0x00, 0x48, 0x81, 0xC1, 0x90, 0x00, 0x00, 0x00, 0xFF, 0x15, 0x58, 0x11, 0x00, 0x00, 0x48, 0x83, 0xC4, 0x20, 0x5D, 0xC3, 0x48, 0x8D, 0x8A, 0xD0,
    0x00, 0x00, 0x00, 0x48, 0x83, 0xC1, 0x18, 0x48, 0xFF, 0x25, 0x58, 0x11, 0x00, 0x00, 0x48, 0x8B, 0x8A, 0x18, 0x02, 0x00, 0x00, 0x48, 0xFF, 0x25, 0xE2, 0x10,
    0x00, 0x00, 0x3E, 0x3E, 0x3E, 0x48, 0x8D, 0x8A, 0xD0, 0x00, 0x00, 0x00, 0xE9, 0x5B, 0xB6, 0xFF, 0xFF, 0x48, 0x8D, 0x8A, 0x20, 0x00, 0x00, 0x00, 0xE9, 0x6F,
    0xD1, 0xFF, 0xFF, 0x48, 0x89, 0x54, 0x24, 0x10, 0x53, 0x55, 0x48, 0x83, 0xEC, 0x28, 0x48, 0x8B, 0xEA, 0x48, 0x8D, 0x15, 0xD2, 0x15, 0x00, 0x00, 0x48, 0x8B,
    0x0D, 0xFB, 0x0F, 0x00, 0x00, 0xE8, 0x4E, 0xD6, 0xFF, 0xFF, 0x48, 0x8D, 0x55, 0x20, 0x48, 0x83, 0x7D, 0x38, 0x0F, 0x48, 0x0F, 0x47, 0x55, 0x20, 0x4C, 0x8B,
    0x45, 0x30, 0x48, 0x8B, 0xC8, 0xE8, 0xD4, 0xE4, 0xFF, 0xFF, 0x48, 0x8D, 0x15, 0x9D, 0x15, 0x00, 0x00, 0x48, 0x8B, 0xC8, 0xE8, 0x25, 0xD6, 0xFF, 0xFF, 0x48,
    0x8B, 0xD8, 0x48, 0x8B, 0x8D, 0xC0, 0x00, 0x00, 0x00, 0x48, 0x8B, 0x11, 0xFF, 0x52, 0x08, 0x48, 0x8B, 0xD0, 0x48, 0x8B, 0xCB, 0xE8, 0x0A, 0xD6, 0xFF, 0xFF,
    0x48, 0x8B, 0xC8, 0x48, 0x8D, 0x15, 0x14, 0x15, 0x00, 0x00, 0xE8, 0xFB, 0xD5, 0xFF, 0xFF, 0x90, 0x48, 0xB8, 0x00, 0x00, 0x00, 0x00, 0x00, 0x00, 0x00, 0x00,
    0x48, 0x83, 0xC4, 0x28, 0x5D, 0x5B, 0xC3, 0xCC, 0x3E, 0x48, 0x8D, 0x8A, 0x90, 0x00, 0x00, 0x00, 0xE9, 0x5B, 0xD0, 0xFF, 0xFF, 0xCC, 0xCC, 0xCC, 0xCC, 0xCC,
    0xCC, 0xCC, 0xCC, 0xCC, 0xCC, 0xCC, 0xCC, 0xCC, 0xCC, 0xCC, 0xCC, 0xCC, 0xCC, 0xCC, 0xCC, 0xCC, 0xCC, 0xCC, 0xCC, 0xCC, 0xCC, 0xCC, 0x40, 0x55, 0x48, 0x83,
    0xEC, 0x20, 0x48, 0x8B, 0xEA, 0x8B, 0x45, 0x30, 0x83, 0xE0, 0x01, 0x85, 0xC0, 0x74, 0x12, 0x3E, 0x3E, 0x83, 0x65, 0x30, 0xFE, 0x48, 0x8B, 0x8D, 0xD0, 0x02,
    0x00, 0x00, 0xE8, 0x7B, 0xC8, 0xFF, 0xFF, 0x48, 0x83, 0xC4, 0x20, 0x5D, 0xC3, 0x48, 0x8D, 0x8A, 0x18, 0x01, 0x00, 0x00, 0xE9, 0x89, 0xD0, 0xFF, 0xFF, 0x3E,
    0x3E, 0x48, 0x8D, 0x8A, 0x60, 0x00, 0x00, 0x00, 0xE9, 0x7B, 0xD0, 0xFF, 0xFF, 0x40, 0x55, 0x48, 0x83, 0xEC, 0x20, 0x48, 0x8B, 0xEA, 0x8B, 0x45, 0x30, 0x83,
    0xE0, 0x02, 0x85, 0xC0, 0x74, 0x18, 0x83, 0x65, 0x30, 0xFD, 0x48, 0x8D, 0x8D, 0x90, 0x01, 0x00, 0x00, 0x48, 0x81, 0xC1, 0x90, 0x00, 0x00, 0x00, 0xFF, 0x15,
    0xF8, 0x0F, 0x00, 0x00, 0x48, 0x83, 0xC4, 0x20, 0x5D, 0xC3, 0x48, 0x8D, 0x8A, 0x90, 0x01, 0x00, 0x00, 0x48, 0x83, 0xC1, 0x18, 0x48, 0xFF, 0x25, 0xF8, 0x0F,
    0x00, 0x00, 0x48, 0x8B, 0x8A, 0x00, 0x01, 0x00, 0x00, 0x48, 0xFF, 0x25, 0x82, 0x0F, 0x00, 0x00, 0x3E, 0x3E, 0x3E, 0x48, 0x8D, 0x8A, 0x90, 0x01, 0x00, 0x00,
    0xE9, 0xFB, 0xB4, 0xFF, 0xFF, 0x48, 0x8D, 0x8A, 0x68, 0x01, 0x00, 0x00, 0xE9, 0x0F, 0xD0, 0xFF, 0xFF, 0x40, 0x55, 0x48, 0x83, 0xEC, 0x20, 0x48, 0x8B, 0xEA,
    0x8B, 0x45, 0x30, 0x83, 0xE0, 0x08, 0x85, 0xC0, 0x74, 0x10, 0x83, 0x65, 0x30, 0xF7, 0x48, 0x8D, 0x8D, 0x38, 0x01, 0x00, 0x00, 0xE8, 0xEC, 0xCF, 0xFF, 0xFF,
    0x48, 0x83, 0xC4, 0x20, 0x5D, 0xC3, 0x40, 0x55, 0x48, 0x83, 0xEC, 0x20, 0x48, 0x8B, 0xEA, 0x8B, 0x45, 0x30, 0x83, 0xE0, 0x20, 0x85, 0xC0, 0x74, 0x10, 0x83,
    0x65, 0x30, 0xDF, 0x48, 0x8D, 0x8D, 0xE0, 0x00, 0x00, 0x00, 0xE8, 0xC3, 0xCF, 0xFF, 0xFF, 0x48, 0x83, 0xC4, 0x20, 0x5D, 0xC3, 0x48, 0x8D, 0x8A, 0xE0, 0x00,
    0x00, 0x00, 0xE9, 0xB1, 0xCF, 0xFF, 0xFF, 0x48, 0x8D, 0x8A, 0xA8, 0x00, 0x00, 0x00, 0xE9, 0xA5, 0xCF, 0xFF, 0xFF, 0x40, 0x55, 0x48, 0x83, 0xEC, 0x20, 0x48,
    0x8B, 0xEA, 0x8B, 0x45, 0x30, 0x83, 0xE0, 0x40, 0x85, 0xC0, 0x74, 0x0D, 0x83, 0x65, 0x30, 0xBF, 0x48, 0x8D, 0x4D, 0x38, 0xE8, 0x85, 0xCF, 0xFF, 0xFF, 0x48,
    0x83, 0xC4, 0x20, 0x5D, 0xC3, 0x48, 0x8D, 0x8A, 0x88, 0x00, 0x00, 0x00, 0xE9, 0xF3, 0xCE, 0xFF, 0xFF, 0xCC, 0xCC, 0xCC, 0xCC, 0xCC, 0xCC, 0xCC, 0xCC, 0xCC,
    0xCC, 0xCC, 0xCC, 0xCC, 0xCC, 0xCC, 0xCC, 0xCC, 0xCC, 0xCC, 0x48, 0x8D, 0x8A, 0xE0, 0x00, 0x00, 0x00, 0xE9, 0xF4, 0xE9, 0xFF, 0xFF, 0x48, 0x8D, 0x8A, 0x40,
    0x00, 0x00, 0x00, 0xE9, 0x68, 0xBE, 0xFF, 0xFF, 0x3E, 0x48, 0x8D, 0x8A, 0x78, 0x00, 0x00, 0x00, 0xE9, 0x5B, 0xCE, 0xFF, 0xFF, 0x48, 0x8D, 0x8A, 0x60, 0x00,
    0x00, 0x00, 0xE9, 0x0F, 0xC7, 0xFF, 0xFF, 0xCC, 0xCC, 0xCC, 0xCC, 0xCC, 0xCC, 0xCC, 0xCC, 0xCC, 0xCC, 0xCC, 0xCC, 0xCC, 0xCC, 0xCC, 0x48, 0x8D, 0x8A, 0x20,
    0x00, 0x00, 0x00, 0xE9, 0xF4, 0xD0, 0xFF, 0xFF, 0x48, 0x8D, 0x8A, 0x20, 0x00, 0x00, 0x00, 0xE9, 0x68, 0xD0, 0xFF, 0xFF, 0x48, 0x89, 0x54, 0x24, 0x10, 0x55,
    0x48, 0x83, 0xEC, 0x20, 0x48, 0x8B, 0xEA, 0x3E, 0x3E, 0x3E, 0x3E, 0x3E, 0x48, 0x8B, 0x55, 0x60, 0x48, 0x8B, 0x02, 0x48, 0x63, 0x48, 0x04, 0x48, 0x03, 0xCA,
    0x41, 0xB0, 0x01, 0xBA, 0x04, 0x00, 0x00, 0x00, 0xFF, 0x15, 0x12, 0x0E, 0x00, 0x00, 0x90, 0x48, 0xB8, 0x00, 0x00, 0x00, 0x00, 0x00, 0x00, 0x00, 0x00, 0x48,
    0x83, 0xC4, 0x20, 0x5D, 0xC3, 0xCC, 0xCC, 0xCC, 0xCC, 0xCC, 0xCC, 0xCC, 0xCC, 0xCC, 0x48, 0x8D, 0x8A, 0x20, 0x00, 0x00, 0x00, 0xE9, 0x94, 0xD0, 0xFF, 0xFF,
    0x48, 0x8D, 0x8A, 0x20, 0x00, 0x00, 0x00, 0xE9, 0x48, 0xD0, 0xFF, 0xFF, 0x3E, 0x48, 0x8D, 0x8A, 0x30, 0x00, 0x00, 0x00, 0xE9, 0x9B, 0xA2, 0xFF, 0xFF, 0x48,
    0x89, 0x54, 0x24, 0x10, 0x55, 0x48, 0x83, 0xEC, 0x20, 0x48, 0x8B, 0xEA, 0x48, 0x8B, 0x95, 0x80, 0x00, 0x00, 0x00, 0x48, 0x8B, 0x02, 0x48, 0x63, 0x48, 0x04,
    0x48, 0x03, 0xCA, 0x41, 0xB0, 0x01, 0xBA, 0x04, 0x00, 0x00, 0x00, 0xFF, 0x15, 0xB7, 0x0D, 0x00, 0x00, 0x90, 0x48, 0xB8, 0x00, 0x00, 0x00, 0x00, 0x00, 0x00,
    0x00, 0x00, 0x48, 0x83, 0xC4, 0x20, 0x5D, 0xC3, 0xCC, 0xCC, 0xCC, 0xCC, 0xCC, 0xCC, 0xCC, 0xCC, 0xCC, 0xCC, 0xCC, 0xCC, 0xCC, 0xCC, 0xCC, 0xCC, 0xCC, 0xCC,
    0xCC, 0xCC, 0xCC, 0xCC, 0xCC, 0xCC, 0xCC, 0xCC, 0xCC, 0xCC, 0xCC, 0xCC, 0x48, 0x8D, 0x8A, 0x20, 0x00, 0x00, 0x00, 0xE9, 0x14, 0xD0, 0xFF, 0xFF, 0x48, 0x8D,
    0x8A, 0x20, 0x00, 0x00, 0x00, 0xE9, 0xC8, 0xCF, 0xFF, 0xFF, 0x48, 0x89, 0x54, 0x24, 0x10, 0x55, 0x48, 0x83, 0xEC, 0x20, 0x48, 0x8B, 0xEA, 0x3E, 0x3E, 0x3E,
    0x3E, 0x3E, 0x48, 0x8B, 0x55, 0x60, 0x48, 0x8B, 0x02, 0x48, 0x63, 0x48, 0x04, 0x48, 0x03, 0xCA, 0x41, 0xB0, 0x01, 0xBA, 0x04, 0x00, 0x00, 0x00, 0xFF, 0x15,
    0x42, 0x0D, 0x00, 0x00, 0x90, 0x48, 0xB8, 0x00, 0x00, 0x00, 0x00, 0x00, 0x00, 0x00, 0x00, 0x48, 0x83, 0xC4, 0x20, 0x5D, 0xC3, 0xCC, 0xCC, 0xCC, 0xCC, 0xCC,
    0xCC, 0xCC, 0xCC, 0xCC, 0x48, 0x8D, 0x8A, 0x40, 0x00, 0x00, 0x00, 0x48, 0xFF, 0x25, 0xFA, 0x0D, 0x00, 0x00, 0x48, 0x8D, 0x8A, 0x50, 0x00, 0x00, 0x00, 0xE9,
    0x96, 0xDF, 0xFF, 0xFF, 0xCC, 0xCC, 0xCC, 0xCC, 0xCC, 0xCC, 0x48, 0x8D, 0x8A, 0x20, 0x00, 0x00, 0x00, 0xE9, 0x94, 0xCF, 0xFF, 0xFF, 0x48, 0x8D, 0x8A, 0x20,
    0x00, 0x00, 0x00, 0xE9, 0x08, 0xE8, 0xFF, 0xFF, 0x48, 0x89, 0x54, 0x24, 0x10, 0x55, 0x48, 0x83, 0xEC, 0x20, 0x48, 0x8B, 0xEA, 0x3E, 0x3E, 0x3E, 0x3E, 0x3E,
    0x48, 0x8B, 0x55, 0x60, 0x48, 0x8B, 0x02, 0x48, 0x63, 0x48, 0x04, 0x48, 0x03, 0xCA, 0x41, 0xB0, 0x01, 0xBA, 0x04, 0x00, 0x00, 0x00, 0xFF, 0x15, 0xB2, 0x0C,
    0x00, 0x00, 0x90, 0x48, 0xB8, 0x00, 0x00, 0x00, 0x00, 0x00, 0x00, 0x00, 0x00, 0x48, 0x83, 0xC4, 0x20, 0x5D, 0xC3, 0xCC, 0x40, 0x55, 0x48, 0x8B, 0xEA, 0x48,
    0x8B, 0x01, 0x33, 0xC9, 0x81, 0x38, 0x05, 0x00, 0x00, 0xC0, 0x0F, 0x94, 0xC1, 0x8B, 0xC1, 0x5D, 0xC3, 0xCC, 0x40, 0x55, 0x48, 0x83, 0xEC, 0x20, 0x48, 0x8B,
    0xEA, 0x48, 0x8B, 0x01, 0x48, 0x8B, 0xD1, 0x8B, 0x08, 0xE8, 0x3C, 0xF8, 0xFF, 0xFF, 0x90, 0x48, 0x83, 0xC4, 0x20, 0x5D, 0xC3, 0xCC, 0xCC, 0xCC, 0xCC, 0xCC,
    0xCC, 0xCC, 0xCC, 0xCC, 0xCC, 0xCC, 0xCC, 0xCC, 0xCC, 0xCC, 0xCC, 0xCC, 0xCC, 0xCC, 0x48, 0x83, 0xEC, 0x28, 0x48, 0x8B, 0x0D, 0x1D, 0x52, 0x00, 0x00, 0x48,
    0x85, 0xC9, 0x74, 0x4C, 0x48, 0x8B, 0x15, 0x21, 0x52, 0x00, 0x00, 0x3E, 0x3E, 0x48, 0x2B, 0xD1, 0x48, 0x83, 0xE2, 0xF8, 0x48, 0x81, 0xFA, 0x00, 0x10, 0x00,
    0x00, 0x72, 0x18, 0x4C, 0x8B, 0x41, 0xF8, 0x48, 0x83, 0xC2, 0x27, 0x49, 0x2B, 0xC8, 0x48, 0x8D, 0x41, 0xF8, 0x48, 0x83, 0xF8, 0x1F, 0x77, 0x23, 0x49, 0x8B,
    0xC8, 0xE8, 0xBA, 0xE9, 0xFF, 0xFF, 0x0F, 0x57, 0xC0, 0x48, 0xC7, 0x05, 0xD4, 0x51, 0x00, 0x00, 0x00, 0x00, 0x00, 0x00, 0xF3, 0x0F, 0x7F, 0x05, 0xD4, 0x51,
    0x00, 0x00, 0x48, 0x83, 0xC4, 0x28, 0xC3, 0xFF, 0x15, 0x49, 0x0E, 0x00, 0x00, 0xCC, 0x40, 0x53, 0x48, 0x83, 0xEC, 0x20, 0xEB, 0x41, 0x48, 0x8B, 0x03, 0x48,
    0x8B, 0x4B, 0x08, 0x48, 0x89, 0x05, 0x1A, 0x4C, 0x00, 0x00, 0x48, 0x8B, 0x01, 0x48, 0x8B, 0x40, 0x10, 0xFF, 0x15, 0xC5, 0x0E, 0x00, 0x00, 0x48, 0x8B, 0xC8,
    0x48, 0x85, 0xC0, 0x74, 0x11, 0x48, 0x8B, 0x10, 0x48, 0x8B, 0x02, 0xBA, 0x01, 0x00, 0x00, 0x00, 0xFF, 0x15, 0xAC, 0x0E, 0x00, 0x00, 0xBA, 0x10, 0x00, 0x00,
    0x00, 0x48, 0x8B, 0xCB, 0xE8, 0x4F, 0xE9, 0xFF, 0xFF, 0x48, 0x8B, 0x1D, 0xE0, 0x4B, 0x00, 0x00, 0x48, 0x85, 0xDB, 0x75, 0xB3, 0x48, 0x83, 0xC4, 0x20, 0x5B,
    0xC3, 0x00, 0x00, 0x00, 0x00, 0x00, 0x00, 0x00, 0x00, 0x00, 0x00, 0x00, 0x00, 0x00, 0x00, 0x00, 0x00, 0x00, 0x00, 0x00, 0x00, 0x00, 0x00, 0x00, 0x00, 0x00,
    0x00, 0x00, 0x00, 0x00, 0x00, 0x00, 0x00, 0x00, 0x00, 0x00, 0x00, 0x00, 0x00, 0x00, 0x00, 0x00, 0x00, 0x00, 0x00, 0x00, 0x00, 0x00, 0x00, 0x00, 0x00, 0x00,
    0x00, 0x00, 0x00, 0x00, 0x00, 0x00, 0x00, 0x00, 0x00, 0x00, 0x00, 0x00, 0x00, 0x00, 0x00, 0x00, 0x00, 0x00, 0x00, 0x00, 0x00, 0x00, 0x00, 0x00, 0x00, 0x00,
    0x00, 0x00, 0x00, 0x00, 0x00, 0x00, 0x00, 0x00, 0x00, 0x00, 0x00, 0x00, 0x00, 0x00, 0x00, 0x00, 0x00, 0x00, 0x00, 0x00, 0x00, 0x00, 0x00, 0x00, 0x00, 0x00,
    0x00, 0x00, 0x00, 0x00, 0x00, 0x00, 0x00, 0x00, 0x00, 0x00, 0x00, 0x00, 0x00, 0x00, 0x00, 0x00, 0x00, 0x00, 0x00, 0x00, 0x00, 0x00, 0x00, 0x00, 0x00, 0x00,
    0x00, 0x00, 0x00, 0x00, 0x00, 0x00, 0x00, 0x00, 0x00, 0x00, 0x00, 0x00, 0x00, 0x00, 0x00, 0x00, 0x00, 0x00, 0x00, 0x00, 0x00, 0x00, 0x00, 0x00, 0x00, 0x00,
    0x00, 0x00, 0x00, 0x00, 0x00, 0x00, 0x00, 0x00, 0x00, 0x00, 0x00, 0x00, 0x00, 0x00, 0x00, 0x00, 0x00, 0x00, 0x00, 0x00, 0x00, 0x00, 0x00, 0x00, 0x00, 0x00,
    0x00, 0x00, 0x00, 0x00, 0x00, 0x00, 0x00, 0x00, 0x00, 0x00, 0x00, 0x00, 0x00, 0x00, 0x00, 0x00, 0x00, 0x00, 0x00, 0x00, 0x00, 0x00, 0x00, 0x00, 0x00, 0x00,
    0x00, 0x00, 0x00, 0x00, 0x00, 0x00, 0x00, 0x00, 0x00, 0x00, 0x00, 0x00, 0x00, 0x00, 0x00, 0x00, 0x00, 0x00, 0x00, 0x00, 0x00, 0x00, 0x00, 0x00, 0x00, 0x00,
    0x00, 0x00, 0x00, 0x00, 0x00, 0x00, 0x00, 0x00, 0x00, 0x00, 0x00, 0x00, 0x00, 0x00, 0x00, 0x00, 0x00, 0x00, 0x00, 0x00, 0x00, 0x00, 0x00, 0x00, 0x00, 0x00,
    0x00, 0x00, 0x00, 0x00, 0x00, 0x00, 0x00, 0x00, 0x00, 0x00, 0x00, 0x00, 0x00, 0x00, 0x00, 0x00, 0x00, 0x00, 0x00, 0x00, 0x00, 0x00, 0x00, 0x00, 0x00, 0x00,
    0x00, 0x00, 0x00, 0x00, 0x00, 0x00, 0x00, 0x00, 0x00, 0x00, 0x00, 0x00, 0x00, 0x00, 0x00, 0x00, 0x00, 0x00, 0x00, 0x00, 0x00, 0x00, 0x00, 0x00, 0x00, 0x00,
    0x00, 0x00, 0x00, 0x00, 0x00, 0x00, 0x00, 0x00, 0x00, 0x00, 0x00, 0x00, 0x00, 0x00, 0x00, 0x00, 0x00, 0x00, 0x00, 0x00, 0x00, 0x00, 0x00, 0x00, 0x00, 0x00,
    0x00, 0x00, 0x00, 0x00, 0x00, 0x00, 0x00, 0x00, 0x00, 0x00, 0x00, 0x00, 0x00, 0x00, 0x00, 0x00, 0x00, 0x00, 0x00, 0x00, 0x00, 0x00, 0x00, 0x00, 0x00, 0x00,
    0x00, 0x00, 0x00, 0x00, 0x00, 0x00, 0x00, 0x00, 0x00, 0x00, 0x00, 0x00, 0x00, 0x00, 0x00, 0x00, 0x00, 0x00, 0x00, 0x00, 0x00, 0x00, 0x00, 0x00, 0x00, 0x00,
    0x00, 0x00, 0x00, 0x00, 0x00, 0x00, 0x00, 0x00, 0x00, 0x00, 0x00, 0x00, 0x00, 0x00, 0x00, 0x00, 0x00, 0x00, 0x00, 0x00, 0x00, 0x00, 0x00, 0x00, 0x00, 0x00,
    0x00, 0x00, 0x00, 0x00, 0x00, 0x00, 0x00, 0x00, 0x00, 0x00, 0x00, 0x00, 0x00, 0x00, 0x00, 0x00, 0x00, 0x00, 0x00, 0x00, 0x00, 0x00, 0x00, 0x00, 0x00, 0x00,
    0x00, 0x00, 0x00, 0x00, 0x00, 0x00, 0x00, 0x00, 0x00, 0x00, 0x00, 0x00, 0x00, 0x00, 0x00, 0x00, 0x00, 0x00, 0x00, 0x00, 0x00, 0x00, 0x00, 0x00, 0x00, 0x00,
    0x00, 0x00, 0x00, 0x00, 0x00, 0x00, 0x00, 0x00, 0x00, 0x00, 0x5E, 0xA3, 0x00, 0x00, 0x00, 0x00, 0x00, 0x00, 0x48, 0xA3, 0x00, 0x00, 0x00, 0x00, 0x00, 0x00,
    0x72, 0xA3, 0x00, 0x00, 0x00, 0x00, 0x00, 0x00, 0x00, 0x00, 0x00, 0x00, 0x00, 0x00, 0x00, 0x00, 0x38, 0xA2, 0x00, 0x00, 0x00, 0x00, 0x00, 0x00, 0x4A, 0xA2,
    0x00, 0x00, 0x00, 0x00, 0x00, 0x00, 0x62, 0xA2, 0x00, 0x00, 0x00, 0x00, 0x00, 0x00, 0x7E, 0xA2, 0x00, 0x00, 0x00, 0x00, 0x00, 0x00, 0x90, 0xA2, 0x00, 0x00,
    0x00, 0x00, 0x00, 0x00, 0x9E, 0xA2, 0x00, 0x00, 0x00, 0x00, 0x00, 0x00, 0xAE, 0xA2, 0x00, 0x00, 0x00, 0x00, 0x00, 0x00, 0xD4, 0xA2, 0x00, 0x00, 0x00, 0x00,
    0x00, 0x00, 0xE8, 0xA2, 0x00, 0x00, 0x00, 0x00, 0x00, 0x00, 0xFA, 0xA2, 0x00, 0x00, 0x00, 0x00, 0x00, 0x00, 0x10, 0xA3, 0x00, 0x00, 0x00, 0x00, 0x00, 0x00,
    0x20, 0xA3, 0x00, 0x00, 0x00, 0x00, 0x00, 0x00, 0x54, 0xB3, 0x00, 0x00, 0x00, 0x00, 0x00, 0x00, 0x46, 0xB4, 0x00, 0x00, 0x00, 0x00, 0x00, 0x00, 0x30, 0xB4,
    0x00, 0x00, 0x00, 0x00, 0x00, 0x00, 0x16, 0xB4, 0x00, 0x00, 0x00, 0x00, 0x00, 0x00, 0x1C, 0xA2, 0x00, 0x00, 0x00, 0x00, 0x00, 0x00, 0x0E, 0xA2, 0x00, 0x00,
    0x00, 0x00, 0x00, 0x00, 0xFA, 0xA1, 0x00, 0x00, 0x00, 0x00, 0x00, 0x00, 0xEA, 0xA1, 0x00, 0x00, 0x00, 0x00, 0x00, 0x00, 0xD6, 0xA1, 0x00, 0x00, 0x00, 0x00,
    0x00, 0x00, 0xC0, 0xA2, 0x00, 0x00, 0x00, 0x00, 0x00, 0x00, 0xC0, 0xA1, 0x00, 0x00, 0x00, 0x00, 0x00, 0x00, 0x6E, 0xB3, 0x00, 0x00, 0x00, 0x00, 0x00, 0x00,
    0x82, 0xB3, 0x00, 0x00, 0x00, 0x00, 0x00, 0x00, 0x96, 0xB3, 0x00, 0x00, 0x00, 0x00, 0x00, 0x00, 0xB2, 0xB3, 0x00, 0x00, 0x00, 0x00, 0x00, 0x00, 0xD0, 0xB3,
    0x00, 0x00, 0x00, 0x00, 0x00, 0x00, 0xEC, 0xB3, 0x00, 0x00, 0x00, 0x00, 0x00, 0x00, 0x00, 0xB4, 0x00, 0x00, 0x00, 0x00, 0x00, 0x00, 0x40, 0xB3, 0x00, 0x00,
    0x00, 0x00, 0x00, 0x00, 0x00, 0x00, 0x00, 0x00, 0x00, 0x00, 0x00, 0x00, 0xE6, 0xA4, 0x00, 0x00, 0x00, 0x00, 0x00, 0x00, 0x08, 0xA5, 0x00, 0x00, 0x00, 0x00,
    0x00, 0x00, 0x44, 0xA5, 0x00, 0x00, 0x00, 0x00, 0x00, 0x00, 0x66, 0xA5, 0x00, 0x00, 0x00, 0x00, 0x00, 0x00, 0x8A, 0xA5, 0x00, 0x00, 0x00, 0x00, 0x00, 0x00,
    0x9A, 0xA5, 0x00, 0x00, 0x00, 0x00, 0x00, 0x00, 0xDC, 0xA5, 0x00, 0x00, 0x00, 0x00, 0x00, 0x00, 0x1E, 0xA6, 0x00, 0x00, 0x00, 0x00, 0x00, 0x00, 0x66, 0xA6,
    0x00, 0x00, 0x00, 0x00, 0x00, 0x00, 0xB0, 0xA6, 0x00, 0x00, 0x00, 0x00, 0x00, 0x00, 0xF2, 0xA6, 0x00, 0x00, 0x00, 0x00, 0x00, 0x00, 0x32, 0xA7, 0x00, 0x00,
    0x00, 0x00, 0x00, 0x00, 0x74, 0xA7, 0x00, 0x00, 0x00, 0x00, 0x00, 0x00, 0xB8, 0xA7, 0x00, 0x00, 0x00, 0x00, 0x00, 0x00, 0x9C, 0xA4, 0x00, 0x00, 0x00, 0x00,
    0x00, 0x00, 0xF4, 0xA7, 0x00, 0x00, 0x00, 0x00, 0x00, 0x00, 0x32, 0xA8, 0x00, 0x00, 0x00, 0x00, 0x00, 0x00, 0x76, 0xA8, 0x00, 0x00, 0x00, 0x00, 0x00, 0x00,
    0xB6, 0xA8, 0x00, 0x00, 0x00, 0x00, 0x00, 0x00, 0xFC, 0xA8, 0x00, 0x00, 0x00, 0x00, 0x00, 0x00, 0x3C, 0xA9, 0x00, 0x00, 0x00, 0x00, 0x00, 0x00, 0x72, 0xA9,
    0x00, 0x00, 0x00, 0x00, 0x00, 0x00, 0xB4, 0xA9, 0x00, 0x00, 0x00, 0x00, 0x00, 0x00, 0x20, 0xAA, 0x00, 0x00, 0x00, 0x00, 0x00, 0x00, 0x5C, 0xAA, 0x00, 0x00,
    0x00, 0x00, 0x00, 0x00, 0x9C, 0xAA, 0x00, 0x00, 0x00, 0x00, 0x00, 0x00, 0xDE, 0xAA, 0x00, 0x00, 0x00, 0x00, 0x00, 0x00, 0x24, 0xAB, 0x00, 0x00, 0x00, 0x00,
    0x00, 0x00, 0x64, 0xAB, 0x00, 0x00, 0x00, 0x00, 0x00, 0x00, 0xAC, 0xAB, 0x00, 0x00, 0x00, 0x00, 0x00, 0x00, 0xF4, 0xAB, 0x00, 0x00, 0x00, 0x00, 0x00, 0x00,
    0x42, 0xAC, 0x00, 0x00, 0x00, 0x00, 0x00, 0x00, 0x82, 0xAC, 0x00, 0x00, 0x00, 0x00, 0x00, 0x00, 0xD0, 0xAC, 0x00, 0x00, 0x00, 0x00, 0x00, 0x00, 0x06, 0xAD,
    0x00, 0x00, 0x00, 0x00, 0x00, 0x00, 0x48, 0xAD, 0x00, 0x00, 0x00, 0x00, 0x00, 0x00, 0x8C, 0xAD, 0x00, 0x00, 0x00, 0x00, 0x00, 0x00, 0xC6, 0xAD, 0x00, 0x00,
    0x00, 0x00, 0x00, 0x00, 0xF2, 0xAD, 0x00, 0x00, 0x00, 0x00, 0x00, 0x00, 0x12, 0xAE, 0x00, 0x00, 0x00, 0x00, 0x00, 0x00, 0x2E, 0xAE, 0x00, 0x00, 0x00, 0x00,
    0x00, 0x00, 0x6E, 0xAE, 0x00, 0x00, 0x00, 0x00, 0x00, 0x00, 0x92, 0xAE, 0x00, 0x00, 0x00, 0x00, 0x00, 0x00, 0x5E, 0xA4, 0x00, 0x00, 0x00, 0x00, 0x00, 0x00,
    0x44, 0xA4, 0x00, 0x00, 0x00, 0x00, 0x00, 0x00, 0x10, 0xA4, 0x00, 0x00, 0x00, 0x00, 0x00, 0x00, 0xEE, 0xA3, 0x00, 0x00, 0x00, 0x00, 0x00, 0x00, 0xCE, 0xA3,
    0x00, 0x00, 0x00, 0x00, 0x00, 0x00, 0xB2, 0xA3, 0x00, 0x00, 0x00, 0x00, 0x00, 0x00, 0x98, 0xA3, 0x00, 0x00, 0x00, 0x00, 0x00, 0x00, 0xC0, 0xA4, 0x00, 0x00,
    0x00, 0x00, 0x00, 0x00, 0x00, 0x00, 0x00, 0x00, 0x00, 0x00, 0x00, 0x00, 0x5A, 0xB4, 0x00, 0x00, 0x00, 0x00, 0x00, 0x00, 0x84, 0xAF, 0x00, 0x00, 0x00, 0x00,
    0x00, 0x00, 0xD4, 0xAE, 0x00, 0x00, 0x00, 0x00, 0x00, 0x00, 0xEE, 0xAE, 0x00, 0x00, 0x00, 0x00, 0x00, 0x00, 0x06, 0xAF, 0x00, 0x00, 0x00, 0x00, 0x00, 0x00,
    0x18, 0xAF, 0x00, 0x00, 0x00, 0x00, 0x00, 0x00, 0x30, 0xAF, 0x00, 0x00, 0x00, 0x00, 0x00, 0x00, 0x46, 0xAF, 0x00, 0x00, 0x00, 0x00, 0x00, 0x00, 0x5C, 0xAF,
    0x00, 0x00, 0x00, 0x00, 0x00, 0x00, 0x7A, 0xAF, 0x00, 0x00, 0x00, 0x00, 0x00, 0x00, 0x64, 0xB4, 0x00, 0x00, 0x00, 0x00, 0x00, 0x00, 0x00, 0x00, 0x00, 0x00,
    0x00, 0x00, 0x00, 0x00, 0xBE, 0xAE, 0x00, 0x00, 0x00, 0x00, 0x00, 0x00, 0x00, 0x00, 0x00, 0x00, 0x00, 0x00, 0x00, 0x00, 0x1E, 0xB0, 0x00, 0x00, 0x00, 0x00,
    0x00, 0x00, 0x00, 0x00, 0x00, 0x00, 0x00, 0x00, 0x00, 0x00, 0xA8, 0xB0, 0x00, 0x00, 0x00, 0x00, 0x00, 0x00, 0x9C, 0xB0, 0x00, 0x00, 0x00, 0x00, 0x00, 0x00,
    0x3E, 0xB1, 0x00, 0x00, 0x00, 0x00, 0x00, 0x00, 0x38, 0xB2, 0x00, 0x00, 0x00, 0x00, 0x00, 0x00, 0x00, 0x00, 0x00, 0x00, 0x00, 0x00, 0x00, 0x00, 0x22, 0xB2,
    0x00, 0x00, 0x00, 0x00, 0x00, 0x00, 0x00, 0x00, 0x00, 0x00, 0x00, 0x00, 0x00, 0x00, 0x68, 0xB1, 0x00, 0x00, 0x00, 0x00, 0x00, 0x00, 0x00, 0x00, 0x00, 0x00,
    0x00, 0x00, 0x00, 0x00, 0x46, 0xB1, 0x00, 0x00, 0x00, 0x00, 0x00, 0x00, 0x58, 0xB1, 0x00, 0x00, 0x00, 0x00, 0x00, 0x00, 0x4C, 0xB0, 0x00, 0x00, 0x00, 0x00,
    0x00, 0x00, 0x26, 0xB1, 0x00, 0x00, 0x00, 0x00, 0x00, 0x00, 0x9E, 0xB1, 0x00, 0x00, 0x00, 0x00, 0x00, 0x00, 0xAA, 0xB1, 0x00, 0x00, 0x00, 0x00, 0x00, 0x00,
    0xB8, 0xB1, 0x00, 0x00, 0x00, 0x00, 0x00, 0x00, 0xB4, 0xAF, 0x00, 0x00, 0x00, 0x00, 0x00, 0x00, 0xCE, 0xB1, 0x00, 0x00, 0x00, 0x00, 0x00, 0x00, 0xDC, 0xB1,
    0x00, 0x00, 0x00, 0x00, 0x00, 0x00, 0xEA, 0xB1, 0x00, 0x00, 0x00, 0x00, 0x00, 0x00, 0xF4, 0xB1, 0x00, 0x00, 0x00, 0x00, 0x00, 0x00, 0x0A, 0xB1, 0x00, 0x00,
    0x00, 0x00, 0x00, 0x00, 0xEE, 0xB0, 0x00, 0x00, 0x00, 0x00, 0x00, 0x00, 0xCC, 0xB0, 0x00, 0x00, 0x00, 0x00, 0x00, 0x00, 0xB2, 0xB0, 0x00, 0x00, 0x00, 0x00,
    0x00, 0x00, 0xE6, 0xAF, 0x00, 0x00, 0x00, 0x00, 0x00, 0x00, 0x76, 0xB0, 0x00, 0x00, 0x00, 0x00, 0x00, 0x00, 0x34, 0xB1, 0x00, 0x00, 0x00, 0x00, 0x00, 0x00,
    0x7C, 0xB1, 0x00, 0x00, 0x00, 0x00, 0x00, 0x00, 0x58, 0xB0, 0x00, 0x00, 0x00, 0x00, 0x00, 0x00, 0x00, 0x00, 0x00, 0x00, 0x00, 0x00, 0x00, 0x00, 0x02, 0xB0,
    0x00, 0x00, 0x00, 0x00, 0x00, 0x00, 0x48, 0xB2, 0x00, 0x00, 0x00, 0x00, 0x00, 0x00, 0xC0, 0xB1, 0x00, 0x00, 0x00, 0x00, 0x00, 0x00, 0xC8, 0xAF, 0x00, 0x00,
    0x00, 0x00, 0x00, 0x00, 0x32, 0xB0, 0x00, 0x00, 0x00, 0x00, 0x00, 0x00, 0x00, 0x00, 0x00, 0x00, 0x00, 0x00, 0x00, 0x00, 0xBC, 0xAF, 0x00, 0x00, 0x00, 0x00,
    0x00, 0x00, 0xDA, 0xAF, 0x00, 0x00, 0x00, 0x00, 0x00, 0x00, 0x28, 0xB0, 0x00, 0x00, 0x00, 0x00, 0x00, 0x00, 0x6C, 0xB0, 0x00, 0x00, 0x00, 0x00, 0x00, 0x00,
    0x62, 0xB0, 0x00, 0x00, 0x00, 0x00, 0x00, 0x00, 0xF8, 0xAF, 0x00, 0x00, 0x00, 0x00, 0x00, 0x00, 0x00, 0x00, 0x00, 0x00, 0x00, 0x00, 0x00, 0x00, 0xF0, 0x69,
    0x00, 0x40, 0x01, 0x00, 0x00, 0x00, 0xF0, 0x69, 0x00, 0x40, 0x01, 0x00, 0x00, 0x00, 0x10, 0x70, 0x00, 0x40, 0x01, 0x00, 0x00, 0x00, 0x30, 0x70, 0x00, 0x40,
    0x01, 0x00, 0x00, 0x00, 0x30, 0x70, 0x00, 0x40, 0x01, 0x00, 0x00, 0x00, 0x00, 0x00, 0x00, 0x00, 0x00, 0x00, 0x00, 0x00, 0x3A, 0x6D, 0x00, 0x40, 0x01, 0x00,
    0x00, 0x00, 0x00, 0x00, 0x00, 0x00, 0x00, 0x00, 0x00, 0x00, 0xE8, 0x62, 0x00, 0x40, 0x01, 0x00, 0x00, 0x00, 0xA0, 0x10, 0x00, 0x40, 0x01, 0x00, 0x00, 0x00,
    0x00, 0x10, 0x00, 0x40, 0x01, 0x00, 0x00, 0x00, 0x00, 0x00, 0x00, 0x00, 0x00, 0x00, 0x00, 0x00, 0x00, 0x00, 0x00, 0x00, 0x00, 0x00, 0x00, 0x00, 0x20, 0x62,
    0x00, 0x40, 0x01, 0x00, 0x00, 0x00, 0xD8, 0x62, 0x00, 0x40, 0x01, 0x00, 0x00, 0x00, 0x00, 0x00, 0x00, 0x00, 0x00, 0x00, 0x00, 0x00, 0x00, 0x00, 0x00, 0x00,
    0x00, 0x00, 0x00, 0x00, 0x00, 0x00, 0x00, 0x00, 0x00, 0x00, 0x00, 0x00, 0x00, 0x00, 0x00, 0x00, 0x00, 0x00, 0x00, 0x00, 0x00, 0x00, 0x00, 0x00, 0x00, 0x00,
    0x00, 0x00, 0xFF, 0xFF, 0xFF, 0xFF, 0xFF, 0xFF, 0xFF, 0xFF, 0xFF, 0xFF, 0xFF, 0xFF, 0xFF, 0xFF, 0xFF, 0xFF, 0x80, 0x8B, 0x00, 0x40, 0x01, 0x00, 0x00, 0x00,
    0xF4, 0x61, 0x00, 0x40, 0x01, 0x00, 0x00, 0x00, 0xF8, 0x8B, 0x00, 0x40, 0x01, 0x00, 0x00, 0x00, 0xA0, 0x13, 0x00, 0x40, 0x01, 0x00, 0x00, 0x00, 0x70, 0x13,
    0x00, 0x40, 0x01, 0x00, 0x00, 0x00, 0x50, 0x8D, 0x00, 0x40, 0x01, 0x00, 0x00, 0x00, 0xA0, 0x13, 0x00, 0x40, 0x01, 0x00, 0x00, 0x00, 0x70, 0x13, 0x00, 0x40,
    0x01, 0x00, 0x00, 0x00, 0x62, 0x61, 0x64, 0x20, 0x61, 0x6C, 0x6C, 0x6F, 0x63, 0x61, 0x74, 0x69, 0x6F, 0x6E, 0x00, 0x00, 0x70, 0x8C, 0x00, 0x40, 0x01, 0x00,
    0x00, 0x00, 0xA0, 0x13, 0x00, 0x40, 0x01, 0x00, 0x00, 0x00, 0x70, 0x13, 0x00, 0x40, 0x01, 0x00, 0x00, 0x00, 0x00, 0x00, 0x00, 0x00, 0x00, 0x00, 0x00, 0x00,
    0xFF, 0xFF, 0xFF, 0xFF, 0xFF, 0xFF, 0xFF, 0xFF, 0xFF, 0xFF, 0xFF, 0xFF, 0xFF, 0xFF, 0xFF, 0xFF, 0xFF, 0xFF, 0xFF, 0xFF, 0xFF, 0xFF, 0xFF, 0xFF, 0xFF, 0xFF,
    0xFF, 0xFF, 0xFF, 0xFF, 0xFF, 0xFF, 0x00, 0x00, 0x00, 0x00, 0x00, 0x00, 0x00, 0x00, 0x00, 0x00, 0x00, 0x00, 0x00, 0x00, 0x00, 0x00, 0x00, 0x00, 0x00, 0x00,
    0x00, 0x00, 0x00, 0x00, 0x00, 0x00, 0x00, 0x00, 0x00, 0x00, 0x00, 0x00, 0x10, 0xC2, 0x00, 0x40, 0x01, 0x00, 0x00, 0x00, 0xB0, 0xC2, 0x00, 0x40, 0x01, 0x00,
    0x00, 0x00, 0x55, 0x6E, 0x6B, 0x6E, 0x6F, 0x77, 0x6E, 0x20, 0x65, 0x78, 0x63, 0x65, 0x70, 0x74, 0x69, 0x6F, 0x6E, 0x00, 0x00, 0x00, 0x00, 0x00, 0x00, 0x00,
    0x62, 0x61, 0x64, 0x20, 0x61, 0x72, 0x72, 0x61, 0x79, 0x20, 0x6E, 0x65, 0x77, 0x20, 0x6C, 0x65, 0x6E, 0x67, 0x74, 0x68, 0x00, 0x00, 0x00, 0x00, 0x62, 0x61,
    0x64, 0x20, 0x63, 0x61, 0x73, 0x74, 0x00, 0x00, 0x00, 0x00, 0x00, 0x00, 0x00, 0x00, 0x73, 0x74, 0x72, 0x69, 0x6E, 0x67, 0x20, 0x74, 0x6F, 0x6F, 0x20, 0x6C,
    0x6F, 0x6E, 0x67, 0x00, 0x69, 0x6E, 0x76, 0x61, 0x6C, 0x69, 0x64, 0x20, 0x73, 0x74, 0x6F, 0x75, 0x6C, 0x20, 0x61, 0x72, 0x67, 0x75, 0x6D, 0x65, 0x6E, 0x74,
    0x00, 0x00, 0x73, 0x74, 0x6F, 0x75, 0x6C, 0x20, 0x61, 0x72, 0x67, 0x75, 0x6D, 0x65, 0x6E, 0x74, 0x20, 0x6F, 0x75, 0x74, 0x20, 0x6F, 0x66, 0x20, 0x72, 0x61,
    0x6E, 0x67, 0x65, 0x00, 0x0A, 0x00, 0x00, 0x00, 0x2D, 0x2D, 0x70, 0x69, 0x64, 0x00, 0x00, 0x00, 0x2D, 0x70, 0x69, 0x64, 0x00, 0x00, 0x00, 0x00, 0x2D, 0x70,
    0x72, 0x6F, 0x63, 0x65, 0x73, 0x73, 0x00, 0x00, 0x00, 0x00, 0x00, 0x00, 0x00, 0x00, 0x2D, 0x2D, 0x70, 0x72, 0x6F, 0x63, 0x65, 0x73, 0x73, 0x00, 0x00, 0x00,
    0x2D, 0x70, 0x00, 0x00, 0x2D, 0x2D, 0x70, 0x00, 0x00, 0x00, 0x00, 0x00, 0x5B, 0x2D, 0x5D, 0x20, 0x50, 0x72, 0x6F, 0x63, 0x65, 0x73, 0x73, 0x20, 0x64, 0x6F,
    0x65, 0x73, 0x20, 0x6E, 0x6F, 0x74, 0x20, 0x65, 0x78, 0x69, 0x73, 0x74, 0x3A, 0x20, 0x00, 0x00, 0x00, 0x00, 0x20, 0x2D, 0x20, 0x00, 0x00, 0x00, 0x00, 0x00,
    0x5B, 0x2D, 0x5D, 0x20, 0x49, 0x6E, 0x76, 0x61, 0x6C, 0x69, 0x64, 0x20, 0x50, 0x49, 0x44, 0x3A, 0x20, 0x00, 0x00, 0x00, 0x2D, 0x2D, 0x73, 0x69, 0x67, 0x73,
    0x00, 0x00, 0x20, 0x00, 0x00, 0x00, 0x53, 0x00, 0x74, 0x00, 0x72, 0x00, 0x69, 0x00, 0x6E, 0x00, 0x67, 0x00, 0x20, 0x00, 0x66, 0x00, 0x6F, 0x00, 0x75, 0x00,
    0x6E, 0x00, 0x64, 0x00, 0x20, 0x00, 0x25, 0x00, 0x73, 0x00, 0x0A, 0x00, 0x00, 0x00, 0x00, 0x00, 0x00, 0x00, 0x00, 0x00, 0x50, 0x00, 0x72, 0x00, 0x6F, 0x00,
    0x63, 0x00, 0x65, 0x00, 0x73, 0x00, 0x73, 0x00, 0x48, 0x00, 0x61, 0x00, 0x63, 0x00, 0x6B, 0x00, 0x65, 0x00, 0x72, 0x00, 0x2E, 0x00, 0x65, 0x00, 0x78, 0x00,
    0x65, 0x00, 0x00, 0x00, 0x00, 0x00, 0x00, 0x00, 0x54, 0x00, 0x61, 0x00, 0x73, 0x00, 0x6B, 0x00, 0x4D, 0x00, 0x67, 0x00, 0x72, 0x00, 0x2E, 0x00, 0x65, 0x00,
    0x78, 0x00, 0x65, 0x00, 0x00, 0x00, 0x70, 0x00, 0x72, 0x00, 0x6F, 0x00, 0x63, 0x00, 0x65, 0x00, 0x78, 0x00, 0x70, 0x00, 0x2E, 0x00, 0x65, 0x00, 0x78, 0x00,
    0x65, 0x00, 0x00, 0x00, 0x70, 0x00, 0x72, 0x00, 0x6F, 0x00, 0x63, 0x00, 0x65, 0x00, 0x78, 0x00, 0x70, 0x00, 0x36, 0x00, 0x34, 0x00, 0x2E, 0x00, 0x65, 0x00,
    0x78, 0x00, 0x65, 0x00, 0x00, 0x00, 0x00, 0x00, 0x00, 0x00, 0x70, 0x00, 0x72, 0x00, 0x6F, 0x00, 0x63, 0x00, 0x65, 0x00, 0x78, 0x00, 0x70, 0x00, 0x36, 0x00,
    0x34, 0x00, 0x61, 0x00, 0x2E, 0x00, 0x65, 0x00, 0x78, 0x00, 0x65, 0x00, 0x00, 0x00, 0x00, 0x00, 0x6E, 0x00, 0x74, 0x00, 0x64, 0x00, 0x6C, 0x00, 0x6C, 0x00,
    0x2E, 0x00, 0x64, 0x00, 0x6C, 0x00, 0x6C, 0x00, 0x00, 0x00, 0x00, 0x00, 0x00, 0x00, 0x4E, 0x74, 0x51, 0x75, 0x65, 0x72, 0x79, 0x53, 0x79, 0x73, 0x74, 0x65,
    0x6D, 0x49, 0x6E, 0x66, 0x6F, 0x72, 0x6D, 0x61, 0x74, 0x69, 0x6F, 0x6E, 0x00, 0x00, 0x00, 0x00, 0x00, 0x00, 0x00, 0x00, 0x6E, 0x74, 0x64, 0x6C, 0x6C, 0x2E,
    0x64, 0x6C, 0x6C, 0x00, 0x00, 0x00, 0xB8, 0x35, 0x00, 0x00, 0x00, 0x00, 0x00, 0x00, 0x00, 0x00, 0x00, 0x00, 0x66, 0x6F, 0x75, 0x6E, 0x64, 0x20, 0x73, 0x74,
    0x72, 0x69, 0x6E, 0x67, 0x20, 0x69, 0x6E, 0x20, 0x6D, 0x65, 0x6D, 0x6F, 0x72, 0x79, 0x20, 0x73, 0x69, 0x67, 0x3A, 0x00, 0x2E, 0x00, 0x0A, 0x00, 0x00, 0x00,
    0x00, 0x00, 0x00, 0x00, 0x00, 0x00, 0x66, 0x00, 0x6F, 0x00, 0x72, 0x00, 0x20, 0x00, 0x00, 0x00, 0x00, 0x00, 0x00, 0x00, 0x00, 0x00, 0x20, 0x00, 0x73, 0x00,
    0x65, 0x00, 0x63, 0x00, 0x6F, 0x00, 0x6E, 0x00, 0x64, 0x00, 0x73, 0x00, 0x20, 0x00, 0x00, 0x00, 0x00, 0x00, 0x00, 0x00, 0x5B, 0x00, 0x2B, 0x00, 0x5D, 0x00,
    0x20, 0x00, 0x53, 0x00, 0x63, 0x00, 0x61, 0x00, 0x6E, 0x00, 0x20, 0x00, 0x63, 0x00, 0x6F, 0x00, 0x6D, 0x00, 0x70, 0x00, 0x6C, 0x00, 0x65, 0x00, 0x74, 0x00,
    0x65, 0x00, 0x64, 0x00, 0x20, 0x00, 0x69, 0x00, 0x6E, 0x00, 0x20, 0x00, 0x00, 0x00, 0x00, 0x00, 0x4E, 0x6F, 0x74, 0x68, 0x69, 0x6E, 0x67, 0x20, 0x46, 0x6F,
    0x75, 0x6E, 0x64, 0x00, 0x00, 0x00, 0x76, 0x65, 0x63, 0x74, 0x6F, 0x72, 0x20, 0x74, 0x6F, 0x6F, 0x20, 0x6C, 0x6F, 0x6E, 0x67, 0x00, 0xA0, 0x13, 0x00, 0x40,
    0x01, 0x00, 0x00, 0x00, 0x70, 0x13, 0x00, 0x40, 0x01, 0x00, 0x00, 0x00, 0x00, 0x43, 0x00, 0x40, 0x01, 0x00, 0x00, 0x00, 0xDA, 0x6C, 0x00, 0x40, 0x01, 0x00,
    0x00, 0x00, 0xE0, 0x6C, 0x00, 0x40, 0x01, 0x00, 0x00, 0x00, 0x80, 0x3E, 0x00, 0x40, 0x01, 0x00, 0x00, 0x00, 0x20, 0x3E, 0x00, 0x40, 0x01, 0x00, 0x00, 0x00,
    0xE6, 0x6C, 0x00, 0x40, 0x01, 0x00, 0x00, 0x00, 0xA0, 0x3D, 0x00, 0x40, 0x01, 0x00, 0x00, 0x00, 0xEC, 0x6C, 0x00, 0x40, 0x01, 0x00, 0x00, 0x00, 0xF2, 0x6C,
    0x00, 0x40, 0x01, 0x00, 0x00, 0x00, 0xF8, 0x6C, 0x00, 0x40, 0x01, 0x00, 0x00, 0x00, 0x00, 0x3C, 0x00, 0x40, 0x01, 0x00, 0x00, 0x00, 0xC0, 0x3A, 0x00, 0x40,
    0x01, 0x00, 0x00, 0x00, 0xFE, 0x6C, 0x00, 0x40, 0x01, 0x00, 0x00, 0x00, 0x04, 0x6D, 0x00, 0x40, 0x01, 0x00, 0x00, 0x00, 0x0A, 0x6D, 0x00, 0x40, 0x01, 0x00,
    0x00, 0x00, 0x00, 0x00, 0x00, 0x00, 0x90, 0x00, 0x00, 0x00, 0x88, 0x5D, 0x00, 0x40, 0x01, 0x00, 0x00, 0x00, 0x40, 0x01, 0x00, 0x00, 0x00, 0x00, 0x00, 0x00,
    0x00, 0x00, 0x00, 0x00, 0x00, 0x00, 0x00, 0x00, 0x00, 0x00, 0x00, 0x00, 0x00, 0x00, 0x00, 0x00, 0x00, 0x00, 0x00, 0x00, 0x00, 0x00, 0x00, 0x00, 0x00, 0x00,
    0x00, 0x00, 0x00, 0x00, 0x00, 0x00, 0x00, 0x00, 0x00, 0x00, 0x00, 0x00, 0x00, 0x00, 0x00, 0x00, 0x00, 0x00, 0x00, 0x00, 0x00, 0x00, 0x00, 0x00, 0x00, 0x00,
    0x00, 0x00, 0x00, 0x00, 0x00, 0x00, 0x00, 0x00, 0x00, 0x00, 0x00, 0x00, 0x00, 0x00, 0x00, 0x00, 0x00, 0x00, 0x00, 0x00, 0x00, 0x00, 0x00, 0x00, 0x00, 0x00,
    0x00, 0x00, 0x40, 0xC0, 0x00, 0x40, 0x01, 0x00, 0x00, 0x00, 0x00, 0x00, 0x00, 0x00, 0x00, 0x00, 0x00, 0x00, 0x00, 0x00, 0x00, 0x00, 0x00, 0x00, 0x00, 0x00,
    0xA0, 0x84, 0x00, 0x40, 0x01, 0x00, 0x00, 0x00, 0xB0, 0x84, 0x00, 0x40, 0x01, 0x00, 0x00, 0x00, 0x00, 0x00, 0x00, 0x00, 0x00, 0x00, 0x00, 0x00, 0x00, 0x00,
    0x00, 0x00, 0x00, 0x00, 0x00, 0x00, 0x00, 0x01, 0x00, 0x00, 0x00, 0x00, 0x00, 0x00, 0x00, 0x00, 0x00, 0x00, 0x00, 0x00, 0x00, 0x00, 0x00, 0x00, 0x00, 0x00,
    0x00, 0x00, 0x00, 0x00, 0x00, 0x00, 0x00, 0x00, 0x00, 0x00, 0x00, 0x00, 0x00, 0x00, 0x00, 0x00, 0x00, 0x00, 0x00, 0x00, 0x00, 0x00, 0x00, 0x00, 0x00, 0x00,
    0x00, 0x00, 0x00, 0x00, 0x00, 0x00, 0x00, 0x00, 0x00, 0x00, 0x00, 0x00, 0x00, 0x00, 0x00, 0x00, 0x00, 0x00, 0x00, 0x00, 0x00, 0x00, 0x00, 0x00, 0x00, 0x00,
    0x00, 0x00, 0x00, 0x00, 0x00, 0x00, 0x00, 0x00, 0x00, 0x00, 0x00, 0x00, 0x00, 0x00, 0x00, 0x00, 0x00, 0x00, 0x00, 0x00, 0x00, 0x00, 0x00, 0x00, 0x00, 0x00,
    0x00, 0x00, 0x00, 0x00, 0x00, 0x00, 0x00, 0x00, 0x00, 0x00, 0x00, 0x00, 0x00, 0x00, 0x74, 0x8D, 0x00, 0x40, 0x01, 0x00, 0x00, 0x00, 0x00, 0x00, 0x00, 0x00,
    0x00, 0x00, 0x00, 0x00, 0x00, 0x00, 0x00, 0x00, 0x00, 0x00, 0x00, 0x00, 0xA8, 0x84, 0x00, 0x40, 0x01, 0x00, 0x00, 0x00, 0xB8, 0x84, 0x00, 0x40, 0x01, 0x00,
    0x00, 0x00, 0xC0, 0x84, 0x00, 0x40, 0x01, 0x00, 0x00, 0x00, 0xC8, 0x84, 0x00, 0x40, 0x01, 0x00, 0x00, 0x00, 0xD0, 0x84, 0x00, 0x40, 0x01, 0x00, 0x00, 0x00,
    0x00, 0x00, 0x00, 0x00, 0xA5, 0xED, 0x8B, 0x67, 0x00, 0x00, 0x00, 0x00, 0x02, 0x00, 0x00, 0x00, 0x5C, 0x00, 0x00, 0x00, 0xF0, 0x8D, 0x00, 0x00, 0xF0, 0x79,
    0x00, 0x00, 0x00, 0x00, 0x00, 0x00, 0xA5, 0xED, 0x8B, 0x67, 0x00, 0x00, 0x00, 0x00, 0x0C, 0x00, 0x00, 0x00, 0x14, 0x00, 0x00, 0x00, 0x4C, 0x8E, 0x00, 0x00,
    0x4C, 0x7A, 0x00, 0x00, 0x00, 0x00, 0x00, 0x00, 0xA5, 0xED, 0x8B, 0x67, 0x00, 0x00, 0x00, 0x00, 0x0D, 0x00, 0x00, 0x00, 0x20, 0x03, 0x00, 0x00, 0x60, 0x8E,
    0x00, 0x00, 0x60, 0x7A, 0x00, 0x00, 0x00, 0x00, 0x00, 0x00, 0xA5, 0xED, 0x8B, 0x67, 0x00, 0x00, 0x00, 0x00, 0x0E, 0x00, 0x00, 0x00, 0x00, 0x00, 0x00, 0x00,
    0x00, 0x00, 0x00, 0x00, 0x00, 0x00, 0x00, 0x00, 0x00, 0x00, 0x00, 0x00, 0x00, 0x00, 0x00, 0x00, 0x00, 0x00, 0x00, 0x00, 0x00, 0x00, 0x00, 0x00, 0x00, 0x00,
    0x00, 0x00, 0x00, 0x00, 0x00, 0x00, 0x00, 0x00, 0x00, 0x00, 0x00, 0x00, 0x00, 0x00, 0x00, 0x00, 0x00, 0x00, 0x00, 0x00, 0x00, 0x00, 0x00, 0x00, 0x00, 0x00,
    0x00, 0x00, 0x00, 0x00, 0x00, 0x00, 0x00, 0x00, 0x00, 0x00, 0x00, 0x00, 0x00, 0x00, 0x00, 0x00, 0x00, 0x00, 0x00, 0x00, 0x00, 0x00, 0x00, 0x00, 0x00, 0x00,
    0x00, 0x00, 0x00, 0x00, 0x00, 0x00, 0x00, 0x00, 0x00, 0x00, 0x00, 0x00, 0x00, 0x00, 0x00, 0x00, 0x00, 0x00, 0x00, 0x00, 0x00, 0x00, 0x00, 0x00, 0x00, 0x00,
    0x00, 0x00, 0x00, 0x00, 0x00, 0x00, 0x00, 0x00, 0x00, 0x00, 0x00, 0x00, 0x00, 0x00, 0x00, 0x00, 0x01, 0x00, 0x00, 0x00, 0x00, 0x00, 0x00, 0x00, 0x00, 0x00,
    0x00, 0x00, 0x48, 0xC1, 0x00, 0x00, 0xA8, 0x8B, 0x00, 0x00, 0x80, 0x8B, 0x00, 0x00, 0x00, 0x00, 0x00, 0x00, 0x00, 0x00, 0x00, 0x00, 0x00, 0x00, 0x00, 0x00,
    0x00, 0x00, 0x00, 0x00, 0x00, 0x00, 0x00, 0x00, 0x00, 0x00, 0x00, 0x00, 0x01, 0x00, 0x00, 0x00, 0xC0, 0x8B, 0x00, 0x00, 0x00, 0x00, 0x00, 0x00, 0x00, 0x00,
    0x00, 0x00, 0xD0, 0x8B, 0x00, 0x00, 0x00, 0x00, 0x00, 0x00, 0x00, 0x00, 0x00, 0x00, 0x00, 0x00, 0x00, 0x00, 0x48, 0xC1, 0x00, 0x00, 0x00, 0x00, 0x00, 0x00,
    0x00, 0x00, 0x00, 0x00, 0xFF, 0xFF, 0xFF, 0xFF, 0x00, 0x00, 0x00, 0x00, 0x40, 0x00, 0x00, 0x00, 0xA8, 0x8B, 0x00, 0x00, 0x00, 0x00, 0x00, 0x00, 0x00, 0x00,
    0x00, 0x00, 0x00, 0x00, 0x00, 0x00, 0x01, 0x00, 0x00, 0x00, 0x00, 0x00, 0x00, 0x00, 0x00, 0x00, 0x00, 0x00, 0xF0, 0xC0, 0x00, 0x00, 0x20, 0x8C, 0x00, 0x00,
    0xF8, 0x8B, 0x00, 0x00, 0x00, 0x00, 0x00, 0x00, 0x00, 0x00, 0x00, 0x00, 0x00, 0x00, 0x00, 0x00, 0x00, 0x00, 0x00, 0x00, 0x00, 0x00, 0x00, 0x00, 0x00, 0x00,
    0x00, 0x00, 0x01, 0x00, 0x00, 0x00, 0x38, 0x8C, 0x00, 0x00, 0x00, 0x00, 0x00, 0x00, 0x00, 0x00, 0x00, 0x00, 0x48, 0x8C, 0x00, 0x00, 0x00, 0x00, 0x00, 0x00,
    0x00, 0x00, 0x00, 0x00, 0x00, 0x00, 0x00, 0x00, 0xF0, 0xC0, 0x00, 0x00, 0x00, 0x00, 0x00, 0x00, 0x00, 0x00, 0x00, 0x00, 0xFF, 0xFF, 0xFF, 0xFF, 0x00, 0x00,
    0x00, 0x00, 0x40, 0x00, 0x00, 0x00, 0x20, 0x8C, 0x00, 0x00, 0x00, 0x00, 0x00, 0x00, 0x00, 0x00, 0x00, 0x00, 0x00, 0x00, 0x00, 0x00, 0x01, 0x00, 0x00, 0x00,
    0x00, 0x00, 0x00, 0x00, 0x00, 0x00, 0x00, 0x00, 0x18, 0xC1, 0x00, 0x00, 0x98, 0x8C, 0x00, 0x00, 0x70, 0x8C, 0x00, 0x00, 0x00, 0x00, 0x00, 0x00, 0x00, 0x00,
    0x00, 0x00, 0x00, 0x00, 0x00, 0x00, 0x00, 0x00, 0x00, 0x00, 0x00, 0x00, 0x00, 0x00, 0x00, 0x00, 0x00, 0x00, 0x03, 0x00, 0x00, 0x00, 0xB0, 0x8C, 0x00, 0x00,
    0x00, 0x00, 0x00, 0x00, 0x00, 0x00, 0x00, 0x00, 0xD0, 0x8C, 0x00, 0x00, 0xF8, 0x8C, 0x00, 0x00, 0x48, 0x8C, 0x00, 0x00, 0x00, 0x00, 0x00, 0x00, 0x00, 0x00,
    0x00, 0x00, 0x00, 0x00, 0x00, 0x00, 0x00, 0x00, 0x00, 0x00, 0x00, 0x00, 0x00, 0x00, 0x18, 0xC1, 0x00, 0x00, 0x02, 0x00, 0x00, 0x00, 0x00, 0x00, 0x00, 0x00,
    0xFF, 0xFF, 0xFF, 0xFF, 0x00, 0x00, 0x00, 0x00, 0x40, 0x00, 0x00, 0x00, 0x98, 0x8C, 0x00, 0x00, 0x00, 0x00, 0x00, 0x00, 0x00, 0x00, 0x00, 0x00, 0x00, 0x00,
    0x00, 0x00, 0xA0, 0xC0, 0x00, 0x00, 0x01, 0x00, 0x00, 0x00, 0x00, 0x00, 0x00, 0x00, 0xFF, 0xFF, 0xFF, 0xFF, 0x00, 0x00, 0x00, 0x00, 0x40, 0x00, 0x00, 0x00,
    0x20, 0x8D, 0x00, 0x00, 0x00, 0x00, 0x00, 0x00, 0x00, 0x00, 0x00, 0x00, 0x00, 0x00, 0x00, 0x00, 0x00, 0x00, 0x00, 0x00, 0x00, 0x00, 0x00, 0x00, 0x02, 0x00,
    0x00, 0x00, 0x38, 0x8D, 0x00, 0x00, 0x00, 0x00, 0x00, 0x00, 0x00, 0x00, 0x00, 0x00, 0xF8, 0x8C, 0x00, 0x00, 0x48, 0x8C, 0x00, 0x00, 0x00, 0x00, 0x00, 0x00,
    0x00, 0x00, 0x00, 0x00, 0x00, 0x00, 0x00, 0x00, 0x00, 0x00, 0x00, 0x00, 0x01, 0x00, 0x00, 0x00, 0x00, 0x00, 0x00, 0x00, 0x00, 0x00, 0x00, 0x00, 0xA0, 0xC0,
    0x00, 0x00, 0x20, 0x8D, 0x00, 0x00, 0x50, 0x8D, 0x00, 0x00, 0x00, 0x00, 0x00, 0x00, 0x00, 0x00, 0x00, 0x00, 0x00, 0x00, 0x00, 0x00, 0x18, 0x00, 0x00, 0x00,
    0x03, 0x80, 0x03, 0x80, 0x8C, 0x8D, 0x00, 0x00, 0x34, 0x00, 0x00, 0x00, 0xC0, 0x8D, 0x00, 0x00, 0x30, 0x00, 0x00, 0x00, 0xB1, 0x5F, 0x00, 0x00, 0xC7, 0x5F,
    0x00, 0x00, 0x57, 0x61, 0x00, 0x00, 0x8A, 0x66, 0x00, 0x00, 0x98, 0x66, 0x00, 0x00, 0xF9, 0x66, 0x00, 0x00, 0x44, 0x67, 0x00, 0x00, 0x95, 0x67, 0x00, 0x00,
    0x86, 0x68, 0x00, 0x00, 0xB8, 0x68, 0x00, 0x00, 0x6F, 0x6E, 0x00, 0x00, 0xEB, 0x6E, 0x00, 0x00, 0x00, 0x6F, 0x00, 0x00, 0xA0, 0x10, 0x00, 0x00, 0x20, 0x00,
    0x00, 0x00, 0x60, 0x5F, 0x00, 0x00, 0x35, 0x0D, 0x00, 0x00, 0x9C, 0x6C, 0x00, 0x00, 0x38, 0x00, 0x00, 0x00, 0x10, 0x6E, 0x00, 0x00, 0x80, 0x01, 0x00, 0x00,
    0x18, 0x75, 0x00, 0x00, 0x48, 0x00, 0x00, 0x00, 0xC8, 0x75, 0x00, 0x00, 0x5B, 0x00, 0x00, 0x00, 0x52, 0x53, 0x44, 0x53, 0x72, 0x15, 0xF3, 0x60, 0xC6, 0xEA,
    0x8C, 0x45, 0x99, 0x87, 0x59, 0xEA, 0xE0, 0x1E, 0x52, 0xD3, 0x03, 0x00, 0x00, 0x00, 0x43, 0x3A, 0x5C, 0x55, 0x73, 0x65, 0x72, 0x73, 0x5C, 0x61, 0x6D, 0x65,
    0x6E, 0x6E, 0x5C, 0x4F, 0x6E, 0x65, 0x44, 0x72, 0x69, 0x76, 0x65, 0x5C, 0x44, 0x65, 0x73, 0x6B, 0x74, 0x6F, 0x70, 0x5C, 0x6D, 0x65, 0x6D, 0x73, 0x63, 0x6E,
    0x2D, 0x6D, 0x61, 0x69, 0x6E, 0x5C, 0x73, 0x72, 0x63, 0x5C, 0x78, 0x36, 0x34, 0x5C, 0x52, 0x65, 0x6C, 0x65, 0x61, 0x73, 0x65, 0x5C, 0x73, 0x63, 0x6E, 0x2E,
    0x70, 0x64, 0x62, 0x00, 0x00, 0x00, 0x00, 0x00, 0x29, 0x00, 0x00, 0x00, 0x27, 0x00, 0x00, 0x00, 0x00, 0x00, 0x00, 0x00, 0x27, 0x00, 0x00, 0x00, 0x47, 0x43,
    0x54, 0x4C, 0x00, 0x10, 0x00, 0x00, 0xC0, 0x00, 0x00, 0x00, 0x2E, 0x74, 0x65, 0x78, 0x74, 0x24, 0x64, 0x69, 0x00, 0x00, 0x00, 0x00, 0xC0, 0x10, 0x00, 0x00,
    0x40, 0x5F, 0x00, 0x00, 0x2E, 0x74, 0x65, 0x78, 0x74, 0x24, 0x6D, 0x6E, 0x00, 0x00, 0x00, 0x00, 0x00, 0x70, 0x00, 0x00, 0x40, 0x00, 0x00, 0x00, 0x2E, 0x74,
    0x65, 0x78, 0x74, 0x24, 0x6D, 0x6E, 0x24, 0x30, 0x30, 0x00, 0x40, 0x70, 0x00, 0x00, 0x20, 0x05, 0x00, 0x00, 0x2E, 0x74, 0x65, 0x78, 0x74, 0x24, 0x78, 0x00,
    0x60, 0x75, 0x00, 0x00, 0xC3, 0x00, 0x00, 0x00, 0x2E, 0x74, 0x65, 0x78, 0x74, 0x24, 0x79, 0x64, 0x00, 0x00, 0x00, 0x00, 0x00, 0x80, 0x00, 0x00, 0xA0, 0x04,
    0x00, 0x00, 0x2E, 0x69, 0x64, 0x61, 0x74, 0x61, 0x24, 0x35, 0x00, 0x00, 0x00, 0x00, 0xA0, 0x84, 0x00, 0x00, 0x38, 0x00, 0x00, 0x00, 0x2E, 0x30, 0x30, 0x63,
    0x66, 0x67, 0x00, 0x00, 0xD8, 0x84, 0x00, 0x00, 0x08, 0x00, 0x00, 0x00, 0x2E, 0x43, 0x52, 0x54, 0x24, 0x58, 0x43, 0x41, 0x00, 0x00, 0x00, 0x00, 0xE0, 0x84,
    0x00, 0x00, 0x08, 0x00, 0x00, 0x00, 0x2E, 0x43, 0x52, 0x54, 0x24, 0x58, 0x43, 0x41, 0x41, 0x00, 0x00, 0x00, 0xE8, 0x84, 0x00, 0x00, 0x08, 0x00, 0x00, 0x00,
    0x2E, 0x43, 0x52, 0x54, 0x24, 0x58, 0x43, 0x4C, 0x00, 0x00, 0x00, 0x00, 0xF0, 0x84, 0x00, 0x00, 0x08, 0x00, 0x00, 0x00, 0x2E, 0x43, 0x52, 0x54, 0x24, 0x58,
    0x43, 0x55, 0x00, 0x00, 0x00, 0x00, 0xF8, 0x84, 0x00, 0x00, 0x08, 0x00, 0x00, 0x00, 0x2E, 0x43, 0x52, 0x54, 0x24, 0x58, 0x43, 0x5A, 0x00, 0x00, 0x00, 0x00,
    0x00, 0x85, 0x00, 0x00, 0x08, 0x00, 0x00, 0x00, 0x2E, 0x43, 0x52, 0x54, 0x24, 0x58, 0x49, 0x41, 0x00, 0x00, 0x00, 0x00, 0x08, 0x85, 0x00, 0x00, 0x08, 0x00,
    0x00, 0x00, 0x2E, 0x43, 0x52, 0x54, 0x24, 0x58, 0x49, 0x41, 0x41, 0x00, 0x00, 0x00, 0x10, 0x85, 0x00, 0x00, 0x08, 0x00, 0x00, 0x00, 0x2E, 0x43, 0x52, 0x54,
    0x24, 0x58, 0x49, 0x41, 0x43, 0x00, 0x00, 0x00, 0x18, 0x85, 0x00, 0x00, 0x08, 0x00, 0x00, 0x00, 0x2E, 0x43, 0x52, 0x54, 0x24, 0x58, 0x49, 0x5A, 0x00, 0x00,
    0x00, 0x00, 0x20, 0x85, 0x00, 0x00, 0x08, 0x00, 0x00, 0x00, 0x2E, 0x43, 0x52, 0x54, 0x24, 0x58, 0x50, 0x41, 0x00, 0x00, 0x00, 0x00, 0x28, 0x85, 0x00, 0x00,
    0x08, 0x00, 0x00, 0x00, 0x2E, 0x43, 0x52, 0x54, 0x24, 0x58, 0x50, 0x5A, 0x00, 0x00, 0x00, 0x00, 0x30, 0x85, 0x00, 0x00, 0x08, 0x00, 0x00, 0x00, 0x2E, 0x43,
    0x52, 0x54, 0x24, 0x58, 0x54, 0x41, 0x00, 0x00, 0x00, 0x00, 0x38, 0x85, 0x00, 0x00, 0x08, 0x00, 0x00, 0x00, 0x2E, 0x43, 0x52, 0x54, 0x24, 0x58, 0x54, 0x5A,
    0x00, 0x00, 0x00, 0x00, 0x40, 0x85, 0x00, 0x00, 0x40, 0x06, 0x00, 0x00, 0x2E, 0x72, 0x64, 0x61, 0x74, 0x61, 0x00, 0x00, 0x80, 0x8B, 0x00, 0x00, 0xF4, 0x01,
    0x00, 0x00, 0x2E, 0x72, 0x64, 0x61, 0x74, 0x61, 0x24, 0x72, 0x00, 0x00, 0x00, 0x00, 0x74, 0x8D, 0x00, 0x00, 0x7C, 0x00, 0x00, 0x00, 0x2E, 0x72, 0x64, 0x61,
    0x74, 0x61, 0x24, 0x76, 0x6F, 0x6C, 0x74, 0x6D, 0x64, 0x00, 0x00, 0x00, 0xF0, 0x8D, 0x00, 0x00, 0x90, 0x03, 0x00, 0x00, 0x2E, 0x72, 0x64, 0x61, 0x74, 0x61,
    0x24, 0x7A, 0x7A, 0x7A, 0x64, 0x62, 0x67, 0x00, 0x00, 0x00, 0x80, 0x91, 0x00, 0x00, 0x08, 0x00, 0x00, 0x00, 0x2E, 0x72, 0x74, 0x63, 0x24, 0x49, 0x41, 0x41,
    0x00, 0x00, 0x00, 0x00, 0x88, 0x91, 0x00, 0x00, 0x08, 0x00, 0x00, 0x00, 0x2E, 0x72, 0x74, 0x63, 0x24, 0x49, 0x5A, 0x5A, 0x00, 0x00, 0x00, 0x00, 0x90, 0x91,
    0x00, 0x00, 0x08, 0x00, 0x00, 0x00, 0x2E, 0x72, 0x74, 0x63, 0x24, 0x54, 0x41, 0x41, 0x00, 0x00, 0x00, 0x00, 0x98, 0x91, 0x00, 0x00, 0x08, 0x00, 0x00, 0x00,
    0x2E, 0x72, 0x74, 0x63, 0x24, 0x54, 0x5A, 0x5A, 0x00, 0x00, 0x00, 0x00, 0xA0, 0x91, 0x00, 0x00, 0x30, 0x09, 0x00, 0x00, 0x2E, 0x78, 0x64, 0x61, 0x74, 0x61,
    0x00, 0x00, 0xD0, 0x9A, 0x00, 0x00, 0x4C, 0x01, 0x00, 0x00, 0x2E, 0x78, 0x64, 0x61, 0x74, 0x61, 0x24, 0x78, 0x00, 0x00, 0x00, 0x00, 0x1C, 0x9C, 0x00, 0x00,
    0xF0, 0x00, 0x00, 0x00, 0x2E, 0x69, 0x64, 0x61, 0x74, 0x61, 0x24, 0x32, 0x00, 0x00, 0x00, 0x00, 0x0C, 0x9D, 0x00, 0x00, 0x14, 0x00, 0x00, 0x00, 0x2E, 0x69,
    0x64, 0x61, 0x74, 0x61, 0x24, 0x33, 0x00, 0x00, 0x00, 0x00, 0x20, 0x9D, 0x00, 0x00, 0xA0, 0x04, 0x00, 0x00, 0x2E, 0x69, 0x64, 0x61, 0x74, 0x61, 0x24, 0x34,
    0x00, 0x00, 0x00, 0x00, 0xC0, 0xA1, 0x00, 0x00, 0xAE, 0x12, 0x00, 0x00, 0x2E, 0x69, 0x64, 0x61, 0x74, 0x61, 0x24, 0x36, 0x00, 0x00, 0x00, 0x00, 0x00, 0xC0,
    0x00, 0x00, 0xA0, 0x00, 0x00, 0x00, 0x2E, 0x64, 0x61, 0x74, 0x61, 0x00, 0x00, 0x00, 0xA0, 0xC0, 0x00, 0x00, 0xA8, 0x00, 0x00, 0x00, 0x2E, 0x64, 0x61, 0x74,
    0x61, 0x24, 0x72, 0x00, 0x48, 0xC1, 0x00, 0x00, 0x38, 0x00, 0x00, 0x00, 0x2E, 0x64, 0x61, 0x74, 0x61, 0x24, 0x72, 0x73, 0x00, 0x00, 0x00, 0x00, 0x80, 0xC1,
    0x00, 0x00, 0xC8, 0x2B, 0x00, 0x00, 0x2E, 0x62, 0x73, 0x73, 0x00, 0x00, 0x00, 0x00, 0x00, 0xF0, 0x00, 0x00, 0x3C, 0x06, 0x00, 0x00, 0x2E, 0x70, 0x64, 0x61,
    0x74, 0x61, 0x00, 0x00, 0x00, 0x00, 0x01, 0x00, 0x60, 0x00, 0x00, 0x00, 0x2E, 0x72, 0x73, 0x72, 0x63, 0x24, 0x30, 0x31, 0x00, 0x00, 0x00, 0x00, 0x60, 0x00,
    0x01, 0x00, 0x80, 0x01, 0x00, 0x00, 0x2E, 0x72, 0x73, 0x72, 0x63, 0x24, 0x30, 0x32, 0x00, 0x00, 0x00, 0x00, 0x00, 0x00, 0x00, 0x00, 0x00, 0x00, 0x00, 0x00,
    0x00, 0x00, 0x00, 0x00, 0x00, 0x00, 0x00, 0x00, 0x00, 0x00, 0x00, 0x00, 0x00, 0x00, 0x00, 0x00, 0x00, 0x00, 0x00, 0x00, 0x00, 0x00, 0x00, 0x00, 0x01, 0x06,
    0x02, 0x00, 0x06, 0x12, 0x02, 0xF0, 0x21, 0x05, 0x02, 0x00, 0x05, 0x34, 0x04, 0x00, 0xC0, 0x10, 0x00, 0x00, 0x56, 0x11, 0x00, 0x00, 0xA0, 0x91, 0x00, 0x00,
    0x21, 0x27, 0x0A, 0x00, 0x27, 0xE4, 0x00, 0x00, 0x20, 0xC4, 0x01, 0x00, 0x15, 0x74, 0x07, 0x00, 0x0D, 0x64, 0x06, 0x00, 0x05, 0x54, 0x05, 0x00, 0x56, 0x11,
    0x00, 0x00, 0x5E, 0x11, 0x00, 0x00, 0xA8, 0x91, 0x00, 0x00, 0x21, 0x00, 0x06, 0x00, 0x00, 0xE4, 0x00, 0x00, 0x00, 0x74, 0x07, 0x00, 0x00, 0x64, 0x06, 0x00,
    0x56, 0x11, 0x00, 0x00, 0x5E, 0x11, 0x00, 0x00, 0xA8, 0x91, 0x00, 0x00, 0x21, 0x00, 0x00, 0x00, 0xC0, 0x10, 0x00, 0x00, 0x56, 0x11, 0x00, 0x00, 0xA0, 0x91,
    0x00, 0x00, 0x01, 0x06, 0x02, 0x00, 0x06, 0x32, 0x02, 0x30, 0x01, 0x0D, 0x04, 0x00, 0x0D, 0x34, 0x06, 0x00, 0x0D, 0x32, 0x09, 0x70, 0x01, 0x1A, 0x03, 0x00,
    0x1A, 0x62, 0x16, 0x70, 0x15, 0x30, 0x00, 0x00, 0x01, 0x04, 0x01, 0x00, 0x04, 0x82, 0x00, 0x00, 0x01, 0x04, 0x01, 0x00, 0x04, 0x42, 0x00, 0x00, 0x01, 0x14,
    0x08, 0x00, 0x14, 0x64, 0x0A, 0x00, 0x14, 0x54, 0x09, 0x00, 0x14, 0x34, 0x08, 0x00, 0x14, 0x52, 0x10, 0x70, 0x11, 0x2A, 0x0B, 0x00, 0x2A, 0x34, 0x5A, 0x02,
    0x2A, 0x01, 0x52, 0x02, 0x13, 0xF0, 0x11, 0xE0, 0x0F, 0xD0, 0x0D, 0xC0, 0x0B, 0x70, 0x0A, 0x60, 0x09, 0x50, 0x00, 0x00, 0x10, 0x6D, 0x00, 0x00, 0x74, 0x92,
    0x00, 0x00, 0x28, 0x7D, 0x92, 0x00, 0x00, 0x8A, 0x92, 0x00, 0x00, 0x04, 0x0A, 0x00, 0x42, 0x00, 0x00, 0xC0, 0x32, 0x00, 0x42, 0x00, 0x00, 0x40, 0x08, 0x40,
    0x00, 0x96, 0x02, 0x65, 0x06, 0x04, 0x15, 0x05, 0x02, 0x00, 0x00, 0x00, 0x19, 0x20, 0x09, 0x00, 0x20, 0x01, 0x38, 0x00, 0x19, 0xF0, 0x17, 0xE0, 0x15, 0xD0,
    0x13, 0xC0, 0x11, 0x70, 0x10, 0x60, 0x0F, 0x30, 0x00, 0x00, 0x10, 0x6D, 0x00, 0x00, 0xB8, 0x92, 0x00, 0x00, 0x38, 0xC5, 0x92, 0x00, 0x00, 0xFE, 0x92, 0x00,
    0x00, 0x15, 0x93, 0x00, 0x00, 0x16, 0x0E, 0x60, 0x70, 0x00, 0x00, 0x2A, 0x80, 0x42, 0x00, 0x00, 0xE0, 0x32, 0x80, 0x42, 0x00, 0x00, 0xA0, 0x36, 0xA5, 0x70,
    0x00, 0x00, 0x2E, 0xD6, 0x70, 0x00, 0x00, 0x2C, 0xD4, 0x6C, 0x00, 0x00, 0x61, 0x08, 0xBA, 0x60, 0x27, 0x00, 0x00, 0x41, 0x03, 0x3A, 0x80, 0x42, 0x00, 0x00,
    0x40, 0x30, 0x38, 0x42, 0x00, 0x42, 0x00, 0x00, 0x41, 0x02, 0x02, 0x10, 0x10, 0x12, 0x06, 0x93, 0x00, 0x00, 0x02, 0x17, 0x12, 0xF0, 0xC0, 0x00, 0x00, 0x01,
    0x03, 0x11, 0x71, 0x00, 0x00, 0x95, 0x20, 0x1A, 0x0D, 0x02, 0x02, 0x7D, 0x06, 0x04, 0x91, 0x03, 0x06, 0x4C, 0x08, 0xA8, 0x0A, 0x74, 0x0C, 0x66, 0x10, 0x4D,
    0x07, 0x12, 0xB8, 0x10, 0xF2, 0x16, 0x32, 0x10, 0x45, 0x03, 0x12, 0x41, 0x02, 0x10, 0x00, 0x00, 0x01, 0x06, 0x02, 0x00, 0x06, 0x32, 0x02, 0x50, 0x01, 0x0B,
    0x03, 0x00, 0x0B, 0x42, 0x07, 0x50, 0x06, 0x30, 0x00, 0x00, 0x01, 0x09, 0x02, 0x00, 0x09, 0x32, 0x05, 0x30, 0x11, 0x2D, 0x0A, 0x00, 0x2D, 0x01, 0x51, 0x00,
    0x1E, 0xF0, 0x1C, 0xE0, 0x1A, 0xD0, 0x18, 0xC0, 0x16, 0x70, 0x15, 0x60, 0x14, 0x30, 0x13, 0x50, 0x10, 0x6D, 0x00, 0x00, 0x74, 0x93, 0x00, 0x00, 0x28, 0x7D,
    0x93, 0x00, 0x00, 0xD3, 0x93, 0x00, 0x00, 0x1C, 0x0E, 0xC0, 0x71, 0x00, 0x00, 0x2A, 0x80, 0x42, 0x00, 0x00, 0x61, 0x04, 0x3A, 0x80, 0x42, 0x00, 0x00, 0xC0,
    0x36, 0x05, 0x72, 0x00, 0x00, 0x2E, 0x36, 0x72, 0x00, 0x00, 0x2C, 0xD4, 0x6C, 0x00, 0x00, 0x01, 0x04, 0xBA, 0x60, 0x27, 0x00, 0x00, 0x41, 0x06, 0x3A, 0x80,
    0x42, 0x00, 0x00, 0xA1, 0x05, 0x3E, 0x71, 0x72, 0x00, 0x00, 0x66, 0x9A, 0x72, 0x00, 0x00, 0x8A, 0x80, 0x42, 0x00, 0x00, 0x81, 0x03, 0x3A, 0x80, 0x42, 0x00,
    0x00, 0xA1, 0x02, 0x3E, 0xDB, 0x72, 0x00, 0x00, 0x62, 0x00, 0x42, 0x00, 0x00, 0x21, 0x02, 0x18, 0xB9, 0x02, 0x02, 0x9D, 0x03, 0x06, 0x49, 0x02, 0x08, 0x48,
    0x0A, 0x96, 0x0C, 0x6E, 0x0E, 0x05, 0x03, 0x12, 0x6D, 0x04, 0x14, 0xFA, 0x16, 0x69, 0x04, 0x1A, 0x89, 0x03, 0x18, 0xBC, 0x1C, 0x00, 0x01, 0x1E, 0x08, 0x00,
    0x1E, 0x01, 0x1F, 0x02, 0x09, 0xE0, 0x07, 0xD0, 0x05, 0x70, 0x04, 0x60, 0x03, 0x30, 0x02, 0x50, 0x21, 0x10, 0x04, 0x00, 0x10, 0xF4, 0x1E, 0x02, 0x08, 0xC4,
    0x26, 0x02, 0xC0, 0x31, 0x00, 0x00, 0x3F, 0x32, 0x00, 0x00, 0xF4, 0x93, 0x00, 0x00, 0x21, 0x00, 0x00, 0x00, 0xC0, 0x31, 0x00, 0x00, 0x3F, 0x32, 0x00, 0x00,
    0xF4, 0x93, 0x00, 0x00, 0x01, 0x0C, 0x04, 0x00, 0x0C, 0x34, 0x0C, 0x00, 0x0C, 0x92, 0x08, 0x70, 0x01, 0x0E, 0x04, 0x00, 0x0E, 0x01, 0x19, 0x01, 0x07, 0xF0,
    0x05, 0xD0, 0x21, 0x1B, 0x0C, 0x00, 0x1B, 0xE4, 0x16, 0x01, 0x17, 0x54, 0x1E, 0x01, 0x10, 0xC4, 0x17, 0x01, 0x0C, 0x74, 0x18, 0x01, 0x08, 0x64, 0x1F, 0x01,
    0x04, 0x34, 0x1D, 0x01, 0xA0, 0x34, 0x00, 0x00, 0xD2, 0x34, 0x00, 0x00, 0x3C, 0x94, 0x00, 0x00, 0x21, 0x00, 0x00, 0x00, 0xA0, 0x34, 0x00, 0x00, 0xD2, 0x34,
    0x00, 0x00, 0x3C, 0x94, 0x00, 0x00, 0x11, 0x22, 0x0D, 0x00, 0x22, 0x78, 0x09, 0x00, 0x1E, 0x68, 0x0A, 0x00, 0x1A, 0x64, 0x1B, 0x00, 0x1A, 0x34, 0x1A, 0x00,
    0x1A, 0x01, 0x16, 0x00, 0x0F, 0xE0, 0x0D, 0x70, 0x0C, 0x50, 0x00, 0x00, 0x10, 0x6D, 0x00, 0x00, 0xA8, 0x94, 0x00, 0x00, 0x28, 0xB1, 0x94, 0x00, 0x00, 0xCB,
    0x94, 0x00, 0x00, 0x08, 0x0A, 0x20, 0x5D, 0x00, 0x00, 0x81, 0x03, 0x42, 0xA0, 0x31, 0x00, 0x00, 0x80, 0x32, 0xA0, 0x41, 0x00, 0x00, 0xF0, 0x32, 0x60, 0x3A,
    0x00, 0x00, 0xC0, 0x0C, 0x5E, 0x00, 0x79, 0x02, 0x04, 0xA9, 0x02, 0x06, 0x32, 0x08, 0x21, 0x04, 0x04, 0x1E, 0x02, 0x00, 0x01, 0x42, 0x07, 0x00, 0x42, 0xE4,
    0x04, 0x00, 0x3D, 0x74, 0x03, 0x00, 0x38, 0x64, 0x02, 0x00, 0x02, 0x30, 0x00, 0x00, 0x01, 0x40, 0x07, 0x00, 0x40, 0x64, 0x02, 0x00, 0x0B, 0x54, 0x04, 0x00,
    0x0B, 0x34, 0x03, 0x00, 0x0B, 0x70, 0x00, 0x00, 0x01, 0x16, 0x0A, 0x00, 0x16, 0x54, 0x0C, 0x00, 0x16, 0x34, 0x0B, 0x00, 0x16, 0x32, 0x12, 0xF0, 0x10, 0xE0,
    0x0E, 0xC0, 0x0C, 0x70, 0x0B, 0x60, 0x01, 0x18, 0x0A, 0x00, 0x18, 0x64, 0x0A, 0x00, 0x18, 0x54, 0x09, 0x00, 0x18, 0x34, 0x08, 0x00, 0x18, 0x32, 0x14, 0xF0,
    0x12, 0xE0, 0x10, 0x70, 0x01, 0x0A, 0x04, 0x00, 0x0A, 0x34, 0x06, 0x00, 0x0A, 0x32, 0x06, 0x70, 0x01, 0x0F, 0x06, 0x00, 0x0F, 0x64, 0x07, 0x00, 0x0F, 0x34,
    0x06, 0x00, 0x0F, 0x32, 0x0B, 0x70, 0x19, 0x06, 0x02, 0x00, 0x06, 0x32, 0x02, 0x30, 0x10, 0x6D, 0x00, 0x00, 0x60, 0x95, 0x00, 0x00, 0x68, 0x69, 0x95, 0x00,
    0x00, 0x6F, 0x95, 0x00, 0x00, 0x02, 0x0E, 0x16, 0x6D, 0x00, 0x00, 0x02, 0x68, 0x02, 0x00, 0x00, 0x19, 0x04, 0x01, 0x00, 0x04, 0x42, 0x00, 0x00, 0x10, 0x6D,
    0x00, 0x00, 0x84, 0x95, 0x00, 0x00, 0x60, 0x89, 0x95, 0x00, 0x00, 0x02, 0x36, 0x00, 0x01, 0x15, 0x08, 0x00, 0x15, 0x64, 0x09, 0x00, 0x15, 0x54, 0x08, 0x00,
    0x15, 0x34, 0x07, 0x00, 0x15, 0x32, 0x11, 0xE0, 0x21, 0x0C, 0x02, 0x00, 0x0C, 0x74, 0x06, 0x00, 0xA0, 0x44, 0x00, 0x00, 0xD4, 0x44, 0x00, 0x00, 0x8C, 0x95,
    0x00, 0x00, 0x21, 0x00, 0x00, 0x00, 0xA0, 0x44, 0x00, 0x00, 0xD4, 0x44, 0x00, 0x00, 0x8C, 0x95, 0x00, 0x00, 0x01, 0x13, 0x08, 0x00, 0x13, 0x54, 0x0A, 0x00,
    0x13, 0x34, 0x09, 0x00, 0x13, 0x32, 0x0F, 0xF0, 0x0D, 0x70, 0x0C, 0x60, 0x21, 0x05, 0x02, 0x00, 0x05, 0xE4, 0x08, 0x00, 0x00, 0x46, 0x00, 0x00, 0x5C, 0x46,
    0x00, 0x00, 0xC4, 0x95, 0x00, 0x00, 0x21, 0x00, 0x00, 0x00, 0x00, 0x46, 0x00, 0x00, 0x5C, 0x46, 0x00, 0x00, 0xC4, 0x95, 0x00, 0x00, 0x21, 0x00, 0x02, 0x00,
    0x00, 0xE4, 0x08, 0x00, 0x00, 0x46, 0x00, 0x00, 0x5C, 0x46, 0x00, 0x00, 0xC4, 0x95, 0x00, 0x00, 0x19, 0x16, 0x08, 0x00, 0x16, 0x34, 0x0D, 0x00, 0x16, 0x52,
    0x12, 0xF0, 0x10, 0xE0, 0x0E, 0xC0, 0x0C, 0x70, 0x0B, 0x60, 0x10, 0x6D, 0x00, 0x00, 0x2C, 0x96, 0x00, 0x00, 0x38, 0x39, 0x96, 0x00, 0x00, 0x4D, 0x96, 0x00,
    0x00, 0x5E, 0x96, 0x00, 0x00, 0x0A, 0x0A, 0x60, 0x44, 0x00, 0x00, 0x40, 0x3A, 0xE0, 0x43, 0x00, 0x00, 0x40, 0x30, 0x38, 0x7E, 0x16, 0x6D, 0x00, 0x00, 0x02,
    0x04, 0x04, 0x06, 0x55, 0x96, 0x00, 0x00, 0x02, 0x11, 0x80, 0x78, 0x73, 0x00, 0x00, 0xCD, 0x05, 0x0C, 0xD6, 0x00, 0x6A, 0x02, 0xC0, 0x06, 0xE2, 0x04, 0x4C,
    0x00, 0x62, 0x0A, 0x00, 0x01, 0x0A, 0x02, 0x00, 0x0A, 0x32, 0x06, 0x50, 0x19, 0x19, 0x08, 0x00, 0x19, 0x72, 0x15, 0xF0, 0x13, 0xE0, 0x11, 0xD0, 0x0F, 0xC0,
    0x0D, 0x70, 0x0C, 0x60, 0x0B, 0x30, 0x10, 0x6D, 0x00, 0x00, 0x90, 0x96, 0x00, 0x00, 0x38, 0x9D, 0x96, 0x00, 0x00, 0xB7, 0x96, 0x00, 0x00, 0xC8, 0x96, 0x00,
    0x00, 0x0C, 0x0A, 0x60, 0x44, 0x00, 0x00, 0x40, 0x3A, 0x20, 0x44, 0x00, 0x00, 0x40, 0x30, 0x0A, 0x80, 0x16, 0x00, 0x00, 0x60, 0x68, 0xAE, 0x16, 0x6D, 0x00,
    0x00, 0x02, 0x04, 0x06, 0x08, 0xBF, 0x96, 0x00, 0x00, 0x02, 0x11, 0x80, 0xE5, 0x73, 0x00, 0x00, 0x9D, 0x08, 0x0E, 0xD2, 0x00, 0x6E, 0x02, 0x94, 0x08, 0xD8,
    0x06, 0x29, 0x03, 0x04, 0x62, 0x00, 0x54, 0x0C, 0x19, 0x1C, 0x0A, 0x00, 0x1C, 0x64, 0x0F, 0x00, 0x1C, 0x34, 0x0D, 0x00, 0x1C, 0x52, 0x18, 0xF0, 0x16, 0xE0,
    0x14, 0xD0, 0x12, 0xC0, 0x10, 0x70, 0x10, 0x6D, 0x00, 0x00, 0xF8, 0x96, 0x00, 0x00, 0x38, 0x05, 0x97, 0x00, 0x00, 0x19, 0x97, 0x00, 0x00, 0x2A, 0x97, 0x00,
    0x00, 0x0A, 0x0A, 0x60, 0x44, 0x00, 0x00, 0x40, 0x3A, 0x20, 0x44, 0x00, 0x00, 0x40, 0x30, 0x38, 0x7E, 0x16, 0x6D, 0x00, 0x00, 0x02, 0x04, 0x04, 0x06, 0x21,
    0x97, 0x00, 0x00, 0x02, 0x11, 0x80, 0x58, 0x74, 0x00, 0x00, 0x11, 0x06, 0x0C, 0xD8, 0x00, 0x72, 0x02, 0xC2, 0x06, 0xF8, 0x04, 0x4C, 0x00, 0x52, 0x0A, 0x00,
    0x11, 0x0C, 0x06, 0x00, 0x0C, 0x34, 0x0B, 0x00, 0x0C, 0x32, 0x08, 0x70, 0x07, 0x60, 0x06, 0x50, 0x10, 0x6D, 0x00, 0x00, 0x50, 0x97, 0x00, 0x00, 0x28, 0x59,
    0x97, 0x00, 0x00, 0x66, 0x97, 0x00, 0x00, 0x04, 0x0A, 0x95, 0x6C, 0x00, 0x00, 0x80, 0x32, 0x50, 0x54, 0x00, 0x00, 0xA0, 0x08, 0x60, 0x02, 0xE6, 0x04, 0x3A,
    0x00, 0x40, 0x02, 0x00, 0x01, 0x15, 0x06, 0x00, 0x15, 0x74, 0x03, 0x00, 0x10, 0x64, 0x02, 0x00, 0x0B, 0x34, 0x01, 0x00, 0x01, 0x0E, 0x06, 0x00, 0x0E, 0x34,
    0x0B, 0x00, 0x0E, 0x32, 0x0A, 0xF0, 0x08, 0xE0, 0x06, 0x60, 0x21, 0x13, 0x06, 0x00, 0x13, 0xC4, 0x0A, 0x00, 0x0E, 0x74, 0x09, 0x00, 0x05, 0x54, 0x08, 0x00,
    0x20, 0x50, 0x00, 0x00, 0x53, 0x50, 0x00, 0x00, 0x80, 0x97, 0x00, 0x00, 0x21, 0x00, 0x00, 0x00, 0x20, 0x50, 0x00, 0x00, 0x53, 0x50, 0x00, 0x00, 0x80, 0x97,
    0x00, 0x00, 0x21, 0x00, 0x06, 0x00, 0x00, 0xC4, 0x0A, 0x00, 0x00, 0x74, 0x09, 0x00, 0x00, 0x54, 0x08, 0x00, 0x20, 0x50, 0x00, 0x00, 0x53, 0x50, 0x00, 0x00,
    0x80, 0x97, 0x00, 0x00, 0x21, 0x05, 0x02, 0x00, 0x05, 0x74, 0x06, 0x00, 0xA0, 0x51, 0x00, 0x00, 0xF7, 0x51, 0x00, 0x00, 0x8C, 0x95, 0x00, 0x00, 0x21, 0x00,
    0x00, 0x00, 0xA0, 0x51, 0x00, 0x00, 0xF7, 0x51, 0x00, 0x00, 0x8C, 0x95, 0x00, 0x00, 0x21, 0x00, 0x02, 0x00, 0x00, 0x74, 0x06, 0x00, 0xA0, 0x51, 0x00, 0x00,
    0xF7, 0x51, 0x00, 0x00, 0x8C, 0x95, 0x00, 0x00, 0x01, 0x0D, 0x06, 0x00, 0x0D, 0x32, 0x09, 0xF0, 0x07, 0xD0, 0x05, 0xC0, 0x03, 0x60, 0x02, 0x30, 0x21, 0x13,
    0x06, 0x00, 0x13, 0xE4, 0x0C, 0x00, 0x0E, 0x74, 0x0B, 0x00, 0x05, 0x54, 0x0A, 0x00, 0xC0, 0x52, 0x00, 0x00, 0xF5, 0x52, 0x00, 0x00, 0x10, 0x98, 0x00, 0x00,
    0x21, 0x00, 0x00, 0x00, 0xC0, 0x52, 0x00, 0x00, 0xF5, 0x52, 0x00, 0x00, 0x10, 0x98, 0x00, 0x00, 0x21, 0x00, 0x06, 0x00, 0x00, 0xE4, 0x0C, 0x00, 0x00, 0x74,
    0x0B, 0x00, 0x00, 0x54, 0x0A, 0x00, 0xC0, 0x52, 0x00, 0x00, 0xF5, 0x52, 0x00, 0x00, 0x10, 0x98, 0x00, 0x00, 0x19, 0x1B, 0x08, 0x00, 0x1B, 0x34, 0x0D, 0x00,
    0x1B, 0x52, 0x17, 0xF0, 0x15, 0xE0, 0x13, 0xC0, 0x11, 0x70, 0x10, 0x60, 0x10, 0x6D, 0x00, 0x00, 0x84, 0x98, 0x00, 0x00, 0x38, 0x91, 0x98, 0x00, 0x00, 0xA5,
    0x98, 0x00, 0x00, 0xB6, 0x98, 0x00, 0x00, 0x0A, 0x0A, 0x60, 0x44, 0x00, 0x00, 0x40, 0x3A, 0xE0, 0x5C, 0x00, 0x00, 0x40, 0x30, 0x38, 0x7E, 0x16, 0x6D, 0x00,
    0x00, 0x02, 0x04, 0x04, 0x06, 0xAD, 0x98, 0x00, 0x00, 0x02, 0x11, 0x80, 0xD8, 0x74, 0x00, 0x00, 0xD5, 0x04, 0x10, 0x96, 0x00, 0x12, 0x02, 0x68, 0x06, 0xB2,
    0x04, 0x5A, 0x06, 0x4E, 0x04, 0x64, 0x0A, 0x30, 0x00, 0x00, 0x19, 0x16, 0x08, 0x00, 0x16, 0x34, 0x0D, 0x00, 0x16, 0x52, 0x12, 0xF0, 0x10, 0xE0, 0x0E, 0xC0,
    0x0C, 0x70, 0x0B, 0x60, 0x10, 0x6D, 0x00, 0x00, 0xE4, 0x98, 0x00, 0x00, 0x38, 0x39, 0x96, 0x00, 0x00, 0xF1, 0x98, 0x00, 0x00, 0x02, 0x99, 0x00, 0x00, 0x02,
    0x04, 0x04, 0x06, 0xF9, 0x98, 0x00, 0x00, 0x02, 0x11, 0x80, 0x78, 0x73, 0x00, 0x00, 0x8D, 0x05, 0x0C, 0xB2, 0x00, 0x62, 0x02, 0xBA, 0x06, 0xF4, 0x04, 0x4C,
    0x00, 0x50, 0x0A, 0x00, 0x01, 0x1E, 0x0A, 0x00, 0x1E, 0x74, 0x09, 0x00, 0x1E, 0x64, 0x08, 0x00, 0x1E, 0x54, 0x07, 0x00, 0x1E, 0x34, 0x06, 0x00, 0x1E, 0x32,
    0x1A, 0xE0, 0x01, 0x19, 0x08, 0x00, 0x19, 0x64, 0x0B, 0x00, 0x19, 0x54, 0x0A, 0x00, 0x19, 0x32, 0x15, 0xF0, 0x13, 0xE0, 0x11, 0xC0, 0x21, 0x14, 0x04, 0x00,
    0x14, 0x74, 0x09, 0x00, 0x05, 0x34, 0x08, 0x00, 0x60, 0x59, 0x00, 0x00, 0xB3, 0x59, 0x00, 0x00, 0x28, 0x99, 0x00, 0x00, 0x21, 0x00, 0x00, 0x00, 0x60, 0x59,
    0x00, 0x00, 0xB3, 0x59, 0x00, 0x00, 0x28, 0x99, 0x00, 0x00, 0x21, 0x00, 0x04, 0x00, 0x00, 0x74, 0x09, 0x00, 0x00, 0x34, 0x08, 0x00, 0x60, 0x59, 0x00, 0x00,
    0xB3, 0x59, 0x00, 0x00, 0x28, 0x99, 0x00, 0x00, 0x01, 0x0B, 0x05, 0x00, 0x0B, 0x42, 0x07, 0xF0, 0x05, 0xD0, 0x03, 0x70, 0x02, 0x50, 0x00, 0x00, 0x21, 0x2B,
    0x08, 0x00, 0x2B, 0xE4, 0x04, 0x00, 0x19, 0xC4, 0x0C, 0x00, 0x11, 0x64, 0x0B, 0x00, 0x05, 0x34, 0x0A, 0x00, 0x20, 0x5B, 0x00, 0x00, 0x63, 0x5B, 0x00, 0x00,
    0x7C, 0x99, 0x00, 0x00, 0x21, 0x00, 0x00, 0x00, 0x20, 0x5B, 0x00, 0x00, 0x63, 0x5B, 0x00, 0x00, 0x7C, 0x99, 0x00, 0x00, 0x21, 0x00, 0x08, 0x00, 0x00, 0xE4,
    0x04, 0x00, 0x00, 0xC4, 0x0C, 0x00, 0x00, 0x64, 0x0B, 0x00, 0x00, 0x34, 0x0A, 0x00, 0x20, 0x5B, 0x00, 0x00, 0x63, 0x5B, 0x00, 0x00, 0x7C, 0x99, 0x00, 0x00,
    0x19, 0x04, 0x01, 0x00, 0x04, 0x42, 0x00, 0x00, 0x10, 0x6D, 0x00, 0x00, 0xEC, 0x99, 0x00, 0x00, 0x68, 0x69, 0x95, 0x00, 0x00, 0xF5, 0x99, 0x00, 0x00, 0x02,
    0x36, 0x02, 0x19, 0x06, 0x02, 0x00, 0x06, 0x32, 0x02, 0x30, 0x10, 0x6D, 0x00, 0x00, 0x08, 0x9A, 0x00, 0x00, 0x60, 0x0D, 0x9A, 0x00, 0x00, 0x02, 0x12, 0x00,
    0x09, 0x04, 0x01, 0x00, 0x04, 0x22, 0x00, 0x00, 0x1C, 0x6D, 0x00, 0x00, 0x01, 0x00, 0x00, 0x00, 0xAF, 0x60, 0x00, 0x00, 0x39, 0x61, 0x00, 0x00, 0x18, 0x75,
    0x00, 0x00, 0x39, 0x61, 0x00, 0x00, 0x01, 0x02, 0x01, 0x00, 0x02, 0x50, 0x00, 0x00, 0x09, 0x0F, 0x06, 0x00, 0x0F, 0x64, 0x09, 0x00, 0x0F, 0x34, 0x08, 0x00,
    0x0F, 0x52, 0x0B, 0x70, 0x1C, 0x6D, 0x00, 0x00, 0x02, 0x00, 0x00, 0x00, 0x2D, 0x63, 0x00, 0x00, 0x32, 0x64, 0x00, 0x00, 0x30, 0x75, 0x00, 0x00, 0x32, 0x64,
    0x00, 0x00, 0x66, 0x64, 0x00, 0x00, 0x78, 0x64, 0x00, 0x00, 0x30, 0x75, 0x00, 0x00, 0x32, 0x64, 0x00, 0x00, 0x01, 0x15, 0x08, 0x00, 0x15, 0x64, 0x08, 0x00,
    0x15, 0x34, 0x07, 0x00, 0x15, 0x12, 0x0E, 0xE0, 0x0C, 0x70, 0x0B, 0x50, 0x01, 0x15, 0x05, 0x00, 0x15, 0x34, 0xBA, 0x00, 0x15, 0x01, 0xB8, 0x00, 0x06, 0x50,
    0x00, 0x00, 0x01, 0x0D, 0x04, 0x00, 0x0D, 0x34, 0x0A, 0x00, 0x0D, 0x52, 0x06, 0x50, 0x01, 0x00, 0x00, 0x00, 0x00, 0x00, 0x00, 0x00, 0x01, 0x00, 0x00, 0x00,
    0x00, 0x00, 0x00, 0x00, 0x01, 0x00, 0x00, 0x00, 0x01, 0x09, 0x01, 0x00, 0x09, 0x62, 0x00, 0x00, 0x01, 0x08, 0x04, 0x00, 0x08, 0x72, 0x04, 0x70, 0x03, 0x60,
    0x02, 0x30, 0x01, 0x04, 0x01, 0x00, 0x04, 0x12, 0x00, 0x00, 0x00, 0x00, 0x00, 0x00, 0x00, 0x14, 0x00, 0x00, 0x00, 0x00, 0x00, 0x00, 0xF0, 0x9A, 0x00, 0x00,
    0x00, 0x00, 0x00, 0x00, 0x00, 0x00, 0x00, 0x00, 0x00, 0x00, 0x00, 0x00, 0x00, 0x00, 0x00, 0x00, 0x02, 0x00, 0x00, 0x00, 0xB0, 0x9B, 0x00, 0x00, 0xD8, 0x9B,
    0x00, 0x00, 0x00, 0x00, 0x00, 0x00, 0x00, 0x00, 0x00, 0x00, 0x00, 0x00, 0x00, 0x00, 0x03, 0x00, 0x00, 0x00, 0x60, 0x9B, 0x00, 0x00, 0xB0, 0x9B, 0x00, 0x00,
    0xD8, 0x9B, 0x00, 0x00, 0x00, 0x00, 0x00, 0x00, 0x00, 0x00, 0x00, 0x00, 0x00, 0x00, 0x00, 0x00, 0x00, 0x00, 0x00, 0x00, 0x02, 0x00, 0x00, 0x00, 0x88, 0x9B,
    0x00, 0x00, 0xD8, 0x9B, 0x00, 0x00, 0x00, 0x00, 0x00, 0x00, 0x00, 0x00, 0x00, 0x00, 0x00, 0x00, 0x00, 0x00, 0x00, 0x00, 0x00, 0x00, 0x00, 0x14, 0x00, 0x00,
    0x00, 0x00, 0x00, 0x00, 0x28, 0x9B, 0x00, 0x00, 0x00, 0x00, 0x00, 0x00, 0x00, 0x00, 0x00, 0x00, 0x00, 0x00, 0x00, 0x00, 0x00, 0x00, 0x00, 0x00, 0x00, 0x00,
    0x00, 0x00, 0x18, 0xC1, 0x00, 0x00, 0x00, 0x00, 0x00, 0x00, 0xFF, 0xFF, 0xFF, 0xFF, 0x00, 0x00, 0x00, 0x00, 0x18, 0x00, 0x00, 0x00, 0xD0, 0x15, 0x00, 0x00,
    0x00, 0x00, 0x00, 0x00, 0x00, 0x00, 0x00, 0x00, 0x00, 0x00, 0x00, 0x00, 0x00, 0x00, 0x00, 0x00, 0xC8, 0xC0, 0x00, 0x00, 0x00, 0x00, 0x00, 0x00, 0xFF, 0xFF,
    0xFF, 0xFF, 0x00, 0x00, 0x00, 0x00, 0x18, 0x00, 0x00, 0x00, 0x70, 0x15, 0x00, 0x00, 0x00, 0x00, 0x00, 0x00, 0x00, 0x00, 0x00, 0x00, 0x00, 0x00, 0x00, 0x00,
    0x10, 0x00, 0x00, 0x00, 0xA0, 0xC0, 0x00, 0x00, 0x00, 0x00, 0x00, 0x00, 0xFF, 0xFF, 0xFF, 0xFF, 0x00, 0x00, 0x00, 0x00, 0x18, 0x00, 0x00, 0x00, 0x10, 0x16,
    0x00, 0x00, 0x00, 0x00, 0x00, 0x00, 0x00, 0x00, 0x00, 0x00, 0x00, 0x00, 0x00, 0x00, 0x00, 0x00, 0x00, 0x00, 0xF0, 0xC0, 0x00, 0x00, 0x00, 0x00, 0x00, 0x00,
    0xFF, 0xFF, 0xFF, 0xFF, 0x00, 0x00, 0x00, 0x00, 0x18, 0x00, 0x00, 0x00, 0x30, 0x13, 0x00, 0x00, 0x00, 0x00, 0x00, 0x00, 0x00, 0x00, 0x00, 0x00, 0x00, 0x00,
    0x00, 0x00, 0x00, 0x00, 0x00, 0x00, 0x00, 0x14, 0x00, 0x00, 0x00, 0x00, 0x00, 0x00, 0x08, 0x9B, 0x00, 0x00, 0x00, 0x00, 0x00, 0x00, 0x00, 0x00, 0x00, 0x00,
    0x00, 0x00, 0x00, 0x00, 0x40, 0x9D, 0x00, 0x00, 0x00, 0x00, 0x00, 0x00, 0x00, 0x00, 0x00, 0x00, 0x3A, 0xA3, 0x00, 0x00, 0x20, 0x80, 0x00, 0x00, 0x20, 0x9D,
    0x00, 0x00, 0x00, 0x00, 0x00, 0x00, 0x00, 0x00, 0x00, 0x00, 0x8A, 0xA3, 0x00, 0x00, 0x00, 0x80, 0x00, 0x00, 0x40, 0x9E, 0x00, 0x00, 0x00, 0x00, 0x00, 0x00,
    0x00, 0x00, 0x00, 0x00, 0xB0, 0xAE, 0x00, 0x00, 0x20, 0x81, 0x00, 0x00, 0x40, 0xA0, 0x00, 0x00, 0x00, 0x00, 0x00, 0x00, 0x00, 0x00, 0x00, 0x00, 0x8E, 0xAF,
    0x00, 0x00, 0x20, 0x83, 0x00, 0x00, 0xE0, 0x9F, 0x00, 0x00, 0x00, 0x00, 0x00, 0x00, 0x00, 0x00, 0x00, 0x00, 0xA2, 0xAF, 0x00, 0x00, 0xC0, 0x82, 0x00, 0x00,
    0xA8, 0xA0, 0x00, 0x00, 0x00, 0x00, 0x00, 0x00, 0x00, 0x00, 0x00, 0x00, 0x58, 0xB2, 0x00, 0x00, 0x88, 0x83, 0x00, 0x00, 0x60, 0xA0, 0x00, 0x00, 0x00, 0x00,
    0x00, 0x00, 0x00, 0x00, 0x00, 0x00, 0x7A, 0xB2, 0x00, 0x00, 0x40, 0x83, 0x00, 0x00, 0x88, 0xA1, 0x00, 0x00, 0x00, 0x00, 0x00, 0x00, 0x00, 0x00, 0x00, 0x00,
    0x9A, 0xB2, 0x00, 0x00, 0x68, 0x84, 0x00, 0x00, 0x58, 0xA1, 0x00, 0x00, 0x00, 0x00, 0x00, 0x00, 0x00, 0x00, 0x00, 0x00, 0xBC, 0xB2, 0x00, 0x00, 0x38, 0x84,
    0x00, 0x00, 0x50, 0xA0, 0x00, 0x00, 0x00, 0x00, 0x00, 0x00, 0x00, 0x00, 0x00, 0x00, 0xDC, 0xB2, 0x00, 0x00, 0x30, 0x83, 0x00, 0x00, 0x98, 0xA0, 0x00, 0x00,
    0x00, 0x00, 0x00, 0x00, 0x00, 0x00, 0x00, 0x00, 0xFE, 0xB2, 0x00, 0x00, 0x78, 0x83, 0x00, 0x00, 0x88, 0xA0, 0x00, 0x00, 0x00, 0x00, 0x00, 0x00, 0x00, 0x00,
    0x00, 0x00, 0x1E, 0xB3, 0x00, 0x00, 0x68, 0x83, 0x00, 0x00, 0x00, 0x00, 0x00, 0x00, 0x00, 0x00, 0x00, 0x00, 0x00, 0x00, 0x00, 0x00, 0x00, 0x00, 0x00, 0x00,
    0x00, 0x00, 0x00, 0x00, 0x5E, 0xA3, 0x00, 0x00, 0x00, 0x00, 0x00, 0x00, 0x48, 0xA3, 0x00, 0x00, 0x00, 0x00, 0x00, 0x00, 0x72, 0xA3, 0x00, 0x00, 0x00, 0x00,
    0x00, 0x00, 0x00, 0x00, 0x00, 0x00, 0x00, 0x00, 0x00, 0x00, 0x38, 0xA2, 0x00, 0x00, 0x00, 0x00, 0x00, 0x00, 0x4A, 0xA2, 0x00, 0x00, 0x00, 0x00, 0x00, 0x00,
    0x62, 0xA2, 0x00, 0x00, 0x00, 0x00, 0x00, 0x00, 0x7E, 0xA2, 0x00, 0x00, 0x00, 0x00, 0x00, 0x00, 0x90, 0xA2, 0x00, 0x00, 0x00, 0x00, 0x00, 0x00, 0x9E, 0xA2,
    0x00, 0x00, 0x00, 0x00, 0x00, 0x00, 0xAE, 0xA2, 0x00, 0x00, 0x00, 0x00, 0x00, 0x00, 0xD4, 0xA2, 0x00, 0x00, 0x00, 0x00, 0x00, 0x00, 0xE8, 0xA2, 0x00, 0x00,
    0x00, 0x00, 0x00, 0x00, 0xFA, 0xA2, 0x00, 0x00, 0x00, 0x00, 0x00, 0x00, 0x10, 0xA3, 0x00, 0x00, 0x00, 0x00, 0x00, 0x00, 0x20, 0xA3, 0x00, 0x00, 0x00, 0x00,
    0x00, 0x00, 0x54, 0xB3, 0x00, 0x00, 0x00, 0x00, 0x00, 0x00, 0x46, 0xB4, 0x00, 0x00, 0x00, 0x00, 0x00, 0x00, 0x30, 0xB4, 0x00, 0x00, 0x00, 0x00, 0x00, 0x00,
    0x16, 0xB4, 0x00, 0x00, 0x00, 0x00, 0x00, 0x00, 0x1C, 0xA2, 0x00, 0x00, 0x00, 0x00, 0x00, 0x00, 0x0E, 0xA2, 0x00, 0x00, 0x00, 0x00, 0x00, 0x00, 0xFA, 0xA1,
    0x00, 0x00, 0x00, 0x00, 0x00, 0x00, 0xEA, 0xA1, 0x00, 0x00, 0x00, 0x00, 0x00, 0x00, 0xD6, 0xA1, 0x00, 0x00, 0x00, 0x00, 0x00, 0x00, 0xC0, 0xA2, 0x00, 0x00,
    0x00, 0x00, 0x00, 0x00, 0xC0, 0xA1, 0x00, 0x00, 0x00, 0x00, 0x00, 0x00, 0x6E, 0xB3, 0x00, 0x00, 0x00, 0x00, 0x00, 0x00, 0x82, 0xB3, 0x00, 0x00, 0x00, 0x00,
    0x00, 0x00, 0x96, 0xB3, 0x00, 0x00, 0x00, 0x00, 0x00, 0x00, 0xB2, 0xB3, 0x00, 0x00, 0x00, 0x00, 0x00, 0x00, 0xD0, 0xB3, 0x00, 0x00, 0x00, 0x00, 0x00, 0x00,
    0xEC, 0xB3, 0x00, 0x00, 0x00, 0x00, 0x00, 0x00, 0x00, 0xB4, 0x00, 0x00, 0x00, 0x00, 0x00, 0x00, 0x40, 0xB3, 0x00, 0x00, 0x00, 0x00, 0x00, 0x00, 0x00, 0x00,
    0x00, 0x00, 0x00, 0x00, 0x00, 0x00, 0xE6, 0xA4, 0x00, 0x00, 0x00, 0x00, 0x00, 0x00, 0x08, 0xA5, 0x00, 0x00, 0x00, 0x00, 0x00, 0x00, 0x44, 0xA5, 0x00, 0x00,
    0x00, 0x00, 0x00, 0x00, 0x66, 0xA5, 0x00, 0x00, 0x00, 0x00, 0x00, 0x00, 0x8A, 0xA5, 0x00, 0x00, 0x00, 0x00, 0x00, 0x00, 0x9A, 0xA5, 0x00, 0x00, 0x00, 0x00,
    0x00, 0x00, 0xDC, 0xA5, 0x00, 0x00, 0x00, 0x00, 0x00, 0x00, 0x1E, 0xA6, 0x00, 0x00, 0x00, 0x00, 0x00, 0x00, 0x66, 0xA6, 0x00, 0x00, 0x00, 0x00, 0x00, 0x00,
    0xB0, 0xA6, 0x00, 0x00, 0x00, 0x00, 0x00, 0x00, 0xF2, 0xA6, 0x00, 0x00, 0x00, 0x00, 0x00, 0x00, 0x32, 0xA7, 0x00, 0x00, 0x00, 0x00, 0x00, 0x00, 0x74, 0xA7,
    0x00, 0x00, 0x00, 0x00, 0x00, 0x00, 0xB8, 0xA7, 0x00, 0x00, 0x00, 0x00, 0x00, 0x00, 0x9C, 0xA4, 0x00, 0x00, 0x00, 0x00, 0x00, 0x00, 0xF4, 0xA7, 0x00, 0x00,
    0x00, 0x00, 0x00, 0x00, 0x32, 0xA8, 0x00, 0x00, 0x00, 0x00, 0x00, 0x00, 0x76, 0xA8, 0x00, 0x00, 0x00, 0x00, 0x00, 0x00, 0xB6, 0xA8, 0x00, 0x00, 0x00, 0x00,
    0x00, 0x00, 0xFC, 0xA8, 0x00, 0x00, 0x00, 0x00, 0x00, 0x00, 0x3C, 0xA9, 0x00, 0x00, 0x00, 0x00, 0x00, 0x00, 0x72, 0xA9, 0x00, 0x00, 0x00, 0x00, 0x00, 0x00,
    0xB4, 0xA9, 0x00, 0x00, 0x00, 0x00, 0x00, 0x00, 0x20, 0xAA, 0x00, 0x00, 0x00, 0x00, 0x00, 0x00, 0x5C, 0xAA, 0x00, 0x00, 0x00, 0x00, 0x00, 0x00, 0x9C, 0xAA,
    0x00, 0x00, 0x00, 0x00, 0x00, 0x00, 0xDE, 0xAA, 0x00, 0x00, 0x00, 0x00, 0x00, 0x00, 0x24, 0xAB, 0x00, 0x00, 0x00, 0x00, 0x00, 0x00, 0x64, 0xAB, 0x00, 0x00,
    0x00, 0x00, 0x00, 0x00, 0xAC, 0xAB, 0x00, 0x00, 0x00, 0x00, 0x00, 0x00, 0xF4, 0xAB, 0x00, 0x00, 0x00, 0x00, 0x00, 0x00, 0x42, 0xAC, 0x00, 0x00, 0x00, 0x00,
    0x00, 0x00, 0x82, 0xAC, 0x00, 0x00, 0x00, 0x00, 0x00, 0x00, 0xD0, 0xAC, 0x00, 0x00, 0x00, 0x00, 0x00, 0x00, 0x06, 0xAD, 0x00, 0x00, 0x00, 0x00, 0x00, 0x00,
    0x48, 0xAD, 0x00, 0x00, 0x00, 0x00, 0x00, 0x00, 0x8C, 0xAD, 0x00, 0x00, 0x00, 0x00, 0x00, 0x00, 0xC6, 0xAD, 0x00, 0x00, 0x00, 0x00, 0x00, 0x00, 0xF2, 0xAD,
    0x00, 0x00, 0x00, 0x00, 0x00, 0x00, 0x12, 0xAE, 0x00, 0x00, 0x00, 0x00, 0x00, 0x00, 0x2E, 0xAE, 0x00, 0x00, 0x00, 0x00, 0x00, 0x00, 0x6E, 0xAE, 0x00, 0x00,
    0x00, 0x00, 0x00, 0x00, 0x92, 0xAE, 0x00, 0x00, 0x00, 0x00, 0x00, 0x00, 0x5E, 0xA4, 0x00, 0x00, 0x00, 0x00, 0x00, 0x00, 0x44, 0xA4, 0x00, 0x00, 0x00, 0x00,
    0x00, 0x00, 0x10, 0xA4, 0x00, 0x00, 0x00, 0x00, 0x00, 0x00, 0xEE, 0xA3, 0x00, 0x00, 0x00, 0x00, 0x00, 0x00, 0xCE, 0xA3, 0x00, 0x00, 0x00, 0x00, 0x00, 0x00,
    0xB2, 0xA3, 0x00, 0x00, 0x00, 0x00, 0x00, 0x00, 0x98, 0xA3, 0x00, 0x00, 0x00, 0x00, 0x00, 0x00, 0xC0, 0xA4, 0x00, 0x00, 0x00, 0x00, 0x00, 0x00, 0x00, 0x00,
    0x00, 0x00, 0x00, 0x00, 0x00, 0x00, 0x5A, 0xB4, 0x00, 0x00, 0x00, 0x00, 0x00, 0x00, 0x84, 0xAF, 0x00, 0x00, 0x00, 0x00, 0x00, 0x00, 0xD4, 0xAE, 0x00, 0x00,
    0x00, 0x00, 0x00, 0x00, 0xEE, 0xAE, 0x00, 0x00, 0x00, 0x00, 0x00, 0x00, 0x06, 0xAF, 0x00, 0x00, 0x00, 0x00, 0x00, 0x00, 0x18, 0xAF, 0x00, 0x00, 0x00, 0x00,
    0x00, 0x00, 0x30, 0xAF, 0x00, 0x00, 0x00, 0x00, 0x00, 0x00, 0x46, 0xAF, 0x00, 0x00, 0x00, 0x00, 0x00, 0x00, 0x5C, 0xAF, 0x00, 0x00, 0x00, 0x00, 0x00, 0x00,
    0x7A, 0xAF, 0x00, 0x00, 0x00, 0x00, 0x00, 0x00, 0x64, 0xB4, 0x00, 0x00, 0x00, 0x00, 0x00, 0x00, 0x00, 0x00, 0x00, 0x00, 0x00, 0x00, 0x00, 0x00, 0xBE, 0xAE,
    0x00, 0x00, 0x00, 0x00, 0x00, 0x00, 0x00, 0x00, 0x00, 0x00, 0x00, 0x00, 0x00, 0x00, 0x1E, 0xB0, 0x00, 0x00, 0x00, 0x00, 0x00, 0x00, 0x00, 0x00, 0x00, 0x00,
    0x00, 0x00, 0x00, 0x00, 0xA8, 0xB0, 0x00, 0x00, 0x00, 0x00, 0x00, 0x00, 0x9C, 0xB0, 0x00, 0x00, 0x00, 0x00, 0x00, 0x00, 0x3E, 0xB1, 0x00, 0x00, 0x00, 0x00,
    0x00, 0x00, 0x38, 0xB2, 0x00, 0x00, 0x00, 0x00, 0x00, 0x00, 0x00, 0x00, 0x00, 0x00, 0x00, 0x00, 0x00, 0x00, 0x22, 0xB2, 0x00, 0x00, 0x00, 0x00, 0x00, 0x00,
    0x00, 0x00, 0x00, 0x00, 0x00, 0x00, 0x00, 0x00, 0x68, 0xB1, 0x00, 0x00, 0x00, 0x00, 0x00, 0x00, 0x00, 0x00, 0x00, 0x00, 0x00, 0x00, 0x00, 0x00, 0x46, 0xB1,
    0x00, 0x00, 0x00, 0x00, 0x00, 0x00, 0x58, 0xB1, 0x00, 0x00, 0x00, 0x00, 0x00, 0x00, 0x4C, 0xB0, 0x00, 0x00, 0x00, 0x00, 0x00, 0x00, 0x26, 0xB1, 0x00, 0x00,
    0x00, 0x00, 0x00, 0x00, 0x9E, 0xB1, 0x00, 0x00, 0x00, 0x00, 0x00, 0x00, 0xAA, 0xB1, 0x00, 0x00, 0x00, 0x00, 0x00, 0x00, 0xB8, 0xB1, 0x00, 0x00, 0x00, 0x00,
    0x00, 0x00, 0xB4, 0xAF, 0x00, 0x00, 0x00, 0x00, 0x00, 0x00, 0xCE, 0xB1, 0x00, 0x00, 0x00, 0x00, 0x00, 0x00, 0xDC, 0xB1, 0x00, 0x00, 0x00, 0x00, 0x00, 0x00,
    0xEA, 0xB1, 0x00, 0x00, 0x00, 0x00, 0x00, 0x00, 0xF4, 0xB1, 0x00, 0x00, 0x00, 0x00, 0x00, 0x00, 0x0A, 0xB1, 0x00, 0x00, 0x00, 0x00, 0x00, 0x00, 0xEE, 0xB0,
    0x00, 0x00, 0x00, 0x00, 0x00, 0x00, 0xCC, 0xB0, 0x00, 0x00, 0x00, 0x00, 0x00, 0x00, 0xB2, 0xB0, 0x00, 0x00, 0x00, 0x00, 0x00, 0x00, 0xE6, 0xAF, 0x00, 0x00,
    0x00, 0x00, 0x00, 0x00, 0x76, 0xB0, 0x00, 0x00, 0x00, 0x00, 0x00, 0x00, 0x34, 0xB1, 0x00, 0x00, 0x00, 0x00, 0x00, 0x00, 0x7C, 0xB1, 0x00, 0x00, 0x00, 0x00,
    0x00, 0x00, 0x58, 0xB0, 0x00, 0x00, 0x00, 0x00, 0x00, 0x00, 0x00, 0x00, 0x00, 0x00, 0x00, 0x00, 0x00, 0x00, 0x02, 0xB0, 0x00, 0x00, 0x00, 0x00, 0x00, 0x00,
    0x48, 0xB2, 0x00, 0x00, 0x00, 0x00, 0x00, 0x00, 0xC0, 0xB1, 0x00, 0x00, 0x00, 0x00, 0x00, 0x00, 0xC8, 0xAF, 0x00, 0x00, 0x00, 0x00, 0x00, 0x00, 0x32, 0xB0,
    0x00, 0x00, 0x00, 0x00, 0x00, 0x00, 0x00, 0x00, 0x00, 0x00, 0x00, 0x00, 0x00, 0x00, 0xBC, 0xAF, 0x00, 0x00, 0x00, 0x00, 0x00, 0x00, 0xDA, 0xAF, 0x00, 0x00,
    0x00, 0x00, 0x00, 0x00, 0x28, 0xB0, 0x00, 0x00, 0x00, 0x00, 0x00, 0x00, 0x6C, 0xB0, 0x00, 0x00, 0x00, 0x00, 0x00, 0x00, 0x62, 0xB0, 0x00, 0x00, 0x00, 0x00,
    0x00, 0x00, 0xF8, 0xAF, 0x00, 0x00, 0x00, 0x00, 0x00, 0x00, 0x00, 0x00, 0x00, 0x00, 0x00, 0x00, 0x00, 0x00, 0x54, 0x06, 0x57, 0x72, 0x69, 0x74, 0x65, 0x50,
    0x72, 0x6F, 0x63, 0x65, 0x73, 0x73, 0x4D, 0x65, 0x6D, 0x6F, 0x72, 0x79, 0x00, 0x00, 0x32, 0x02, 0x47, 0x65, 0x74, 0x43, 0x75, 0x72, 0x72, 0x65, 0x6E, 0x74,
    0x50, 0x72, 0x6F, 0x63, 0x65, 0x73, 0x73, 0x00, 0xD6, 0x02, 0x47, 0x65, 0x74, 0x50, 0x72, 0x6F, 0x63, 0x65, 0x73, 0x73, 0x49, 0x64, 0x00, 0x00, 0x92, 0x02,
    0x47, 0x65, 0x74, 0x4D, 0x6F, 0x64, 0x75, 0x6C, 0x65, 0x48, 0x61, 0x6E, 0x64, 0x6C, 0x65, 0x41, 0x00, 0x00, 0x2E, 0x04, 0x4F, 0x70, 0x65, 0x6E, 0x50, 0x72,
    0x6F, 0x63, 0x65, 0x73, 0x73, 0x00, 0x0C, 0x01, 0x43, 0x72, 0x65, 0x61, 0x74, 0x65, 0x54, 0x6F, 0x6F, 0x6C, 0x68, 0x65, 0x6C, 0x70, 0x33, 0x32, 0x53, 0x6E,
    0x61, 0x70, 0x73, 0x68, 0x6F, 0x74, 0x00, 0x00, 0x50, 0x04, 0x50, 0x72, 0x6F, 0x63, 0x65, 0x73, 0x73, 0x33, 0x32, 0x4E, 0x65, 0x78, 0x74, 0x57, 0x00, 0x00,
    0xC4, 0x03, 0x4B, 0x33, 0x32, 0x47, 0x65, 0x74, 0x4D, 0x6F, 0x64, 0x75, 0x6C, 0x65, 0x42, 0x61, 0x73, 0x65, 0x4E, 0x61, 0x6D, 0x65, 0x57, 0x00, 0x71, 0x04,
    0x51, 0x75, 0x65, 0x72, 0x79, 0x50, 0x65, 0x72, 0x66, 0x6F, 0x72, 0x6D, 0x61, 0x6E, 0x63, 0x65, 0x46, 0x72, 0x65, 0x71, 0x75, 0x65, 0x6E, 0x63, 0x79, 0x00,
    0x4E, 0x04, 0x50, 0x72, 0x6F, 0x63, 0x65, 0x73, 0x73, 0x33, 0x32, 0x46, 0x69, 0x72, 0x73, 0x74, 0x57, 0x00, 0x94, 0x00, 0x43, 0x6C, 0x6F, 0x73, 0x65, 0x48,
    0x61, 0x6E, 0x64, 0x6C, 0x65, 0x00, 0x04, 0x03, 0x47, 0x65, 0x74, 0x53, 0x79, 0x73, 0x74, 0x65, 0x6D, 0x49, 0x6E, 0x66, 0x6F, 0x00, 0x06, 0x04, 0x4D, 0x6F,
    0x64, 0x75, 0x6C, 0x65, 0x33, 0x32, 0x46, 0x69, 0x72, 0x73, 0x74, 0x57, 0x00, 0x00, 0xBC, 0x03, 0x4B, 0x33, 0x32, 0x45, 0x6E, 0x75, 0x6D, 0x50, 0x72, 0x6F,
    0x63, 0x65, 0x73, 0x73, 0x65, 0x73, 0x00, 0x00, 0x06, 0x06, 0x56, 0x69, 0x72, 0x74, 0x75, 0x61, 0x6C, 0x50, 0x72, 0x6F, 0x74, 0x65, 0x63, 0x74, 0x45, 0x78,
    0x00, 0x00, 0xCD, 0x02, 0x47, 0x65, 0x74, 0x50, 0x72, 0x6F, 0x63, 0x41, 0x64, 0x64, 0x72, 0x65, 0x73, 0x73, 0x00, 0x00, 0x33, 0x02, 0x47, 0x65, 0x74, 0x43,
    0x75, 0x72, 0x72, 0x65, 0x6E, 0x74, 0x50, 0x72, 0x6F, 0x63, 0x65, 0x73, 0x73, 0x49, 0x64, 0x00, 0x08, 0x04, 0x4D, 0x6F, 0x64, 0x75, 0x6C, 0x65, 0x33, 0x32,
    0x4E, 0x65, 0x78, 0x74, 0x57, 0x00, 0x70, 0x04, 0x51, 0x75, 0x65, 0x72, 0x79, 0x50, 0x65, 0x72, 0x66, 0x6F, 0x72, 0x6D, 0x61, 0x6E, 0x63, 0x65, 0x43, 0x6F,
    0x75, 0x6E, 0x74, 0x65, 0x72, 0x00, 0x4B, 0x45, 0x52, 0x4E, 0x45, 0x4C, 0x33, 0x32, 0x2E, 0x64, 0x6C, 0x6C, 0x00, 0x00, 0x5B, 0x01, 0x47, 0x65, 0x74, 0x54,
    0x6F, 0x6B, 0x65, 0x6E, 0x49, 0x6E, 0x66, 0x6F, 0x72, 0x6D, 0x61, 0x74, 0x69, 0x6F, 0x6E, 0x00, 0x0B, 0x02, 0x4F, 0x70, 0x65, 0x6E, 0x50, 0x72, 0x6F, 0x63,
    0x65, 0x73, 0x73, 0x54, 0x6F, 0x6B, 0x65, 0x6E, 0x00, 0x00, 0x1F, 0x00, 0x41, 0x64, 0x6A, 0x75, 0x73, 0x74, 0x54, 0x6F, 0x6B, 0x65, 0x6E, 0x50, 0x72, 0x69,
    0x76, 0x69, 0x6C, 0x65, 0x67, 0x65, 0x73, 0x00, 0x41, 0x44, 0x56, 0x41, 0x50, 0x49, 0x33, 0x32, 0x2E, 0x64, 0x6C, 0x6C, 0x00, 0x00, 0xA5, 0x00, 0x3F, 0x3F,
    0x31, 0x5F, 0x4C, 0x6F, 0x63, 0x6B, 0x69, 0x74, 0x40, 0x73, 0x74, 0x64, 0x40, 0x40, 0x51, 0x45, 0x41, 0x41, 0x40, 0x58, 0x5A, 0x00, 0x6D, 0x00, 0x3F, 0x3F,
    0x30, 0x5F, 0x4C, 0x6F, 0x63, 0x6B, 0x69, 0x74, 0x40, 0x73, 0x74, 0x64, 0x40, 0x40, 0x51, 0x45, 0x41, 0x41, 0x40, 0x48, 0x40, 0x5A, 0x00, 0x00, 0x75, 0x02,
    0x3F, 0x5F, 0x54, 0x68, 0x72, 0x6F, 0x77, 0x5F, 0x43, 0x70, 0x70, 0x5F, 0x65, 0x72, 0x72, 0x6F, 0x72, 0x40, 0x73, 0x74, 0x64, 0x40, 0x40, 0x59, 0x41, 0x58,
    0x48, 0x40, 0x5A, 0x00, 0x1F, 0x05, 0x3F, 0x75, 0x6E, 0x63, 0x61, 0x75, 0x67, 0x68, 0x74, 0x5F, 0x65, 0x78, 0x63, 0x65, 0x70, 0x74, 0x69, 0x6F, 0x6E, 0x73,
    0x40, 0x73, 0x74, 0x64, 0x40, 0x40, 0x59, 0x41, 0x48, 0x58, 0x5A, 0x00, 0xD5, 0x01, 0x3F, 0x5F, 0x47, 0x65, 0x74, 0x67, 0x6C, 0x6F, 0x62, 0x61, 0x6C, 0x6C,
    0x6F, 0x63, 0x61, 0x6C, 0x65, 0x40, 0x6C, 0x6F, 0x63, 0x61, 0x6C, 0x65, 0x40, 0x73, 0x74, 0x64, 0x40, 0x40, 0x43, 0x41, 0x50, 0x45, 0x41, 0x56, 0x5F, 0x4C,
    0x6F, 0x63, 0x69, 0x6D, 0x70, 0x40, 0x31, 0x32, 0x40, 0x58, 0x5A, 0x00, 0x8B, 0x02, 0x3F, 0x5F, 0x58, 0x62, 0x61, 0x64, 0x5F, 0x61, 0x6C, 0x6C, 0x6F, 0x63,
    0x40, 0x73, 0x74, 0x64, 0x40, 0x40, 0x59, 0x41, 0x58, 0x58, 0x5A, 0x00, 0x33, 0x05, 0x3F, 0x77, 0x63, 0x6F, 0x75, 0x74, 0x40, 0x73, 0x74, 0x64, 0x40, 0x40,
    0x33, 0x56, 0x3F, 0x24, 0x62, 0x61, 0x73, 0x69, 0x63, 0x5F, 0x6F, 0x73, 0x74, 0x72, 0x65, 0x61, 0x6D, 0x40, 0x5F, 0x57, 0x55, 0x3F, 0x24, 0x63, 0x68, 0x61,
    0x72, 0x5F, 0x74, 0x72, 0x61, 0x69, 0x74, 0x73, 0x40, 0x5F, 0x57, 0x40, 0x73, 0x74, 0x64, 0x40, 0x40, 0x40, 0x31, 0x40, 0x41, 0x00, 0xD1, 0x03, 0x3F, 0x69,
    0x64, 0x40, 0x3F, 0x24, 0x63, 0x74, 0x79, 0x70, 0x65, 0x40, 0x5F, 0x57, 0x40, 0x73, 0x74, 0x64, 0x40, 0x40, 0x32, 0x56, 0x30, 0x6C, 0x6F, 0x63, 0x61, 0x6C,
    0x65, 0x40, 0x32, 0x40, 0x41, 0x00, 0x8D, 0x02, 0x3F, 0x5F, 0x58, 0x69, 0x6E, 0x76, 0x61, 0x6C, 0x69, 0x64, 0x5F, 0x61, 0x72, 0x67, 0x75, 0x6D, 0x65, 0x6E,
    0x74, 0x40, 0x73, 0x74, 0x64, 0x40, 0x40, 0x59, 0x41, 0x58, 0x50, 0x45, 0x42, 0x44, 0x40, 0x5A, 0x00, 0x00, 0x8F, 0x02, 0x3F, 0x5F, 0x58, 0x6F, 0x75, 0x74,
    0x5F, 0x6F, 0x66, 0x5F, 0x72, 0x61, 0x6E, 0x67, 0x65, 0x40, 0x73, 0x74, 0x64, 0x40, 0x40, 0x59, 0x41, 0x58, 0x50, 0x45, 0x42, 0x44, 0x40, 0x5A, 0x00, 0x00,
    0xA2, 0x02, 0x3F, 0x63, 0x65, 0x72, 0x72, 0x40, 0x73, 0x74, 0x64, 0x40, 0x40, 0x33, 0x56, 0x3F, 0x24, 0x62, 0x61, 0x73, 0x69, 0x63, 0x5F, 0x6F, 0x73, 0x74,
    0x72, 0x65, 0x61, 0x6D, 0x40, 0x44, 0x55, 0x3F, 0x24, 0x63, 0x68, 0x61, 0x72, 0x5F, 0x74, 0x72, 0x61, 0x69, 0x74, 0x73, 0x40, 0x44, 0x40, 0x73, 0x74, 0x64,
    0x40, 0x40, 0x40, 0x31, 0x40, 0x41, 0x00, 0x00, 0x8E, 0x02, 0x3F, 0x5F, 0x58, 0x6C, 0x65, 0x6E, 0x67, 0x74, 0x68, 0x5F, 0x65, 0x72, 0x72, 0x6F, 0x72, 0x40,
    0x73, 0x74, 0x64, 0x40, 0x40, 0x59, 0x41, 0x58, 0x50, 0x45, 0x42, 0x44, 0x40, 0x5A, 0x00, 0x00, 0x4E, 0x05, 0x5F, 0x43, 0x6E, 0x64, 0x5F, 0x64, 0x6F, 0x5F,
    0x62, 0x72, 0x6F, 0x61, 0x64, 0x63, 0x61, 0x73, 0x74, 0x5F, 0x61, 0x74, 0x5F, 0x74, 0x68, 0x72, 0x65, 0x61, 0x64, 0x5F, 0x65, 0x78, 0x69, 0x74, 0x00, 0x00,
    0xB0, 0x05, 0x5F, 0x54, 0x68, 0x72, 0x64, 0x5F, 0x64, 0x65, 0x74, 0x61, 0x63, 0x68, 0x00, 0x00, 0x19, 0x02, 0x3F, 0x5F, 0x49, 0x70, 0x66, 0x78, 0x40, 0x3F,
    0x24, 0x62, 0x61, 0x73, 0x69, 0x63, 0x5F, 0x69, 0x73, 0x74, 0x72, 0x65, 0x61, 0x6D, 0x40, 0x44, 0x55, 0x3F, 0x24, 0x63, 0x68, 0x61, 0x72, 0x5F, 0x74, 0x72,
    0x61, 0x69, 0x74, 0x73, 0x40, 0x44, 0x40, 0x73, 0x74, 0x64, 0x40, 0x40, 0x40, 0x73, 0x74, 0x64, 0x40, 0x40, 0x51, 0x45, 0x41, 0x41, 0x5F, 0x4E, 0x5F, 0x4E,
    0x40, 0x5A, 0x00, 0x00, 0xD8, 0x04, 0x3F, 0x73, 0x6E, 0x65, 0x78, 0x74, 0x63, 0x40, 0x3F, 0x24, 0x62, 0x61, 0x73, 0x69, 0x63, 0x5F, 0x73, 0x74, 0x72, 0x65,
    0x61, 0x6D, 0x62, 0x75, 0x66, 0x40, 0x44, 0x55, 0x3F, 0x24, 0x63, 0x68, 0x61, 0x72, 0x5F, 0x74, 0x72, 0x61, 0x69, 0x74, 0x73, 0x40, 0x44, 0x40, 0x73, 0x74,
    0x64, 0x40, 0x40, 0x40, 0x73, 0x74, 0x64, 0x40, 0x40, 0x51, 0x45, 0x41, 0x41, 0x48, 0x58, 0x5A, 0x00, 0x00, 0xE1, 0x04, 0x3F, 0x73, 0x70, 0x75, 0x74, 0x6E,
    0x40, 0x3F, 0x24, 0x62, 0x61, 0x73, 0x69, 0x63, 0x5F, 0x73, 0x74, 0x72, 0x65, 0x61, 0x6D, 0x62, 0x75, 0x66, 0x40, 0x44, 0x55, 0x3F, 0x24, 0x63, 0x68, 0x61,
    0x72, 0x5F, 0x74, 0x72, 0x61, 0x69, 0x74, 0x73, 0x40, 0x44, 0x40, 0x73, 0x74, 0x64, 0x40, 0x40, 0x40, 0x73, 0x74, 0x64, 0x40, 0x40, 0x51, 0x45, 0x41, 0x41,
    0x5F, 0x4A, 0x50, 0x45, 0x42, 0x44, 0x5F, 0x4A, 0x40, 0x5A, 0x00, 0x00, 0xE3, 0x04, 0x3F, 0x73, 0x70, 0x75, 0x74, 0x6E, 0x40, 0x3F, 0x24, 0x62, 0x61, 0x73,
    0x69, 0x63, 0x5F, 0x73, 0x74, 0x72, 0x65, 0x61, 0x6D, 0x62, 0x75, 0x66, 0x40, 0x5F, 0x57, 0x55, 0x3F, 0x24, 0x63, 0x68, 0x61, 0x72, 0x5F, 0x74, 0x72, 0x61,
    0x69, 0x74, 0x73, 0x40, 0x5F, 0x57, 0x40, 0x73, 0x74, 0x64, 0x40, 0x40, 0x40, 0x73, 0x74, 0x64, 0x40, 0x40, 0x51, 0x45, 0x41, 0x41, 0x5F, 0x4A, 0x50, 0x45,
    0x42, 0x5F, 0x57, 0x5F, 0x4A, 0x40, 0x5A, 0x00, 0x95, 0x04, 0x3F, 0x73, 0x62, 0x75, 0x6D, 0x70, 0x63, 0x40, 0x3F, 0x24, 0x62, 0x61, 0x73, 0x69, 0x63, 0x5F,
    0x73, 0x74, 0x72, 0x65, 0x61, 0x6D, 0x62, 0x75, 0x66, 0x40, 0x44, 0x55, 0x3F, 0x24, 0x63, 0x68, 0x61, 0x72, 0x5F, 0x74, 0x72, 0x61, 0x69, 0x74, 0x73, 0x40,
    0x44, 0x40, 0x73, 0x74, 0x64, 0x40, 0x40, 0x40, 0x73, 0x74, 0x64, 0x40, 0x40, 0x51, 0x45, 0x41, 0x41, 0x48, 0x58, 0x5A, 0x00, 0x00, 0xCF, 0x04, 0x3F, 0x73,
    0x67, 0x65, 0x74, 0x63, 0x40, 0x3F, 0x24, 0x62, 0x61, 0x73, 0x69, 0x63, 0x5F, 0x73, 0x74, 0x72, 0x65, 0x61, 0x6D, 0x62, 0x75, 0x66, 0x40, 0x44, 0x55, 0x3F,
    0x24, 0x63, 0x68, 0x61, 0x72, 0x5F, 0x74, 0x72, 0x61, 0x69, 0x74, 0x73, 0x40, 0x44, 0x40, 0x73, 0x74, 0x64, 0x40, 0x40, 0x40, 0x73, 0x74, 0x64, 0x40, 0x40,
    0x51, 0x45, 0x41, 0x41, 0x48, 0x58, 0x5A, 0x00, 0xDE, 0x04, 0x3F, 0x73, 0x70, 0x75, 0x74, 0x63, 0x40, 0x3F, 0x24, 0x62, 0x61, 0x73, 0x69, 0x63, 0x5F, 0x73,
    0x74, 0x72, 0x65, 0x61, 0x6D, 0x62, 0x75, 0x66, 0x40, 0x44, 0x55, 0x3F, 0x24, 0x63, 0x68, 0x61, 0x72, 0x5F, 0x74, 0x72, 0x61, 0x69, 0x74, 0x73, 0x40, 0x44,
    0x40, 0x73, 0x74, 0x64, 0x40, 0x40, 0x40, 0x73, 0x74, 0x64, 0x40, 0x40, 0x51, 0x45, 0x41, 0x41, 0x48, 0x44, 0x40, 0x5A, 0x00, 0x00, 0xE0, 0x04, 0x3F, 0x73,
    0x70, 0x75, 0x74, 0x63, 0x40, 0x3F, 0x24, 0x62, 0x61, 0x73, 0x69, 0x63, 0x5F, 0x73, 0x74, 0x72, 0x65, 0x61, 0x6D, 0x62, 0x75, 0x66, 0x40, 0x5F, 0x57, 0x55,
    0x3F, 0x24, 0x63, 0x68, 0x61, 0x72, 0x5F, 0x74, 0x72, 0x61, 0x69, 0x74, 0x73, 0x40, 0x5F, 0x57, 0x40, 0x73, 0x74, 0x64, 0x40, 0x40, 0x40, 0x73, 0x74, 0x64,
    0x40, 0x40, 0x51, 0x45, 0x41, 0x41, 0x47, 0x5F, 0x57, 0x40, 0x5A, 0x00, 0x2F, 0x00, 0x3F, 0x3F, 0x30, 0x3F, 0x24, 0x62, 0x61, 0x73, 0x69, 0x63, 0x5F, 0x73,
    0x74, 0x72, 0x65, 0x61, 0x6D, 0x62, 0x75, 0x66, 0x40, 0x44, 0x55, 0x3F, 0x24, 0x63, 0x68, 0x61, 0x72, 0x5F, 0x74, 0x72, 0x61, 0x69, 0x74, 0x73, 0x40, 0x44,
    0x40, 0x73, 0x74, 0x64, 0x40, 0x40, 0x40, 0x73, 0x74, 0x64, 0x40, 0x40, 0x49, 0x45, 0x41, 0x41, 0x40, 0x58, 0x5A, 0x00, 0x44, 0x02, 0x3F, 0x5F, 0x4F, 0x73,
    0x66, 0x78, 0x40, 0x3F, 0x24, 0x62, 0x61, 0x73, 0x69, 0x63, 0x5F, 0x6F, 0x73, 0x74, 0x72, 0x65, 0x61, 0x6D, 0x40, 0x44, 0x55, 0x3F, 0x24, 0x63, 0x68, 0x61,
    0x72, 0x5F, 0x74, 0x72, 0x61, 0x69, 0x74, 0x73, 0x40, 0x44, 0x40, 0x73, 0x74, 0x64, 0x40, 0x40, 0x40, 0x73, 0x74, 0x64, 0x40, 0x40, 0x51, 0x45, 0x41, 0x41,
    0x58, 0x58, 0x5A, 0x00, 0x68, 0x03, 0x3F, 0x66, 0x6C, 0x75, 0x73, 0x68, 0x40, 0x3F, 0x24, 0x62, 0x61, 0x73, 0x69, 0x63, 0x5F, 0x6F, 0x73, 0x74, 0x72, 0x65,
    0x61, 0x6D, 0x40, 0x44, 0x55, 0x3F, 0x24, 0x63, 0x68, 0x61, 0x72, 0x5F, 0x74, 0x72, 0x61, 0x69, 0x74, 0x73, 0x40, 0x44, 0x40, 0x73, 0x74, 0x64, 0x40, 0x40,
    0x40, 0x73, 0x74, 0x64, 0x40, 0x40, 0x51, 0x45, 0x41, 0x41, 0x41, 0x45, 0x41, 0x56, 0x31, 0x32, 0x40, 0x58, 0x5A, 0x00, 0x46, 0x02, 0x3F, 0x5F, 0x4F, 0x73,
    0x66, 0x78, 0x40, 0x3F, 0x24, 0x62, 0x61, 0x73, 0x69, 0x63, 0x5F, 0x6F, 0x73, 0x74, 0x72, 0x65, 0x61, 0x6D, 0x40, 0x5F, 0x57, 0x55, 0x3F, 0x24, 0x63, 0x68,
    0x61, 0x72, 0x5F, 0x74, 0x72, 0x61, 0x69, 0x74, 0x73, 0x40, 0x5F, 0x57, 0x40, 0x73, 0x74, 0x64, 0x40, 0x40, 0x40, 0x73, 0x74, 0x64, 0x40, 0x40, 0x51, 0x45,
    0x41, 0x41, 0x58, 0x58, 0x5A, 0x00, 0x6A, 0x03, 0x3F, 0x66, 0x6C, 0x75, 0x73, 0x68, 0x40, 0x3F, 0x24, 0x62, 0x61, 0x73, 0x69, 0x63, 0x5F, 0x6F, 0x73, 0x74,
    0x72, 0x65, 0x61, 0x6D, 0x40, 0x5F, 0x57, 0x55, 0x3F, 0x24, 0x63, 0x68, 0x61, 0x72, 0x5F, 0x74, 0x72, 0x61, 0x69, 0x74, 0x73, 0x40, 0x5F, 0x57, 0x40, 0x73,
    0x74, 0x64, 0x40, 0x40, 0x40, 0x73, 0x74, 0x64, 0x40, 0x40, 0x51, 0x45, 0x41, 0x41, 0x41, 0x45, 0x41, 0x56, 0x31, 0x32, 0x40, 0x58, 0x5A, 0x00, 0xC5, 0x04,
    0x3F, 0x73, 0x65, 0x74, 0x73, 0x74, 0x61, 0x74, 0x65, 0x40, 0x3F, 0x24, 0x62, 0x61, 0x73, 0x69, 0x63, 0x5F, 0x69, 0x6F, 0x73, 0x40, 0x44, 0x55, 0x3F, 0x24,
    0x63, 0x68, 0x61, 0x72, 0x5F, 0x74, 0x72, 0x61, 0x69, 0x74, 0x73, 0x40, 0x44, 0x40, 0x73, 0x74, 0x64, 0x40, 0x40, 0x40, 0x73, 0x74, 0x64, 0x40, 0x40, 0x51,
    0x45, 0x41, 0x41, 0x58, 0x48, 0x5F, 0x4E, 0x40, 0x5A, 0x00, 0x0C, 0x00, 0x3F, 0x3F, 0x30, 0x3F, 0x24, 0x62, 0x61, 0x73, 0x69, 0x63, 0x5F, 0x69, 0x6F, 0x73,
    0x40, 0x44, 0x55, 0x3F, 0x24, 0x63, 0x68, 0x61, 0x72, 0x5F, 0x74, 0x72, 0x61, 0x69, 0x74, 0x73, 0x40, 0x44, 0x40, 0x73, 0x74, 0x64, 0x40, 0x40, 0x40, 0x73,
    0x74, 0x64, 0x40, 0x40, 0x49, 0x45, 0x41, 0x41, 0x40, 0x58, 0x5A, 0x00, 0xC9, 0x04, 0x3F, 0x73, 0x65, 0x74, 0x73, 0x74, 0x61, 0x74, 0x65, 0x40, 0x3F, 0x24,
    0x62, 0x61, 0x73, 0x69, 0x63, 0x5F, 0x69, 0x6F, 0x73, 0x40, 0x5F, 0x57, 0x55, 0x3F, 0x24, 0x63, 0x68, 0x61, 0x72, 0x5F, 0x74, 0x72, 0x61, 0x69, 0x74, 0x73,
    0x40, 0x5F, 0x57, 0x40, 0x73, 0x74, 0x64, 0x40, 0x40, 0x40, 0x73, 0x74, 0x64, 0x40, 0x40, 0x51, 0x45, 0x41, 0x41, 0x58, 0x48, 0x5F, 0x4E, 0x40, 0x5A, 0x00,
    0x1A, 0x00, 0x3F, 0x3F, 0x30, 0x3F, 0x24, 0x62, 0x61, 0x73, 0x69, 0x63, 0x5F, 0x69, 0x73, 0x74, 0x72, 0x65, 0x61, 0x6D, 0x40, 0x44, 0x55, 0x3F, 0x24, 0x63,
    0x68, 0x61, 0x72, 0x5F, 0x74, 0x72, 0x61, 0x69, 0x74, 0x73, 0x40, 0x44, 0x40, 0x73, 0x74, 0x64, 0x40, 0x40, 0x40, 0x73, 0x74, 0x64, 0x40, 0x40, 0x51, 0x45,
    0x41, 0x41, 0x40, 0x50, 0x45, 0x41, 0x56, 0x3F, 0x24, 0x62, 0x61, 0x73, 0x69, 0x63, 0x5F, 0x73, 0x74, 0x72, 0x65, 0x61, 0x6D, 0x62, 0x75, 0x66, 0x40, 0x44,
    0x55, 0x3F, 0x24, 0x63, 0x68, 0x61, 0x72, 0x5F, 0x74, 0x72, 0x61, 0x69, 0x74, 0x73, 0x40, 0x44, 0x40, 0x73, 0x74, 0x64, 0x40, 0x40, 0x40, 0x31, 0x40, 0x5F,
    0x4E, 0x40, 0x5A, 0x00, 0x89, 0x00, 0x3F, 0x3F, 0x31, 0x3F, 0x24, 0x62, 0x61, 0x73, 0x69, 0x63, 0x5F, 0x73, 0x74, 0x72, 0x65, 0x61, 0x6D, 0x62, 0x75, 0x66,
    0x40, 0x44, 0x55, 0x3F, 0x24, 0x63, 0x68, 0x61, 0x72, 0x5F, 0x74, 0x72, 0x61, 0x69, 0x74, 0x73, 0x40, 0x44, 0x40, 0x73, 0x74, 0x64, 0x40, 0x40, 0x40, 0x73,
    0x74, 0x64, 0x40, 0x40, 0x55, 0x45, 0x41, 0x41, 0x40, 0x58, 0x5A, 0x00, 0x28, 0x02, 0x3F, 0x5F, 0x4C, 0x6F, 0x63, 0x6B, 0x40, 0x3F, 0x24, 0x62, 0x61, 0x73,
    0x69, 0x63, 0x5F, 0x73, 0x74, 0x72, 0x65, 0x61, 0x6D, 0x62, 0x75, 0x66, 0x40, 0x44, 0x55, 0x3F, 0x24, 0x63, 0x68, 0x61, 0x72, 0x5F, 0x74, 0x72, 0x61, 0x69,
    0x74, 0x73, 0x40, 0x44, 0x40, 0x73, 0x74, 0x64, 0x40, 0x40, 0x40, 0x73, 0x74, 0x64, 0x40, 0x40, 0x55, 0x45, 0x41, 0x41, 0x58, 0x58, 0x5A, 0x00, 0x7F, 0x02,
    0x3F, 0x5F, 0x55, 0x6E, 0x6C, 0x6F, 0x63, 0x6B, 0x40, 0x3F, 0x24, 0x62, 0x61, 0x73, 0x69, 0x63, 0x5F, 0x73, 0x74, 0x72, 0x65, 0x61, 0x6D, 0x62, 0x75, 0x66,
    0x40, 0x44, 0x55, 0x3F, 0x24, 0x63, 0x68, 0x61, 0x72, 0x5F, 0x74, 0x72, 0x61, 0x69, 0x74, 0x73, 0x40, 0x44, 0x40, 0x73, 0x74, 0x64, 0x40, 0x40, 0x40, 0x73,
    0x74, 0x64, 0x40, 0x40, 0x55, 0x45, 0x41, 0x41, 0x58, 0x58, 0x5A, 0x00, 0xD5, 0x04, 0x3F, 0x73, 0x68, 0x6F, 0x77, 0x6D, 0x61, 0x6E, 0x79, 0x63, 0x40, 0x3F,
    0x24, 0x62, 0x61, 0x73, 0x69, 0x63, 0x5F, 0x73, 0x74, 0x72, 0x65, 0x61, 0x6D, 0x62, 0x75, 0x66, 0x40, 0x44, 0x55, 0x3F, 0x24, 0x63, 0x68, 0x61, 0x72, 0x5F,
    0x74, 0x72, 0x61, 0x69, 0x74, 0x73, 0x40, 0x44, 0x40, 0x73, 0x74, 0x64, 0x40, 0x40, 0x40, 0x73, 0x74, 0x64, 0x40, 0x40, 0x4D, 0x45, 0x41, 0x41, 0x5F, 0x4A,
    0x58, 0x5A, 0x00, 0x00, 0x1B, 0x05, 0x3F, 0x75, 0x66, 0x6C, 0x6F, 0x77, 0x40, 0x3F, 0x24, 0x62, 0x61, 0x73, 0x69, 0x63, 0x5F, 0x73, 0x74, 0x72, 0x65, 0x61,
    0x6D, 0x62, 0x75, 0x66, 0x40, 0x44, 0x55, 0x3F, 0x24, 0x63, 0x68, 0x61, 0x72, 0x5F, 0x74, 0x72, 0x61, 0x69, 0x74, 0x73, 0x40, 0x44, 0x40, 0x73, 0x74, 0x64,
    0x40, 0x40, 0x40, 0x73, 0x74, 0x64, 0x40, 0x40, 0x4D, 0x45, 0x41, 0x41, 0x48, 0x58, 0x5A, 0x00, 0x43, 0x05, 0x3F, 0x78, 0x73, 0x67, 0x65, 0x74, 0x6E, 0x40,
    0x3F, 0x24, 0x62, 0x61, 0x73, 0x69, 0x63, 0x5F, 0x73, 0x74, 0x72, 0x65, 0x61, 0x6D, 0x62, 0x75, 0x66, 0x40, 0x44, 0x55, 0x3F, 0x24, 0x63, 0x68, 0x61, 0x72,
    0x5F, 0x74, 0x72, 0x61, 0x69, 0x74, 0x73, 0x40, 0x44, 0x40, 0x73, 0x74, 0x64, 0x40, 0x40, 0x40, 0x73, 0x74, 0x64, 0x40, 0x40, 0x4D, 0x45, 0x41, 0x41, 0x5F,
    0x4A, 0x50, 0x45, 0x41, 0x44, 0x5F, 0x4A, 0x40, 0x5A, 0x00, 0x46, 0x05, 0x3F, 0x78, 0x73, 0x70, 0x75, 0x74, 0x6E, 0x40, 0x3F, 0x24, 0x62, 0x61, 0x73, 0x69,
    0x63, 0x5F, 0x73, 0x74, 0x72, 0x65, 0x61, 0x6D, 0x62, 0x75, 0x66, 0x40, 0x44, 0x55, 0x3F, 0x24, 0x63, 0x68, 0x61, 0x72, 0x5F, 0x74, 0x72, 0x61, 0x69, 0x74,
    0x73, 0x40, 0x44, 0x40, 0x73, 0x74, 0x64, 0x40, 0x40, 0x40, 0x73, 0x74, 0x64, 0x40, 0x40, 0x4D, 0x45, 0x41, 0x41, 0x5F, 0x4A, 0x50, 0x45, 0x42, 0x44, 0x5F,
    0x4A, 0x40, 0x5A, 0x00, 0xB5, 0x04, 0x3F, 0x73, 0x65, 0x74, 0x62, 0x75, 0x66, 0x40, 0x3F, 0x24, 0x62, 0x61, 0x73, 0x69, 0x63, 0x5F, 0x73, 0x74, 0x72, 0x65,
    0x61, 0x6D, 0x62, 0x75, 0x66, 0x40, 0x44, 0x55, 0x3F, 0x24, 0x63, 0x68, 0x61, 0x72, 0x5F, 0x74, 0x72, 0x61, 0x69, 0x74, 0x73, 0x40, 0x44, 0x40, 0x73, 0x74,
    0x64, 0x40, 0x40, 0x40, 0x73, 0x74, 0x64, 0x40, 0x40, 0x4D, 0x45, 0x41, 0x41, 0x50, 0x45, 0x41, 0x56, 0x31, 0x32, 0x40, 0x50, 0x45, 0x41, 0x44, 0x5F, 0x4A,
    0x40, 0x5A, 0x00, 0x00, 0xFD, 0x04, 0x3F, 0x73, 0x79, 0x6E, 0x63, 0x40, 0x3F, 0x24, 0x62, 0x61, 0x73, 0x69, 0x63, 0x5F, 0x73, 0x74, 0x72, 0x65, 0x61, 0x6D,
    0x62, 0x75, 0x66, 0x40, 0x44, 0x55, 0x3F, 0x24, 0x63, 0x68, 0x61, 0x72, 0x5F, 0x74, 0x72, 0x61, 0x69, 0x74, 0x73, 0x40, 0x44, 0x40, 0x73, 0x74, 0x64, 0x40,
    0x40, 0x40, 0x73, 0x74, 0x64, 0x40, 0x40, 0x4D, 0x45, 0x41, 0x41, 0x48, 0x58, 0x5A, 0x00, 0x00, 0xF6, 0x03, 0x3F, 0x69, 0x6D, 0x62, 0x75, 0x65, 0x40, 0x3F,
    0x24, 0x62, 0x61, 0x73, 0x69, 0x63, 0x5F, 0x73, 0x74, 0x72, 0x65, 0x61, 0x6D, 0x62, 0x75, 0x66, 0x40, 0x44, 0x55, 0x3F, 0x24, 0x63, 0x68, 0x61, 0x72, 0x5F,
    0x74, 0x72, 0x61, 0x69, 0x74, 0x73, 0x40, 0x44, 0x40, 0x73, 0x74, 0x64, 0x40, 0x40, 0x40, 0x73, 0x74, 0x64, 0x40, 0x40, 0x4D, 0x45, 0x41, 0x41, 0x58, 0x41,
    0x45, 0x42, 0x56, 0x6C, 0x6F, 0x63, 0x61, 0x6C, 0x65, 0x40, 0x32, 0x40, 0x40, 0x5A, 0x00, 0x00, 0x7D, 0x00, 0x3F, 0x3F, 0x31, 0x3F, 0x24, 0x62, 0x61, 0x73,
    0x69, 0x63, 0x5F, 0x69, 0x6F, 0x73, 0x40, 0x44, 0x55, 0x3F, 0x24, 0x63, 0x68, 0x61, 0x72, 0x5F, 0x74, 0x72, 0x61, 0x69, 0x74, 0x73, 0x40, 0x44, 0x40, 0x73,
    0x74, 0x64, 0x40, 0x40, 0x40, 0x73, 0x74, 0x64, 0x40, 0x40, 0x55, 0x45, 0x41, 0x41, 0x40, 0x58, 0x5A, 0x00, 0x02, 0x01, 0x3F, 0x3F, 0x36, 0x3F, 0x24, 0x62,
    0x61, 0x73, 0x69, 0x63, 0x5F, 0x6F, 0x73, 0x74, 0x72, 0x65, 0x61, 0x6D, 0x40, 0x44, 0x55, 0x3F, 0x24, 0x63, 0x68, 0x61, 0x72, 0x5F, 0x74, 0x72, 0x61, 0x69,
    0x74, 0x73, 0x40, 0x44, 0x40, 0x73, 0x74, 0x64, 0x40, 0x40, 0x40, 0x73, 0x74, 0x64, 0x40, 0x40, 0x51, 0x45, 0x41, 0x41, 0x41, 0x45, 0x41, 0x56, 0x30, 0x31,
    0x40, 0x4B, 0x40, 0x5A, 0x00, 0x00, 0x26, 0x01, 0x3F, 0x3F, 0x36, 0x3F, 0x24, 0x62, 0x61, 0x73, 0x69, 0x63, 0x5F, 0x6F, 0x73, 0x74, 0x72, 0x65, 0x61, 0x6D,
    0x40, 0x5F, 0x57, 0x55, 0x3F, 0x24, 0x63, 0x68, 0x61, 0x72, 0x5F, 0x74, 0x72, 0x61, 0x69, 0x74, 0x73, 0x40, 0x5F, 0x57, 0x40, 0x73, 0x74, 0x64, 0x40, 0x40,
    0x40, 0x73, 0x74, 0x64, 0x40, 0x40, 0x51, 0x45, 0x41, 0x41, 0x41, 0x45, 0x41, 0x56, 0x30, 0x31, 0x40, 0x4E, 0x40, 0x5A, 0x00, 0x00, 0x83, 0x00, 0x3F, 0x3F,
    0x31, 0x3F, 0x24, 0x62, 0x61, 0x73, 0x69, 0x63, 0x5F, 0x69, 0x73, 0x74, 0x72, 0x65, 0x61, 0x6D, 0x40, 0x44, 0x55, 0x3F, 0x24, 0x63, 0x68, 0x61, 0x72, 0x5F,
    0x74, 0x72, 0x61, 0x69, 0x74, 0x73, 0x40, 0x44, 0x40, 0x73, 0x74, 0x64, 0x40, 0x40, 0x40, 0x73, 0x74, 0x64, 0x40, 0x40, 0x55, 0x45, 0x41, 0x41, 0x40, 0x58,
    0x5A, 0x00, 0xC3, 0x03, 0x3F, 0x67, 0x65, 0x74, 0x6C, 0x6F, 0x63, 0x40, 0x69, 0x6F, 0x73, 0x5F, 0x62, 0x61, 0x73, 0x65, 0x40, 0x73, 0x74, 0x64, 0x40, 0x40,
    0x51, 0x45, 0x42, 0x41, 0x3F, 0x41, 0x56, 0x6C, 0x6F, 0x63, 0x61, 0x6C, 0x65, 0x40, 0x32, 0x40, 0x58, 0x5A, 0x00, 0x00, 0xC5, 0x03, 0x3F, 0x67, 0x6F, 0x6F,
    0x64, 0x40, 0x69, 0x6F, 0x73, 0x5F, 0x62, 0x61, 0x73, 0x65, 0x40, 0x73, 0x74, 0x64, 0x40, 0x40, 0x51, 0x45, 0x42, 0x41, 0x5F, 0x4E, 0x58, 0x5A, 0x00, 0x00,
    0x32, 0x01, 0x3F, 0x3F, 0x42, 0x69, 0x6F, 0x73, 0x5F, 0x62, 0x61, 0x73, 0x65, 0x40, 0x73, 0x74, 0x64, 0x40, 0x40, 0x51, 0x45, 0x42, 0x41, 0x5F, 0x4E, 0x58,
    0x5A, 0x00, 0xB8, 0x01, 0x3F, 0x5F, 0x47, 0x65, 0x74, 0x63, 0x61, 0x74, 0x40, 0x3F, 0x24, 0x63, 0x74, 0x79, 0x70, 0x65, 0x40, 0x5F, 0x57, 0x40, 0x73, 0x74,
    0x64, 0x40, 0x40, 0x53, 0x41, 0x5F, 0x4B, 0x50, 0x45, 0x41, 0x50, 0x45, 0x42, 0x56, 0x66, 0x61, 0x63, 0x65, 0x74, 0x40, 0x6C, 0x6F, 0x63, 0x61, 0x6C, 0x65,
    0x40, 0x32, 0x40, 0x50, 0x45, 0x42, 0x56, 0x34, 0x32, 0x40, 0x40, 0x5A, 0x00, 0x00, 0x3C, 0x05, 0x3F, 0x77, 0x69, 0x64, 0x65, 0x6E, 0x40, 0x3F, 0x24, 0x63,
    0x74, 0x79, 0x70, 0x65, 0x40, 0x5F, 0x57, 0x40, 0x73, 0x74, 0x64, 0x40, 0x40, 0x51, 0x45, 0x42, 0x41, 0x5F, 0x57, 0x44, 0x40, 0x5A, 0x00, 0x00, 0x31, 0x01,
    0x3F, 0x3F, 0x42, 0x69, 0x64, 0x40, 0x6C, 0x6F, 0x63, 0x61, 0x6C, 0x65, 0x40, 0x73, 0x74, 0x64, 0x40, 0x40, 0x51, 0x45, 0x41, 0x41, 0x5F, 0x4B, 0x58, 0x5A,
    0x00, 0x00, 0x4D, 0x53, 0x56, 0x43, 0x50, 0x31, 0x34, 0x30, 0x2E, 0x64, 0x6C, 0x6C, 0x00, 0x00, 0x00, 0x00, 0x5F, 0x5F, 0x43, 0x78, 0x78, 0x46, 0x72, 0x61,
    0x6D, 0x65, 0x48, 0x61, 0x6E, 0x64, 0x6C, 0x65, 0x72, 0x34, 0x00, 0x00, 0x22, 0x00, 0x5F, 0x5F, 0x73, 0x74, 0x64, 0x5F, 0x65, 0x78, 0x63, 0x65, 0x70, 0x74,
    0x69, 0x6F, 0x6E, 0x5F, 0x64, 0x65, 0x73, 0x74, 0x72, 0x6F, 0x79, 0x00, 0x21, 0x00, 0x5F, 0x5F, 0x73, 0x74, 0x64, 0x5F, 0x65, 0x78, 0x63, 0x65, 0x70, 0x74,
    0x69, 0x6F, 0x6E, 0x5F, 0x63, 0x6F, 0x70, 0x79, 0x00, 0x00, 0x23, 0x00, 0x5F, 0x5F, 0x73, 0x74, 0x64, 0x5F, 0x74, 0x65, 0x72, 0x6D, 0x69, 0x6E, 0x61, 0x74,
    0x65, 0x00, 0x08, 0x00, 0x5F, 0x5F, 0x43, 0x5F, 0x73, 0x70, 0x65, 0x63, 0x69, 0x66, 0x69, 0x63, 0x5F, 0x68, 0x61, 0x6E, 0x64, 0x6C, 0x65, 0x72, 0x00, 0x00,
    0x01, 0x00, 0x5F, 0x43, 0x78, 0x78, 0x54, 0x68, 0x72, 0x6F, 0x77, 0x45, 0x78, 0x63, 0x65, 0x70, 0x74, 0x69, 0x6F, 0x6E, 0x00, 0x00, 0x1B, 0x00, 0x5F, 0x5F,
    0x63, 0x75, 0x72, 0x72, 0x65, 0x6E, 0x74, 0x5F, 0x65, 0x78, 0x63, 0x65, 0x70, 0x74, 0x69, 0x6F, 0x6E, 0x00, 0x1C, 0x00, 0x5F, 0x5F, 0x63, 0x75, 0x72, 0x72,
    0x65, 0x6E, 0x74, 0x5F, 0x65, 0x78, 0x63, 0x65, 0x70, 0x74, 0x69, 0x6F, 0x6E, 0x5F, 0x63, 0x6F, 0x6E, 0x74, 0x65, 0x78, 0x74, 0x00, 0x3E, 0x00, 0x6D, 0x65,
    0x6D, 0x73, 0x65, 0x74, 0x00, 0x00, 0x3C, 0x00, 0x6D, 0x65, 0x6D, 0x63, 0x70, 0x79, 0x00, 0x00, 0x56, 0x43, 0x52, 0x55, 0x4E, 0x54, 0x49, 0x4D, 0x45, 0x31,
    0x34, 0x30, 0x5F, 0x31, 0x2E, 0x64, 0x6C, 0x6C, 0x00, 0x00, 0x56, 0x43, 0x52, 0x55, 0x4E, 0x54, 0x49, 0x4D, 0x45, 0x31, 0x34, 0x30, 0x2E, 0x64, 0x6C, 0x6C,
    0x00, 0x00, 0x55, 0x00, 0x65, 0x78, 0x69, 0x74, 0x00, 0x00, 0x9A, 0x00, 0x74, 0x6F, 0x77, 0x6C, 0x6F, 0x77, 0x65, 0x72, 0x00, 0x00, 0x00, 0x00, 0x5F, 0x5F,
    0x61, 0x63, 0x72, 0x74, 0x5F, 0x69, 0x6F, 0x62, 0x5F, 0x66, 0x75, 0x6E, 0x63, 0x00, 0x4A, 0x00, 0x5F, 0x77, 0x63, 0x73, 0x69, 0x63, 0x6D, 0x70, 0x00, 0x00,
    0x14, 0x00, 0x5F, 0x62, 0x65, 0x67, 0x69, 0x6E, 0x74, 0x68, 0x72, 0x65, 0x61, 0x64, 0x65, 0x78, 0x00, 0x00, 0x6F, 0x00, 0x69, 0x73, 0x75, 0x70, 0x70, 0x65,
    0x72, 0x00, 0x07, 0x00, 0x5F, 0x5F, 0x73, 0x74, 0x64, 0x69, 0x6F, 0x5F, 0x63, 0x6F, 0x6D, 0x6D, 0x6F, 0x6E, 0x5F, 0x76, 0x66, 0x77, 0x70, 0x72, 0x69, 0x6E,
    0x74, 0x66, 0x00, 0x00, 0x64, 0x00, 0x73, 0x74, 0x72, 0x74, 0x6F, 0x75, 0x6C, 0x00, 0x65, 0x00, 0x69, 0x73, 0x61, 0x6C, 0x70, 0x68, 0x61, 0x00, 0x03, 0x00,
    0x5F, 0x5F, 0x73, 0x74, 0x64, 0x69, 0x6F, 0x5F, 0x63, 0x6F, 0x6D, 0x6D, 0x6F, 0x6E, 0x5F, 0x76, 0x66, 0x70, 0x72, 0x69, 0x6E, 0x74, 0x66, 0x00, 0x67, 0x00,
    0x74, 0x65, 0x72, 0x6D, 0x69, 0x6E, 0x61, 0x74, 0x65, 0x00, 0x21, 0x00, 0x5F, 0x65, 0x72, 0x72, 0x6E, 0x6F, 0x00, 0x00, 0x6E, 0x00, 0x69, 0x73, 0x73, 0x70,
    0x61, 0x63, 0x65, 0x00, 0x68, 0x00, 0x69, 0x73, 0x64, 0x69, 0x67, 0x69, 0x74, 0x00, 0x39, 0x00, 0x5F, 0x69, 0x6E, 0x76, 0x61, 0x6C, 0x69, 0x64, 0x5F, 0x70,
    0x61, 0x72, 0x61, 0x6D, 0x65, 0x74, 0x65, 0x72, 0x5F, 0x6E, 0x6F, 0x69, 0x6E, 0x66, 0x6F, 0x5F, 0x6E, 0x6F, 0x72, 0x65, 0x74, 0x75, 0x72, 0x6E, 0x00, 0x00,
    0x08, 0x00, 0x5F, 0x63, 0x61, 0x6C, 0x6C, 0x6E, 0x65, 0x77, 0x68, 0x00, 0x19, 0x00, 0x6D, 0x61, 0x6C, 0x6C, 0x6F, 0x63, 0x00, 0x00, 0x18, 0x00, 0x5F, 0x63,
    0x6F, 0x6E, 0x66, 0x69, 0x67, 0x75, 0x72, 0x65, 0x5F, 0x6E, 0x61, 0x72, 0x72, 0x6F, 0x77, 0x5F, 0x61, 0x72, 0x67, 0x76, 0x00, 0x00, 0x33, 0x00, 0x5F, 0x69,
    0x6E, 0x69, 0x74, 0x69, 0x61, 0x6C, 0x69, 0x7A, 0x65, 0x5F, 0x6E, 0x61, 0x72, 0x72, 0x6F, 0x77, 0x5F, 0x65, 0x6E, 0x76, 0x69, 0x72, 0x6F, 0x6E, 0x6D, 0x65,
    0x6E, 0x74, 0x00, 0x00, 0x34, 0x00, 0x5F, 0x69, 0x6E, 0x69, 0x74, 0x69, 0x61, 0x6C, 0x69, 0x7A, 0x65, 0x5F, 0x6F, 0x6E, 0x65, 0x78, 0x69, 0x74, 0x5F, 0x74,
    0x61, 0x62, 0x6C, 0x65, 0x00, 0x00, 0x3C, 0x00, 0x5F, 0x72, 0x65, 0x67, 0x69, 0x73, 0x74, 0x65, 0x72, 0x5F, 0x6F, 0x6E, 0x65, 0x78, 0x69, 0x74, 0x5F, 0x66,
    0x75, 0x6E, 0x63, 0x74, 0x69, 0x6F, 0x6E, 0x00, 0x1E, 0x00, 0x5F, 0x63, 0x72, 0x74, 0x5F, 0x61, 0x74, 0x65, 0x78, 0x69, 0x74, 0x00, 0x16, 0x00, 0x5F, 0x63,
    0x65, 0x78, 0x69, 0x74, 0x00, 0x00, 0x18, 0x00, 0x66, 0x72, 0x65, 0x65, 0x00, 0x00, 0x40, 0x00, 0x5F, 0x73, 0x65, 0x68, 0x5F, 0x66, 0x69, 0x6C, 0x74, 0x65,
    0x72, 0x5F, 0x65, 0x78, 0x65, 0x00, 0x42, 0x00, 0x5F, 0x73, 0x65, 0x74, 0x5F, 0x61, 0x70, 0x70, 0x5F, 0x74, 0x79, 0x70, 0x65, 0x00, 0x09, 0x00, 0x5F, 0x5F,
    0x73, 0x65, 0x74, 0x75, 0x73, 0x65, 0x72, 0x6D, 0x61, 0x74, 0x68, 0x65, 0x72, 0x72, 0x00, 0x00, 0x28, 0x00, 0x5F, 0x67, 0x65, 0x74, 0x5F, 0x69, 0x6E, 0x69,
    0x74, 0x69, 0x61, 0x6C, 0x5F, 0x6E, 0x61, 0x72, 0x72, 0x6F, 0x77, 0x5F, 0x65, 0x6E, 0x76, 0x69, 0x72, 0x6F, 0x6E, 0x6D, 0x65, 0x6E, 0x74, 0x00, 0x36, 0x00,
    0x5F, 0x69, 0x6E, 0x69, 0x74, 0x74, 0x65, 0x72, 0x6D, 0x00, 0x37, 0x00, 0x5F, 0x69, 0x6E, 0x69, 0x74, 0x74, 0x65, 0x72, 0x6D, 0x5F, 0x65, 0x00, 0x23, 0x00,
    0x5F, 0x65, 0x78, 0x69, 0x74, 0x00, 0x54, 0x00, 0x5F, 0x73, 0x65, 0x74, 0x5F, 0x66, 0x6D, 0x6F, 0x64, 0x65, 0x00, 0x00, 0x04, 0x00, 0x5F, 0x5F, 0x70, 0x5F,
    0x5F, 0x5F, 0x61, 0x72, 0x67, 0x63, 0x00, 0x00, 0x05, 0x00, 0x5F, 0x5F, 0x70, 0x5F, 0x5F, 0x5F, 0x61, 0x72, 0x67, 0x76, 0x00, 0x00, 0x15, 0x00, 0x5F, 0x63,
    0x5F, 0x65, 0x78, 0x69, 0x74, 0x00, 0x3D, 0x00, 0x5F, 0x72, 0x65, 0x67, 0x69, 0x73, 0x74, 0x65, 0x72, 0x5F, 0x74, 0x68, 0x72, 0x65, 0x61, 0x64, 0x5F, 0x6C,
    0x6F, 0x63, 0x61, 0x6C, 0x5F, 0x65, 0x78, 0x65, 0x5F, 0x61, 0x74, 0x65, 0x78, 0x69, 0x74, 0x5F, 0x63, 0x61, 0x6C, 0x6C, 0x62, 0x61, 0x63, 0x6B, 0x00, 0x00,
    0x08, 0x00, 0x5F, 0x63, 0x6F, 0x6E, 0x66, 0x69, 0x67, 0x74, 0x68, 0x72, 0x65, 0x61, 0x64, 0x6C, 0x6F, 0x63, 0x61, 0x6C, 0x65, 0x00, 0x16, 0x00, 0x5F, 0x73,
    0x65, 0x74, 0x5F, 0x6E, 0x65, 0x77, 0x5F, 0x6D, 0x6F, 0x64, 0x65, 0x00, 0x01, 0x00, 0x5F, 0x5F, 0x70, 0x5F, 0x5F, 0x63, 0x6F, 0x6D, 0x6D, 0x6F, 0x64, 0x65,
    0x00, 0x00, 0x61, 0x70, 0x69, 0x2D, 0x6D, 0x73, 0x2D, 0x77, 0x69, 0x6E, 0x2D, 0x63, 0x72, 0x74, 0x2D, 0x72, 0x75, 0x6E, 0x74, 0x69, 0x6D, 0x65, 0x2D, 0x6C,
    0x31, 0x2D, 0x31, 0x2D, 0x30, 0x2E, 0x64, 0x6C, 0x6C, 0x00, 0x61, 0x70, 0x69, 0x2D, 0x6D, 0x73, 0x2D, 0x77, 0x69, 0x6E, 0x2D, 0x63, 0x72, 0x74, 0x2D, 0x68,
    0x65, 0x61, 0x70, 0x2D, 0x6C, 0x31, 0x2D, 0x31, 0x2D, 0x30, 0x2E, 0x64, 0x6C, 0x6C, 0x00, 0x00, 0x61, 0x70, 0x69, 0x2D, 0x6D, 0x73, 0x2D, 0x77, 0x69, 0x6E,
    0x2D, 0x63, 0x72, 0x74, 0x2D, 0x73, 0x74, 0x72, 0x69, 0x6E, 0x67, 0x2D, 0x6C, 0x31, 0x2D, 0x31, 0x2D, 0x30, 0x2E, 0x64, 0x6C, 0x6C, 0x00, 0x00, 0x61, 0x70,
    0x69, 0x2D, 0x6D, 0x73, 0x2D, 0x77, 0x69, 0x6E, 0x2D, 0x63, 0x72, 0x74, 0x2D, 0x73, 0x74, 0x64, 0x69, 0x6F, 0x2D, 0x6C, 0x31, 0x2D, 0x31, 0x2D, 0x30, 0x2E,
    0x64, 0x6C, 0x6C, 0x00, 0x61, 0x70, 0x69, 0x2D, 0x6D, 0x73, 0x2D, 0x77, 0x69, 0x6E, 0x2D, 0x63, 0x72, 0x74, 0x2D, 0x63, 0x6F, 0x6E, 0x76, 0x65, 0x72, 0x74,
    0x2D, 0x6C, 0x31, 0x2D, 0x31, 0x2D, 0x30, 0x2E, 0x64, 0x6C, 0x6C, 0x00, 0x61, 0x70, 0x69, 0x2D, 0x6D, 0x73, 0x2D, 0x77, 0x69, 0x6E, 0x2D, 0x63, 0x72, 0x74,
    0x2D, 0x6D, 0x61, 0x74, 0x68, 0x2D, 0x6C, 0x31, 0x2D, 0x31, 0x2D, 0x30, 0x2E, 0x64, 0x6C, 0x6C, 0x00, 0x00, 0x61, 0x70, 0x69, 0x2D, 0x6D, 0x73, 0x2D, 0x77,
    0x69, 0x6E, 0x2D, 0x63, 0x72, 0x74, 0x2D, 0x6C, 0x6F, 0x63, 0x61, 0x6C, 0x65, 0x2D, 0x6C, 0x31, 0x2D, 0x31, 0x2D, 0x30, 0x2E, 0x64, 0x6C, 0x6C, 0x00, 0x00,
    0xF5, 0x04, 0x52, 0x74, 0x6C, 0x43, 0x61, 0x70, 0x74, 0x75, 0x72, 0x65, 0x43, 0x6F, 0x6E, 0x74, 0x65, 0x78, 0x74, 0x00, 0xFD, 0x04, 0x52, 0x74, 0x6C, 0x4C,
    0x6F, 0x6F, 0x6B, 0x75, 0x70, 0x46, 0x75, 0x6E, 0x63, 0x74, 0x69, 0x6F, 0x6E, 0x45, 0x6E, 0x74, 0x72, 0x79, 0x00, 0x00, 0x04, 0x05, 0x52, 0x74, 0x6C, 0x56,
    0x69, 0x72, 0x74, 0x75, 0x61, 0x6C, 0x55, 0x6E, 0x77, 0x69, 0x6E, 0x64, 0x00, 0x00, 0xA0, 0x03, 0x49, 0x73, 0x44, 0x65, 0x62, 0x75, 0x67, 0x67, 0x65, 0x72,
    0x50, 0x72, 0x65, 0x73, 0x65, 0x6E, 0x74, 0x00, 0xE6, 0x05, 0x55, 0x6E, 0x68, 0x61, 0x6E, 0x64, 0x6C, 0x65, 0x64, 0x45, 0x78, 0x63, 0x65, 0x70, 0x74, 0x69,
    0x6F, 0x6E, 0x46, 0x69, 0x6C, 0x74, 0x65, 0x72, 0x00, 0x00, 0xA4, 0x05, 0x53, 0x65, 0x74, 0x55, 0x6E, 0x68, 0x61, 0x6E, 0x64, 0x6C, 0x65, 0x64, 0x45, 0x78,
    0x63, 0x65, 0x70, 0x74, 0x69, 0x6F, 0x6E, 0x46, 0x69, 0x6C, 0x74, 0x65, 0x72, 0x00, 0xA8, 0x03, 0x49, 0x73, 0x50, 0x72, 0x6F, 0x63, 0x65, 0x73, 0x73, 0x6F,
    0x72, 0x46, 0x65, 0x61, 0x74, 0x75, 0x72, 0x65, 0x50, 0x72, 0x65, 0x73, 0x65, 0x6E, 0x74, 0x00, 0x95, 0x02, 0x47, 0x65, 0x74, 0x4D, 0x6F, 0x64, 0x75, 0x6C,
    0x65, 0x48, 0x61, 0x6E, 0x64, 0x6C, 0x65, 0x57, 0x00, 0x00, 0x37, 0x02, 0x47, 0x65, 0x74, 0x43, 0x75, 0x72, 0x72, 0x65, 0x6E, 0x74, 0x54, 0x68, 0x72, 0x65,
    0x61, 0x64, 0x49, 0x64, 0x00, 0x00, 0x0A, 0x03, 0x47, 0x65, 0x74, 0x53, 0x79, 0x73, 0x74, 0x65, 0x6D, 0x54, 0x69, 0x6D, 0x65, 0x41, 0x73, 0x46, 0x69, 0x6C,
    0x65, 0x54, 0x69, 0x6D, 0x65, 0x00, 0x8A, 0x03, 0x49, 0x6E, 0x69, 0x74, 0x69, 0x61, 0x6C, 0x69, 0x7A, 0x65, 0x53, 0x4C, 0x69, 0x73, 0x74, 0x48, 0x65, 0x61,
    0x64, 0x00, 0xC4, 0x05, 0x54, 0x65, 0x72, 0x6D, 0x69, 0x6E, 0x61, 0x74, 0x65, 0x50, 0x72, 0x6F, 0x63, 0x65, 0x73, 0x73, 0x00, 0x00, 0x3B, 0x00, 0x6D, 0x65,
    0x6D, 0x63, 0x6D, 0x70, 0x00, 0x00, 0x3D, 0x00, 0x6D, 0x65, 0x6D, 0x6D, 0x6F, 0x76, 0x65, 0x00, 0x00, 0x00, 0x00, 0x00, 0x00, 0x00, 0x00, 0x00, 0x00, 0x00,
    0x00, 0x00, 0x00, 0x00, 0x00, 0x00, 0x00, 0x00, 0x00, 0x00, 0x00, 0x00, 0x00, 0x00, 0x00, 0x00, 0x00, 0x00, 0x00, 0x00, 0x00, 0x00, 0x00, 0x00, 0x00, 0x00,
    0x00, 0x00, 0x00, 0x00, 0x00, 0x00, 0x00, 0x00, 0x00, 0x00, 0x00, 0x00, 0x00, 0x00, 0x00, 0x00, 0x00, 0x00, 0x00, 0x00, 0x00, 0x00, 0x00, 0x00, 0x00, 0x00,
    0x00, 0x00, 0x00, 0x00, 0x00, 0x00, 0x00, 0x00, 0x00, 0x00, 0x00, 0x00, 0x00, 0x00, 0x00, 0x00, 0x00, 0x00, 0x00, 0x00, 0x00, 0x00, 0x00, 0x00, 0x00, 0x00,
    0x00, 0x00, 0x00, 0x00, 0x00, 0x00, 0x00, 0x00, 0x00, 0x00, 0x00, 0x00, 0x00, 0x00, 0x00, 0x00, 0x00, 0x00, 0x00, 0x00, 0x00, 0x00, 0x00, 0x00, 0x00, 0x00,
    0x00, 0x00, 0x00, 0x00, 0x00, 0x00, 0x00, 0x00, 0x00, 0x00, 0x00, 0x00, 0x00, 0x00, 0x00, 0x00, 0x00, 0x00, 0x00, 0x00, 0x00, 0x00, 0x00, 0x00, 0x00, 0x00,
    0x00, 0x00, 0x00, 0x00, 0x00, 0x00, 0x00, 0x00, 0x00, 0x00, 0x00, 0x00, 0x00, 0x00, 0x00, 0x00, 0x00, 0x00, 0x00, 0x00, 0x00, 0x00, 0x00, 0x00, 0x00, 0x00,
    0x00, 0x00, 0x00, 0x00, 0x00, 0x00, 0x00, 0x00, 0x00, 0x00, 0x00, 0x00, 0x00, 0x00, 0x00, 0x00, 0x00, 0x00, 0x00, 0x00, 0x00, 0x00, 0x00, 0x00, 0x00, 0x00,
    0x00, 0x00, 0x00, 0x00, 0x00, 0x00, 0x00, 0x00, 0x00, 0x00, 0x00, 0x00, 0x00, 0x00, 0x00, 0x00, 0x00, 0x00, 0x00, 0x00, 0x00, 0x00, 0x00, 0x00, 0x00, 0x00,
    0x00, 0x00, 0x00, 0x00, 0x00, 0x00, 0x00, 0x00, 0x00, 0x00, 0x00, 0x00, 0x00, 0x00, 0x00, 0x00, 0x00, 0x00, 0x00, 0x00, 0x00, 0x00, 0x00, 0x00, 0x00, 0x00,
    0x00, 0x00, 0x00, 0x00, 0x00, 0x00, 0x00, 0x00, 0x00, 0x00, 0x00, 0x00, 0x00, 0x00, 0x00, 0x00, 0x00, 0x00, 0x00, 0x00, 0x00, 0x00, 0x00, 0x00, 0x00, 0x00,
    0x00, 0x00, 0x00, 0x00, 0x00, 0x00, 0x00, 0x00, 0x00, 0x00, 0x00, 0x00, 0x00, 0x00, 0x00, 0x00, 0x00, 0x00, 0x00, 0x00, 0x00, 0x00, 0x00, 0x00, 0x00, 0x00,
    0x00, 0x00, 0x00, 0x00, 0x00, 0x00, 0x00, 0x00, 0x00, 0x00, 0x00, 0x00, 0x00, 0x00, 0x00, 0x00, 0x00, 0x00, 0x00, 0x00, 0x00, 0x00, 0x00, 0x00, 0x00, 0x00,
    0x00, 0x00, 0x00, 0x00, 0x00, 0x00, 0x00, 0x00, 0x00, 0x00, 0x00, 0x00, 0x00, 0x00, 0x00, 0x00, 0x00, 0x00, 0x00, 0x00, 0x00, 0x00, 0x00, 0x00, 0x00, 0x00,
    0x00, 0x00, 0x00, 0x00, 0x00, 0x00, 0x00, 0x00, 0x00, 0x00, 0x00, 0x00, 0x00, 0x00, 0x00, 0x00, 0x00, 0x00, 0x00, 0x00, 0x00, 0x00, 0x00, 0x00, 0x00, 0x00,
    0x00, 0x00, 0x00, 0x00, 0x00, 0x00, 0x00, 0x00, 0x00, 0x00, 0x00, 0x00, 0x00, 0x00, 0x00, 0x00, 0x00, 0x00, 0x00, 0x00, 0x00, 0x00, 0x00, 0x00, 0x00, 0x00,
    0x00, 0x00, 0xFF, 0xFF, 0xFF, 0xFF, 0x00, 0x00, 0x00, 0x00, 0xFF, 0xFF, 0xFF, 0xFF, 0xFF, 0xFF, 0xFF, 0xFF, 0x01, 0x00, 0x00, 0x00, 0x02, 0x00, 0x00, 0x00,
    0x00, 0x00, 0x08, 0x00, 0x00, 0x00, 0x00, 0x00, 0x00, 0x00, 0x00, 0x02, 0x00, 0x00, 0x00, 0x00, 0x01, 0x00, 0x00, 0x00, 0x00, 0x00, 0x00, 0x00, 0x00, 0x00,
    0x00, 0x00, 0x00, 0x00, 0x00, 0x00, 0x00, 0x00, 0x00, 0x00, 0x00, 0x00, 0x00, 0x00, 0x32, 0xA2, 0xDF, 0x2D, 0x99, 0x2B, 0x00, 0x00, 0x00, 0x00, 0x00, 0x00,
    0x00, 0x00, 0x00, 0x00, 0x00, 0x00, 0x00, 0x00, 0x00, 0x00, 0x00, 0x00, 0x00, 0x00, 0x00, 0x00, 0x00, 0x00, 0x00, 0x00, 0x00, 0x00, 0x00, 0x00, 0x00, 0x00,
    0x00, 0x00, 0x00, 0x00, 0x00, 0x00, 0x00, 0x00, 0x00, 0x00, 0x00, 0x00, 0x00, 0x00, 0x00, 0x00, 0x00, 0x00, 0x00, 0x00, 0x00, 0x00, 0x00, 0x00, 0x00, 0x00,
    0xCD, 0x5D, 0x20, 0xD2, 0x66, 0xD4, 0xFF, 0xFF, 0x00, 0x00, 0x00, 0x00, 0x00, 0x00, 0x00, 0x00, 0x75, 0x98, 0x00, 0x00, 0x01, 0x00, 0x00, 0x00, 0x00, 0x00,
    0x00, 0x00, 0x00, 0x00, 0x00, 0x00, 0x58, 0x85, 0x00, 0x40, 0x01, 0x00, 0x00, 0x00, 0x00, 0x00, 0x00, 0x00, 0x00, 0x00, 0x00, 0x00, 0x2E, 0x3F, 0x41, 0x56,
    0x62, 0x61, 0x64, 0x5F, 0x61, 0x6C, 0x6C, 0x6F, 0x63, 0x40, 0x73, 0x74, 0x64, 0x40, 0x40, 0x00, 0x00, 0x00, 0x00, 0x00, 0x58, 0x85, 0x00, 0x40, 0x01, 0x00,
    0x00, 0x00, 0x00, 0x00, 0x00, 0x00, 0x00, 0x00, 0x00, 0x00, 0x2E, 0x3F, 0x41, 0x56, 0x62, 0x61, 0x64, 0x5F, 0x63, 0x61, 0x73, 0x74, 0x40, 0x73, 0x74, 0x64,
    0x40, 0x40, 0x00, 0x00, 0x00, 0x00, 0x00, 0x00, 0x58, 0x85, 0x00, 0x40, 0x01, 0x00, 0x00, 0x00, 0x00, 0x00, 0x00, 0x00, 0x00, 0x00, 0x00, 0x00, 0x2E, 0x3F,
    0x41, 0x56, 0x65, 0x78, 0x63, 0x65, 0x70, 0x74, 0x69, 0x6F, 0x6E, 0x40, 0x73, 0x74, 0x64, 0x40, 0x40, 0x00, 0x00, 0x00, 0x00, 0x00, 0x58, 0x85, 0x00, 0x40,
    0x01, 0x00, 0x00, 0x00, 0x00, 0x00, 0x00, 0x00, 0x00, 0x00, 0x00, 0x00, 0x2E, 0x3F, 0x41, 0x56, 0x62, 0x61, 0x64, 0x5F, 0x61, 0x72, 0x72, 0x61, 0x79, 0x5F,
    0x6E, 0x65, 0x77, 0x5F, 0x6C, 0x65, 0x6E, 0x67, 0x74, 0x68, 0x40, 0x73, 0x74, 0x64, 0x40, 0x40, 0x00, 0x00, 0x58, 0x85, 0x00, 0x40, 0x01, 0x00, 0x00, 0x00,
    0x00, 0x00, 0x00, 0x00, 0x00, 0x00, 0x00, 0x00, 0x2E, 0x3F, 0x41, 0x56, 0x74, 0x79, 0x70, 0x65, 0x5F, 0x69, 0x6E, 0x66, 0x6F, 0x40, 0x40, 0x00, 0x00, 0x00,
    0x00, 0x00, 0x00, 0x00, 0x00, 0x00, 0x00, 0x00, 0x00, 0x00, 0x00, 0x00, 0x00, 0x00, 0x00, 0x00, 0x00, 0x00, 0x00, 0x00, 0x00, 0x00, 0x00, 0x00, 0x00, 0x00,
    0x00, 0x00, 0x00, 0x00, 0x00, 0x00, 0x00, 0x00, 0x00, 0x00, 0x00, 0x00, 0x00, 0x00, 0x00, 0x00, 0x00, 0x00, 0x00, 0x00, 0x00, 0x00, 0x00, 0x00, 0x00, 0x00,
    0x00, 0x00, 0x00, 0x00, 0x00, 0x00, 0x00, 0x00, 0x00, 0x00, 0x00, 0x00, 0x00, 0x00, 0x00, 0x00, 0x00, 0x00, 0x00, 0x00, 0x00, 0x00, 0x00, 0x00, 0x00, 0x00,
    0x00, 0x00, 0x00, 0x00, 0x00, 0x00, 0x00, 0x00, 0x00, 0x00, 0x00, 0x00, 0x00, 0x00, 0x00, 0x00, 0x00, 0x00, 0x00, 0x00, 0x00, 0x00, 0x00, 0x00, 0x00, 0x00,
    0x00, 0x00, 0x00, 0x00, 0x00, 0x00, 0x00, 0x00, 0x00, 0x00, 0x00, 0x00, 0x00, 0x00, 0x00, 0x00, 0x00, 0x00, 0x00, 0x00, 0x00, 0x00, 0x00, 0x00, 0x00, 0x00,
    0x00, 0x00, 0x00, 0x00, 0x00, 0x00, 0x00, 0x00, 0x00, 0x00, 0x00, 0x00, 0x00, 0x00, 0x00, 0x00, 0x00, 0x00, 0x00, 0x00, 0x00, 0x10, 0x00, 0x00, 0x9F, 0x10,
    0x00, 0x00, 0x30, 0x94, 0x00, 0x00, 0xC0, 0x10, 0x00, 0x00, 0x56, 0x11, 0x00, 0x00, 0xA0, 0x91, 0x00, 0x00, 0x56, 0x11, 0x00, 0x00, 0x5E, 0x11, 0x00, 0x00,
    0xA8, 0x91, 0x00, 0x00, 0x5E, 0x11, 0x00, 0x00, 0x30, 0x12, 0x00, 0x00, 0xBC, 0x91, 0x00, 0x00, 0x30, 0x12, 0x00, 0x00, 0xC3, 0x12, 0x00, 0x00, 0xE0, 0x91,
    0x00, 0x00, 0xC3, 0x12, 0x00, 0x00, 0xD8, 0x12, 0x00, 0x00, 0xFC, 0x91, 0x00, 0x00, 0xE0, 0x12, 0x00, 0x00, 0x21, 0x13, 0x00, 0x00, 0x0C, 0x92, 0x00, 0x00,
    0x30, 0x13, 0x00, 0x00, 0x63, 0x13, 0x00, 0x00, 0x0C, 0x92, 0x00, 0x00, 0xA0, 0x13, 0x00, 0x00, 0xE6, 0x13, 0x00, 0x00, 0x14, 0x92, 0x00, 0x00, 0x60, 0x14,
    0x00, 0x00, 0xB2, 0x14, 0x00, 0x00, 0x20, 0x92, 0x00, 0x00, 0xC0, 0x14, 0x00, 0x00, 0x12, 0x15, 0x00, 0x00, 0x20, 0x92, 0x00, 0x00, 0x50, 0x15, 0x00, 0x00,
    0x70, 0x15, 0x00, 0x00, 0x2C, 0x92, 0x00, 0x00, 0x70, 0x15, 0x00, 0x00, 0xAD, 0x15, 0x00, 0x00, 0x0C, 0x92, 0x00, 0x00, 0xB0, 0x15, 0x00, 0x00, 0xD0, 0x15,
    0x00, 0x00, 0x2C, 0x92, 0x00, 0x00, 0xD0, 0x15, 0x00, 0x00, 0x0D, 0x16, 0x00, 0x00, 0x0C, 0x92, 0x00, 0x00, 0x10, 0x16, 0x00, 0x00, 0x4D, 0x16, 0x00, 0x00,
    0x0C, 0x92, 0x00, 0x00, 0x60, 0x16, 0x00, 0x00, 0x72, 0x16, 0x00, 0x00, 0x34, 0x92, 0x00, 0x00, 0x80, 0x16, 0x00, 0x00, 0xAF, 0x16, 0x00, 0x00, 0x34, 0x92,
    0x00, 0x00, 0xC0, 0x16, 0x00, 0x00, 0x3A, 0x18, 0x00, 0x00, 0x3C, 0x92, 0x00, 0x00, 0x40, 0x18, 0x00, 0x00, 0x8E, 0x1D, 0x00, 0x00, 0x50, 0x92, 0x00, 0x00,
    0xA0, 0x1D, 0x00, 0x00, 0x5C, 0x27, 0x00, 0x00, 0x98, 0x92, 0x00, 0x00, 0x60, 0x27, 0x00, 0x00, 0xBE, 0x27, 0x00, 0x00, 0x4C, 0x93, 0x00, 0x00, 0xC0, 0x27,
    0x00, 0x00, 0x8D, 0x31, 0x00, 0x00, 0x54, 0x93, 0x00, 0x00, 0xA0, 0x31, 0x00, 0x00, 0xB6, 0x31, 0x00, 0x00, 0x34, 0x92, 0x00, 0x00, 0xC0, 0x31, 0x00, 0x00,
    0x3F, 0x32, 0x00, 0x00, 0xF4, 0x93, 0x00, 0x00, 0x3F, 0x32, 0x00, 0x00, 0x83, 0x34, 0x00, 0x00, 0x08, 0x94, 0x00, 0x00, 0x83, 0x34, 0x00, 0x00, 0x97, 0x34,
    0x00, 0x00, 0x20, 0x94, 0x00, 0x00, 0xA0, 0x34, 0x00, 0x00, 0xD2, 0x34, 0x00, 0x00, 0x3C, 0x94, 0x00, 0x00, 0xD2, 0x34, 0x00, 0x00, 0x85, 0x37, 0x00, 0x00,
    0x48, 0x94, 0x00, 0x00, 0x85, 0x37, 0x00, 0x00, 0x93, 0x37, 0x00, 0x00, 0x70, 0x94, 0x00, 0x00, 0xA0, 0x37, 0x00, 0x00, 0x57, 0x3A, 0x00, 0x00, 0x80, 0x94,
    0x00, 0x00, 0x60, 0x3A, 0x00, 0x00, 0xC0, 0x3A, 0x00, 0x00, 0x0C, 0x92, 0x00, 0x00, 0xC0, 0x3A, 0x00, 0x00, 0xFE, 0x3B, 0x00, 0x00, 0xDC, 0x94, 0x00, 0x00,
    0x00, 0x3C, 0x00, 0x00, 0x8E, 0x3D, 0x00, 0x00, 0xF0, 0x94, 0x00, 0x00, 0x80, 0x3E, 0x00, 0x00, 0x95, 0x40, 0x00, 0x00, 0x04, 0x95, 0x00, 0x00, 0xA0, 0x40,
    0x00, 0x00, 0x90, 0x41, 0x00, 0x00, 0x1C, 0x95, 0x00, 0x00, 0xA0, 0x41, 0x00, 0x00, 0x00, 0x42, 0x00, 0x00, 0x0C, 0x92, 0x00, 0x00, 0x00, 0x42, 0x00, 0x00,
    0x67, 0x42, 0x00, 0x00, 0x0C, 0x92, 0x00, 0x00, 0x80, 0x42, 0x00, 0x00, 0xE7, 0x42, 0x00, 0x00, 0x0C, 0x92, 0x00, 0x00, 0x00, 0x43, 0x00, 0x00, 0x34, 0x43,
    0x00, 0x00, 0x34, 0x95, 0x00, 0x00, 0x40, 0x43, 0x00, 0x00, 0xD4, 0x43, 0x00, 0x00, 0x40, 0x95, 0x00, 0x00, 0xE0, 0x43, 0x00, 0x00, 0x1E, 0x44, 0x00, 0x00,
    0x50, 0x95, 0x00, 0x00, 0x20, 0x44, 0x00, 0x00, 0x5E, 0x44, 0x00, 0x00, 0x50, 0x95, 0x00, 0x00, 0x60, 0x44, 0x00, 0x00, 0x84, 0x44, 0x00, 0x00, 0x74, 0x95,
    0x00, 0x00, 0xA0, 0x44, 0x00, 0x00, 0xD4, 0x44, 0x00, 0x00, 0x8C, 0x95, 0x00, 0x00, 0xD4, 0x44, 0x00, 0x00, 0xE0, 0x45, 0x00, 0x00, 0xA0, 0x95, 0x00, 0x00,
    0xE0, 0x45, 0x00, 0x00, 0xE6, 0x45, 0x00, 0x00, 0xB4, 0x95, 0x00, 0x00, 0x00, 0x46, 0x00, 0x00, 0x5C, 0x46, 0x00, 0x00, 0xC4, 0x95, 0x00, 0x00, 0x5C, 0x46,
    0x00, 0x00, 0x4E, 0x47, 0x00, 0x00, 0xD8, 0x95, 0x00, 0x00, 0x4E, 0x47, 0x00, 0x00, 0x64, 0x47, 0x00, 0x00, 0xEC, 0x95, 0x00, 0x00, 0x64, 0x47, 0x00, 0x00,
    0x6B, 0x47, 0x00, 0x00, 0xFC, 0x95, 0x00, 0x00, 0x6B, 0x47, 0x00, 0x00, 0x71, 0x47, 0x00, 0x00, 0xEC, 0x95, 0x00, 0x00, 0x71, 0x47, 0x00, 0x00, 0x77, 0x47,
    0x00, 0x00, 0xFC, 0x95, 0x00, 0x00, 0x80, 0x47, 0x00, 0x00, 0x61, 0x49, 0x00, 0x00, 0x10, 0x96, 0x00, 0x00, 0x80, 0x49, 0x00, 0x00, 0x12, 0x4C, 0x00, 0x00,
    0x74, 0x96, 0x00, 0x00, 0x20, 0x4C, 0x00, 0x00, 0x10, 0x4E, 0x00, 0x00, 0xD8, 0x96, 0x00, 0x00, 0x20, 0x4E, 0x00, 0x00, 0x06, 0x4F, 0x00, 0x00, 0x38, 0x97,
    0x00, 0x00, 0x20, 0x4F, 0x00, 0x00, 0x07, 0x50, 0x00, 0x00, 0x70, 0x97, 0x00, 0x00, 0x20, 0x50, 0x00, 0x00, 0x53, 0x50, 0x00, 0x00, 0x80, 0x97, 0x00, 0x00,
    0x53, 0x50, 0x00, 0x00, 0x88, 0x51, 0x00, 0x00, 0x90, 0x97, 0x00, 0x00, 0x88, 0x51, 0x00, 0x00, 0x8E, 0x51, 0x00, 0x00, 0xAC, 0x97, 0x00, 0x00, 0x8E, 0x51,
    0x00, 0x00, 0x94, 0x51, 0x00, 0x00, 0xBC, 0x97, 0x00, 0x00, 0xA0, 0x51, 0x00, 0x00, 0xF7, 0x51, 0x00, 0x00, 0x8C, 0x95, 0x00, 0x00, 0xF7, 0x51, 0x00, 0x00,
    0x98, 0x52, 0x00, 0x00, 0xD8, 0x97, 0x00, 0x00, 0x98, 0x52, 0x00, 0x00, 0xB4, 0x52, 0x00, 0x00, 0xEC, 0x97, 0x00, 0x00, 0xB4, 0x52, 0x00, 0x00, 0xBA, 0x52,
    0x00, 0x00, 0xFC, 0x97, 0x00, 0x00, 0xC0, 0x52, 0x00, 0x00, 0xF5, 0x52, 0x00, 0x00, 0x10, 0x98, 0x00, 0x00, 0xF5, 0x52, 0x00, 0x00, 0x40, 0x54, 0x00, 0x00,
    0x20, 0x98, 0x00, 0x00, 0x40, 0x54, 0x00, 0x00, 0x46, 0x54, 0x00, 0x00, 0x3C, 0x98, 0x00, 0x00, 0x46, 0x54, 0x00, 0x00, 0x4C, 0x54, 0x00, 0x00, 0x4C, 0x98,
    0x00, 0x00, 0x80, 0x54, 0x00, 0x00, 0x14, 0x56, 0x00, 0x00, 0x68, 0x98, 0x00, 0x00, 0x20, 0x56, 0x00, 0x00, 0xE8, 0x57, 0x00, 0x00, 0xC8, 0x98, 0x00, 0x00,
    0x00, 0x58, 0x00, 0x00, 0x56, 0x59, 0x00, 0x00, 0x10, 0x99, 0x00, 0x00, 0x60, 0x59, 0x00, 0x00, 0xB3, 0x59, 0x00, 0x00, 0x28, 0x99, 0x00, 0x00, 0xB3, 0x59,
    0x00, 0x00, 0x00, 0x5B, 0x00, 0x00, 0x3C, 0x99, 0x00, 0x00, 0x00, 0x5B, 0x00, 0x00, 0x0D, 0x5B, 0x00, 0x00, 0x54, 0x99, 0x00, 0x00, 0x0D, 0x5B, 0x00, 0x00,
    0x13, 0x5B, 0x00, 0x00, 0x64, 0x99, 0x00, 0x00, 0x20, 0x5B, 0x00, 0x00, 0x63, 0x5B, 0x00, 0x00, 0x7C, 0x99, 0x00, 0x00, 0x63, 0x5B, 0x00, 0x00, 0xC0, 0x5C,
    0x00, 0x00, 0x8C, 0x99, 0x00, 0x00, 0xC0, 0x5C, 0x00, 0x00, 0xCD, 0x5C, 0x00, 0x00, 0xAC, 0x99, 0x00, 0x00, 0xCD, 0x5C, 0x00, 0x00, 0xD3, 0x5C, 0x00, 0x00,
    0xBC, 0x99, 0x00, 0x00, 0xE0, 0x5C, 0x00, 0x00, 0x04, 0x5D, 0x00, 0x00, 0xDC, 0x99, 0x00, 0x00, 0x40, 0x5D, 0x00, 0x00, 0x52, 0x5D, 0x00, 0x00, 0x34, 0x92,
    0x00, 0x00, 0x60, 0x5D, 0x00, 0x00, 0x86, 0x5D, 0x00, 0x00, 0xF8, 0x99, 0x00, 0x00, 0x68, 0x5F, 0x00, 0x00, 0xA4, 0x5F, 0x00, 0x00, 0x0C, 0x92, 0x00, 0x00,
    0xA4, 0x5F, 0x00, 0x00, 0xDD, 0x5F, 0x00, 0x00, 0x34, 0x92, 0x00, 0x00, 0xE0, 0x5F, 0x00, 0x00, 0x1A, 0x60, 0x00, 0x00, 0x34, 0x92, 0x00, 0x00, 0x1C, 0x60,
    0x00, 0x00, 0xA7, 0x60, 0x00, 0x00, 0x0C, 0x92, 0x00, 0x00, 0xA8, 0x60, 0x00, 0x00, 0x40, 0x61, 0x00, 0x00, 0x10, 0x9A, 0x00, 0x00, 0x40, 0x61, 0x00, 0x00,
    0x64, 0x61, 0x00, 0x00, 0x0C, 0x92, 0x00, 0x00, 0x64, 0x61, 0x00, 0x00, 0x8D, 0x61, 0x00, 0x00, 0x0C, 0x92, 0x00, 0x00, 0x90, 0x61, 0x00, 0x00, 0xCA, 0x61,
    0x00, 0x00, 0x0C, 0x92, 0x00, 0x00, 0xCC, 0x61, 0x00, 0x00, 0xE3, 0x61, 0x00, 0x00, 0x34, 0x92, 0x00, 0x00, 0xF4, 0x61, 0x00, 0x00, 0x1F, 0x62, 0x00, 0x00,
    0x0C, 0x92, 0x00, 0x00, 0x20, 0x62, 0x00, 0x00, 0xD6, 0x62, 0x00, 0x00, 0x0C, 0x92, 0x00, 0x00, 0xD8, 0x62, 0x00, 0x00, 0xE8, 0x62, 0x00, 0x00, 0x34, 0x92,
    0x00, 0x00, 0xE8, 0x62, 0x00, 0x00, 0x01, 0x63, 0x00, 0x00, 0x34, 0x92, 0x00, 0x00, 0x04, 0x63, 0x00, 0x00, 0x80, 0x64, 0x00, 0x00, 0x38, 0x9A, 0x00, 0x00,
    0x80, 0x64, 0x00, 0x00, 0x92, 0x64, 0x00, 0x00, 0x34, 0x92, 0x00, 0x00, 0xB4, 0x64, 0x00, 0x00, 0xD4, 0x64, 0x00, 0x00, 0x2C, 0x92, 0x00, 0x00, 0xD4, 0x64,
    0x00, 0x00, 0xF4, 0x64, 0x00, 0x00, 0x2C, 0x92, 0x00, 0x00, 0xF4, 0x64, 0x00, 0x00, 0xBE, 0x67, 0x00, 0x00, 0x70, 0x9A, 0x00, 0x00, 0xDC, 0x67, 0x00, 0x00,
    0x24, 0x69, 0x00, 0x00, 0x84, 0x9A, 0x00, 0x00, 0x30, 0x69, 0x00, 0x00, 0x81, 0x69, 0x00, 0x00, 0x34, 0x92, 0x00, 0x00, 0x94, 0x69, 0x00, 0x00, 0xEF, 0x69,
    0x00, 0x00, 0x34, 0x95, 0x00, 0x00, 0xF4, 0x69, 0x00, 0x00, 0xA0, 0x6A, 0x00, 0x00, 0x94, 0x9A, 0x00, 0x00, 0xC4, 0x6A, 0x00, 0x00, 0xDF, 0x6A, 0x00, 0x00,
    0x34, 0x92, 0x00, 0x00, 0xFC, 0x6A, 0x00, 0x00, 0x38, 0x6B, 0x00, 0x00, 0x34, 0x95, 0x00, 0x00, 0x38, 0x6B, 0x00, 0x00, 0x74, 0x6B, 0x00, 0x00, 0x34, 0x95,
    0x00, 0x00, 0x9C, 0x6C, 0x00, 0x00, 0xD4, 0x6C, 0x00, 0x00, 0x0C, 0x92, 0x00, 0x00, 0xF0, 0x6D, 0x00, 0x00, 0x0E, 0x6E, 0x00, 0x00, 0xB0, 0x9A, 0x00, 0x00,
    0x10, 0x6E, 0x00, 0x00, 0x44, 0x6E, 0x00, 0x00, 0x0C, 0x92, 0x00, 0x00, 0x44, 0x6E, 0x00, 0x00, 0x17, 0x6F, 0x00, 0x00, 0xB4, 0x9A, 0x00, 0x00, 0x18, 0x6F,
    0x00, 0x00, 0x89, 0x6F, 0x00, 0x00, 0xBC, 0x9A, 0x00, 0x00, 0xA0, 0x6F, 0x00, 0x00, 0xEE, 0x6F, 0x00, 0x00, 0xC8, 0x9A, 0x00, 0x00, 0x10, 0x70, 0x00, 0x00,
    0x12, 0x70, 0x00, 0x00, 0xA0, 0x9A, 0x00, 0x00, 0x30, 0x70, 0x00, 0x00, 0x36, 0x70, 0x00, 0x00, 0xA8, 0x9A, 0x00, 0x00, 0x60, 0x70, 0x00, 0x00, 0x8B, 0x70,
    0x00, 0x00, 0x38, 0x93, 0x00, 0x00, 0xA5, 0x70, 0x00, 0x00, 0xD6, 0x70, 0x00, 0x00, 0x38, 0x93, 0x00, 0x00, 0x11, 0x71, 0x00, 0x00, 0x98, 0x71, 0x00, 0x00,
    0x40, 0x93, 0x00, 0x00, 0xC0, 0x71, 0x00, 0x00, 0xEB, 0x71, 0x00, 0x00, 0x38, 0x93, 0x00, 0x00, 0x05, 0x72, 0x00, 0x00, 0x36, 0x72, 0x00, 0x00, 0x38, 0x93,
    0x00, 0x00, 0x71, 0x72, 0x00, 0x00, 0x9A, 0x72, 0x00, 0x00, 0x38, 0x93, 0x00, 0x00, 0x9A, 0x72, 0x00, 0x00, 0xC3, 0x72, 0x00, 0x00, 0x38, 0x93, 0x00, 0x00,
    0xDB, 0x72, 0x00, 0x00, 0x01, 0x73, 0x00, 0x00, 0x38, 0x93, 0x00, 0x00, 0x78, 0x73, 0x00, 0x00, 0xB8, 0x73, 0x00, 0x00, 0x6C, 0x96, 0x00, 0x00, 0xE5, 0x73,
    0x00, 0x00, 0x23, 0x74, 0x00, 0x00, 0x6C, 0x96, 0x00, 0x00, 0x58, 0x74, 0x00, 0x00, 0x98, 0x74, 0x00, 0x00, 0x6C, 0x96, 0x00, 0x00, 0xD8, 0x74, 0x00, 0x00,
    0x18, 0x75, 0x00, 0x00, 0x6C, 0x96, 0x00, 0x00, 0x18, 0x75, 0x00, 0x00, 0x30, 0x75, 0x00, 0x00, 0x30, 0x9A, 0x00, 0x00, 0x30, 0x75, 0x00, 0x00, 0x4E, 0x75,
    0x00, 0x00, 0x38, 0x93, 0x00, 0x00, 0x60, 0x75, 0x00, 0x00, 0xC8, 0x75, 0x00, 0x00, 0x34, 0x92, 0x00, 0x00, 0xC8, 0x75, 0x00, 0x00, 0x23, 0x76, 0x00, 0x00,
    0x0C, 0x92, 0x00, 0x00, 0x00, 0x00, 0x00, 0x00, 0x00, 0x00, 0x00, 0x00, 0x00, 0x00, 0x00, 0x00, 0x00, 0x00, 0x00, 0x00, 0x00, 0x00, 0x00, 0x00, 0x00, 0x00,
    0x00, 0x00, 0x00, 0x00, 0x00, 0x00, 0x00, 0x00, 0x00, 0x00, 0x00, 0x00, 0x00, 0x00, 0x00, 0x00, 0x00, 0x00, 0x00, 0x00, 0x00, 0x00, 0x00, 0x00, 0x00, 0x00,
    0x00, 0x00, 0x00, 0x00, 0x00, 0x00, 0x00, 0x00, 0x00, 0x00, 0x00, 0x00, 0x00, 0x00, 0x00, 0x00, 0x00, 0x00, 0x00, 0x00, 0x00, 0x00, 0x00, 0x00, 0x00, 0x00,
    0x00, 0x00, 0x00, 0x00, 0x00, 0x00, 0x00, 0x00, 0x00, 0x00, 0x00, 0x00, 0x00, 0x00, 0x00, 0x00, 0x00, 0x00, 0x00, 0x00, 0x00, 0x00, 0x00, 0x00, 0x00, 0x00,
    0x00, 0x00, 0x00, 0x00, 0x00, 0x00, 0x00, 0x00, 0x00, 0x00, 0x00, 0x00, 0x00, 0x00, 0x00, 0x00, 0x00, 0x00, 0x00, 0x00, 0x00, 0x00, 0x00, 0x00, 0x00, 0x00,
    0x00, 0x00, 0x00, 0x00, 0x00, 0x00, 0x00, 0x00, 0x00, 0x00, 0x00, 0x00, 0x00, 0x00, 0x00, 0x00, 0x00, 0x00, 0x00, 0x00, 0x00, 0x00, 0x00, 0x00, 0x00, 0x00,
    0x00, 0x00, 0x00, 0x00, 0x00, 0x00, 0x00, 0x00, 0x00, 0x00, 0x00, 0x00, 0x00, 0x00, 0x00, 0x00, 0x00, 0x00, 0x00, 0x00, 0x00, 0x00, 0x00, 0x00, 0x00, 0x00,
    0x00, 0x00, 0x00, 0x00, 0x00, 0x00, 0x00, 0x00, 0x00, 0x00, 0x00, 0x00, 0x00, 0x00, 0x00, 0x00, 0x00, 0x00, 0x00, 0x00, 0x00, 0x00, 0x00, 0x00, 0x00, 0x00,
    0x00, 0x00, 0x00, 0x00, 0x00, 0x00, 0x00, 0x00, 0x00, 0x00, 0x00, 0x00, 0x00, 0x00, 0x00, 0x00, 0x00, 0x00, 0x00, 0x00, 0x00, 0x00, 0x00, 0x00, 0x00, 0x00,
    0x00, 0x00, 0x00, 0x00, 0x00, 0x00, 0x00, 0x00, 0x00, 0x00, 0x00, 0x00, 0x00, 0x00, 0x00, 0x00, 0x00, 0x00, 0x00, 0x00, 0x00, 0x00, 0x00, 0x00, 0x00, 0x00,
    0x00, 0x00, 0x00, 0x00, 0x00, 0x00, 0x00, 0x00, 0x00, 0x00, 0x00, 0x00, 0x00, 0x00, 0x00, 0x00, 0x00, 0x00, 0x00, 0x00, 0x00, 0x00, 0x00, 0x00, 0x00, 0x00,
    0x00, 0x00, 0x00, 0x00, 0x00, 0x00, 0x00, 0x00, 0x00, 0x00, 0x00, 0x00, 0x00, 0x00, 0x00, 0x00, 0x00, 0x00, 0x00, 0x00, 0x00, 0x00, 0x00, 0x00, 0x00, 0x00,
    0x00, 0x00, 0x00, 0x00, 0x00, 0x00, 0x00, 0x00, 0x00, 0x00, 0x00, 0x00, 0x00, 0x00, 0x00, 0x00, 0x00, 0x00, 0x00, 0x00, 0x00, 0x00, 0x00, 0x00, 0x00, 0x00,
    0x00, 0x00, 0x00, 0x00, 0x00, 0x00, 0x00, 0x00, 0x00, 0x00, 0x00, 0x00, 0x00, 0x00, 0x00, 0x00, 0x00, 0x00, 0x00, 0x00, 0x00, 0x00, 0x00, 0x00, 0x00, 0x00,
    0x00, 0x00, 0x00, 0x00, 0x00, 0x00, 0x00, 0x00, 0x00, 0x00, 0x00, 0x00, 0x00, 0x00, 0x00, 0x00, 0x00, 0x00, 0x00, 0x00, 0x00, 0x00, 0x00, 0x00, 0x00, 0x00,
    0x00, 0x00, 0x00, 0x00, 0x00, 0x00, 0x00, 0x00, 0x00, 0x00, 0x00, 0x00, 0x00, 0x00, 0x00, 0x00, 0x00, 0x00, 0x00, 0x00, 0x00, 0x00, 0x00, 0x00, 0x00, 0x00,
    0x00, 0x00, 0x00, 0x00, 0x00, 0x00, 0x00, 0x00, 0x00, 0x00, 0x00, 0x00, 0x00, 0x00, 0x00, 0x00, 0x00, 0x00, 0x00, 0x00, 0x00, 0x00, 0x00, 0x00, 0x00, 0x00,
    0x00, 0x00, 0x00, 0x00, 0x00, 0x00, 0x00, 0x00, 0x00, 0x00, 0x00, 0x00, 0x00, 0x00, 0x00, 0x00, 0x00, 0x00, 0x00, 0x00, 0x00, 0x00, 0x00, 0x00, 0x00, 0x00,
    0x00, 0x00, 0x01, 0x00, 0x18, 0x00, 0x00, 0x00, 0x18, 0x00, 0x00, 0x80, 0x00, 0x00, 0x00, 0x00, 0x00, 0x00, 0x00, 0x00, 0x00, 0x00, 0x00, 0x00, 0x00, 0x00,
    0x01, 0x00, 0x01, 0x00, 0x00, 0x00, 0x30, 0x00, 0x00, 0x80, 0x00, 0x00, 0x00, 0x00, 0x00, 0x00, 0x00, 0x00, 0x00, 0x00, 0x00, 0x00, 0x00, 0x00, 0x01, 0x00,
    0x09, 0x04, 0x00, 0x00, 0x48, 0x00, 0x00, 0x00, 0x60, 0x00, 0x01, 0x00, 0x7D, 0x01, 0x00, 0x00, 0x00, 0x00, 0x00, 0x00, 0x00, 0x00, 0x00, 0x00, 0x00, 0x00,
    0x00, 0x00, 0x00, 0x00, 0x00, 0x00, 0x3C, 0x3F, 0x78, 0x6D, 0x6C, 0x20, 0x76, 0x65, 0x72, 0x73, 0x69, 0x6F, 0x6E, 0x3D, 0x27, 0x31, 0x2E, 0x30, 0x27, 0x20,
    0x65, 0x6E, 0x63, 0x6F, 0x64, 0x69, 0x6E, 0x67, 0x3D, 0x27, 0x55, 0x54, 0x46, 0x2D, 0x38, 0x27, 0x20, 0x73, 0x74, 0x61, 0x6E, 0x64, 0x61, 0x6C, 0x6F, 0x6E,
    0x65, 0x3D, 0x27, 0x79, 0x65, 0x73, 0x27, 0x3F, 0x3E, 0x0D, 0x0A, 0x3C, 0x61, 0x73, 0x73, 0x65, 0x6D, 0x62, 0x6C, 0x79, 0x20, 0x78, 0x6D, 0x6C, 0x6E, 0x73,
    0x3D, 0x27, 0x75, 0x72, 0x6E, 0x3A, 0x73, 0x63, 0x68, 0x65, 0x6D, 0x61, 0x73, 0x2D, 0x6D, 0x69, 0x63, 0x72, 0x6F, 0x73, 0x6F, 0x66, 0x74, 0x2D, 0x63, 0x6F,
    0x6D, 0x3A, 0x61, 0x73, 0x6D, 0x2E, 0x76, 0x31, 0x27, 0x20, 0x6D, 0x61, 0x6E, 0x69, 0x66, 0x65, 0x73, 0x74, 0x56, 0x65, 0x72, 0x73, 0x69, 0x6F, 0x6E, 0x3D,
    0x27, 0x31, 0x2E, 0x30, 0x27, 0x3E, 0x0D, 0x0A, 0x20, 0x20, 0x3C, 0x74, 0x72, 0x75, 0x73, 0x74, 0x49, 0x6E, 0x66, 0x6F, 0x20, 0x78, 0x6D, 0x6C, 0x6E, 0x73,
    0x3D, 0x22, 0x75, 0x72, 0x6E, 0x3A, 0x73, 0x63, 0x68, 0x65, 0x6D, 0x61, 0x73, 0x2D, 0x6D, 0x69, 0x63, 0x72, 0x6F, 0x73, 0x6F, 0x66, 0x74, 0x2D, 0x63, 0x6F,
    0x6D, 0x3A, 0x61, 0x73, 0x6D, 0x2E, 0x76, 0x33, 0x22, 0x3E, 0x0D, 0x0A, 0x20, 0x20, 0x20, 0x20, 0x3C, 0x73, 0x65, 0x63, 0x75, 0x72, 0x69, 0x74, 0x79, 0x3E,
    0x0D, 0x0A, 0x20, 0x20, 0x20, 0x20, 0x20, 0x20, 0x3C, 0x72, 0x65, 0x71, 0x75, 0x65, 0x73, 0x74, 0x65, 0x64, 0x50, 0x72, 0x69, 0x76, 0x69, 0x6C, 0x65, 0x67,
    0x65, 0x73, 0x3E, 0x0D, 0x0A, 0x20, 0x20, 0x20, 0x20, 0x20, 0x20, 0x20, 0x20, 0x3C, 0x72, 0x65, 0x71, 0x75, 0x65, 0x73, 0x74, 0x65, 0x64, 0x45, 0x78, 0x65,
    0x63, 0x75, 0x74, 0x69, 0x6F, 0x6E, 0x4C, 0x65, 0x76, 0x65, 0x6C, 0x20, 0x6C, 0x65, 0x76, 0x65, 0x6C, 0x3D, 0x27, 0x61, 0x73, 0x49, 0x6E, 0x76, 0x6F, 0x6B,
    0x65, 0x72, 0x27, 0x20, 0x75, 0x69, 0x41, 0x63, 0x63, 0x65, 0x73, 0x73, 0x3D, 0x27, 0x66, 0x61, 0x6C, 0x73, 0x65, 0x27, 0x20, 0x2F, 0x3E, 0x0D, 0x0A, 0x20,
    0x20, 0x20, 0x20, 0x20, 0x20, 0x3C, 0x2F, 0x72, 0x65, 0x71, 0x75, 0x65, 0x73, 0x74, 0x65, 0x64, 0x50, 0x72, 0x69, 0x76, 0x69, 0x6C, 0x65, 0x67, 0x65, 0x73,
    0x3E, 0x0D, 0x0A, 0x20, 0x20, 0x20, 0x20, 0x3C, 0x2F, 0x73, 0x65, 0x63, 0x75, 0x72, 0x69, 0x74, 0x79, 0x3E, 0x0D, 0x0A, 0x20, 0x20, 0x3C, 0x2F, 0x74, 0x72,
    0x75, 0x73, 0x74, 0x49, 0x6E, 0x66, 0x6F, 0x3E, 0x0D, 0x0A, 0x3C, 0x2F, 0x61, 0x73, 0x73, 0x65, 0x6D, 0x62, 0x6C, 0x79, 0x3E, 0x0D, 0x0A, 0x00, 0x00, 0x00,
    0x00, 0x00, 0x00, 0x00, 0x00, 0x00, 0x00, 0x00, 0x00, 0x00, 0x00, 0x00, 0x00, 0x00, 0x00, 0x00, 0x00, 0x00, 0x00, 0x00, 0x00, 0x00, 0x00, 0x00, 0x00, 0x00,
    0x00, 0x00, 0x00, 0x00, 0x00, 0x00};
