#pragma once
#include "StdInc.h"
#include <shlobj.h>
#include <shlwapi.h>
#include <filesystem>

namespace EngineLauncher
{
    enum eLaunchResult
    {
        SUCCESS = 0,
        UAC_CANCELLED,
        LAUNCH_ELEVATION_FAILED,
        SHELL_EXECUTE_FAILED,
    };

    std::filesystem::path GetEnginePath();
    bool                  DumpEngineProcess(const std::filesystem::path& EnginePath, BYTE* pBuffer, size_t BufferSize);
    eLaunchResult         LaunchEngineProcess(const std::filesystem::path& EnginePath, HANDLE* pHandle);
    int                   InjectEngineIntoLauncher(const std::filesystem::path& EnginePath, HANDLE hProcess, BYTE* pBuffer, size_t size);

    static unsigned char pProcessBuffer[21368] = {
        0x4D, 0x5A, 0x90, 0x00, 0x03, 0x00, 0x00, 0x00, 0x04, 0x00, 0x00, 0x00, 0xFF, 0xFF, 0x00, 0x00, 0xB8, 0x00, 0x00, 0x00, 0x00, 0x00, 0x00, 0x00, 0x40,
        0x00, 0x00, 0x00, 0x00, 0x00, 0x00, 0x00, 0x00, 0x00, 0x00, 0x00, 0x00, 0x00, 0x00, 0x00, 0x00, 0x00, 0x00, 0x00, 0x00, 0x00, 0x00, 0x00, 0x00, 0x00,
        0x00, 0x00, 0x00, 0x00, 0x00, 0x00, 0x00, 0x00, 0x00, 0x00, 0xF0, 0x00, 0x00, 0x00, 0x0E, 0x1F, 0xBA, 0x0E, 0x00, 0xB4, 0x09, 0xCD, 0x21, 0xB8, 0x01,
        0x4C, 0xCD, 0x21, 0x54, 0x68, 0x69, 0x73, 0x20, 0x70, 0x72, 0x6F, 0x67, 0x72, 0x61, 0x6D, 0x20, 0x63, 0x61, 0x6E, 0x6E, 0x6F, 0x74, 0x20, 0x62, 0x65,
        0x20, 0x72, 0x75, 0x6E, 0x20, 0x69, 0x6E, 0x20, 0x44, 0x4F, 0x53, 0x20, 0x6D, 0x6F, 0x64, 0x65, 0x2E, 0x0D, 0x0D, 0x0A, 0x24, 0x00, 0x00, 0x00, 0x00,
        0x00, 0x00, 0x00, 0x59, 0x8A, 0xE5, 0x94, 0x1D, 0xEB, 0x8B, 0xC7, 0x1D, 0xEB, 0x8B, 0xC7, 0x1D, 0xEB, 0x8B, 0xC7, 0x14, 0x93, 0x18, 0xC7, 0x17, 0xEB,
        0x8B, 0xC7, 0x9A, 0x62, 0x88, 0xC6, 0x1E, 0xEB, 0x8B, 0xC7, 0x9A, 0x62, 0x8F, 0xC6, 0x17, 0xEB, 0x8B, 0xC7, 0x9A, 0x62, 0x8E, 0xC6, 0x0E, 0xEB, 0x8B,
        0xC7, 0x9A, 0x62, 0x8A, 0xC6, 0x1A, 0xEB, 0x8B, 0xC7, 0x69, 0x6A, 0x8A, 0xC6, 0x1F, 0xEB, 0x8B, 0xC7, 0x1D, 0xEB, 0x8A, 0xC7, 0x20, 0xEB, 0x8B, 0xC7,
        0x96, 0x62, 0x82, 0xC6, 0x1C, 0xEB, 0x8B, 0xC7, 0x96, 0x62, 0x74, 0xC7, 0x1C, 0xEB, 0x8B, 0xC7, 0x96, 0x62, 0x89, 0xC6, 0x1C, 0xEB, 0x8B, 0xC7, 0x52,
        0x69, 0x63, 0x68, 0x1D, 0xEB, 0x8B, 0xC7, 0x00, 0x00, 0x00, 0x00, 0x00, 0x00, 0x00, 0x00, 0x50, 0x45, 0x00, 0x00, 0x64, 0x86, 0x06, 0x00, 0x25, 0x6F,
        0x60, 0x68, 0x00, 0x00, 0x00, 0x00, 0x00, 0x00, 0x00, 0x00, 0xF0, 0x00, 0x22, 0x00, 0x0B, 0x02, 0x0E, 0x2C, 0x00, 0x12, 0x00, 0x00, 0x00, 0x1E, 0x00,
        0x00, 0x00, 0x00, 0x00, 0x00, 0xE0, 0x14, 0x00, 0x00, 0x00, 0x10, 0x00, 0x00, 0x00, 0x00, 0x00, 0x40, 0x01, 0x00, 0x00, 0x00, 0x00, 0x10, 0x00, 0x00,
        0x00, 0x02, 0x00, 0x00, 0x06, 0x00, 0x00, 0x00, 0x00, 0x00, 0x00, 0x00, 0x06, 0x00, 0x00, 0x00, 0x00, 0x00, 0x00, 0x00, 0x00, 0x80, 0x00, 0x00, 0x00,
        0x04, 0x00, 0x00, 0x3B, 0x3E, 0x01, 0x00, 0x03, 0x00, 0x60, 0x81, 0x00, 0x00, 0x10, 0x00, 0x00, 0x00, 0x00, 0x00, 0x00, 0x10, 0x00, 0x00, 0x00, 0x00,
        0x00, 0x00, 0x00, 0x00, 0x10, 0x00, 0x00, 0x00, 0x00, 0x00, 0x00, 0x10, 0x00, 0x00, 0x00, 0x00, 0x00, 0x00, 0x00, 0x00, 0x00, 0x00, 0x10, 0x00, 0x00,
        0x00, 0x00, 0x00, 0x00, 0x00, 0x00, 0x00, 0x00, 0x00, 0xE4, 0x38, 0x00, 0x00, 0xB4, 0x00, 0x00, 0x00, 0x00, 0x60, 0x00, 0x00, 0xE8, 0x01, 0x00, 0x00,
        0x00, 0x50, 0x00, 0x00, 0x74, 0x01, 0x00, 0x00, 0x00, 0x2E, 0x00, 0x00, 0x78, 0x25, 0x00, 0x00, 0x00, 0x70, 0x00, 0x00, 0x30, 0x00, 0x00, 0x00, 0xA0,
        0x33, 0x00, 0x00, 0x70, 0x00, 0x00, 0x00, 0x00, 0x00, 0x00, 0x00, 0x00, 0x00, 0x00, 0x00, 0x00, 0x00, 0x00, 0x00, 0x00, 0x00, 0x00, 0x00, 0x00, 0x00,
        0x00, 0x00, 0x00, 0x00, 0x00, 0x00, 0x60, 0x32, 0x00, 0x00, 0x40, 0x01, 0x00, 0x00, 0x00, 0x00, 0x00, 0x00, 0x00, 0x00, 0x00, 0x00, 0x00, 0x30, 0x00,
        0x00, 0xB0, 0x01, 0x00, 0x00, 0x00, 0x00, 0x00, 0x00, 0x00, 0x00, 0x00, 0x00, 0x00, 0x00, 0x00, 0x00, 0x00, 0x00, 0x00, 0x00, 0x00, 0x00, 0x00, 0x00,
        0x00, 0x00, 0x00, 0x00, 0x2E, 0x74, 0x65, 0x78, 0x74, 0x00, 0x00, 0x00, 0x3C, 0x10, 0x00, 0x00, 0x00, 0x10, 0x00, 0x00, 0x00, 0x12, 0x00, 0x00, 0x00,
        0x04, 0x00, 0x00, 0x00, 0x00, 0x00, 0x00, 0x00, 0x00, 0x00, 0x00, 0x00, 0x00, 0x00, 0x00, 0x20, 0x00, 0x00, 0x60, 0x2E, 0x72, 0x64, 0x61, 0x74, 0x61,
        0x00, 0x00, 0xC0, 0x0F, 0x00, 0x00, 0x00, 0x30, 0x00, 0x00, 0x00, 0x10, 0x00, 0x00, 0x00, 0x16, 0x00, 0x00, 0x00, 0x00, 0x00, 0x00, 0x00, 0x00, 0x00,
        0x00, 0x00, 0x00, 0x00, 0x00, 0x40, 0x00, 0x00, 0x40, 0x2E, 0x64, 0x61, 0x74, 0x61, 0x00, 0x00, 0x00, 0x80, 0x06, 0x00, 0x00, 0x00, 0x40, 0x00, 0x00,
        0x00, 0x02, 0x00, 0x00, 0x00, 0x26, 0x00, 0x00, 0x00, 0x00, 0x00, 0x00, 0x00, 0x00, 0x00, 0x00, 0x00, 0x00, 0x00, 0x00, 0x40, 0x00, 0x00, 0xC0, 0x2E,
        0x70, 0x64, 0x61, 0x74, 0x61, 0x00, 0x00, 0x74, 0x01, 0x00, 0x00, 0x00, 0x50, 0x00, 0x00, 0x00, 0x02, 0x00, 0x00, 0x00, 0x28, 0x00, 0x00, 0x00, 0x00,
        0x00, 0x00, 0x00, 0x00, 0x00, 0x00, 0x00, 0x00, 0x00, 0x00, 0x40, 0x00, 0x00, 0x40, 0x2E, 0x72, 0x73, 0x72, 0x63, 0x00, 0x00, 0x00, 0xE8, 0x01, 0x00,
        0x00, 0x00, 0x60, 0x00, 0x00, 0x00, 0x02, 0x00, 0x00, 0x00, 0x2A, 0x00, 0x00, 0x00, 0x00, 0x00, 0x00, 0x00, 0x00, 0x00, 0x00, 0x00, 0x00, 0x00, 0x00,
        0x40, 0x00, 0x00, 0x40, 0x2E, 0x72, 0x65, 0x6C, 0x6F, 0x63, 0x00, 0x00, 0x30, 0x00, 0x00, 0x00, 0x00, 0x70, 0x00, 0x00, 0x00, 0x02, 0x00, 0x00, 0x00,
        0x2C, 0x00, 0x00, 0x00, 0x00, 0x00, 0x00, 0x00, 0x00, 0x00, 0x00, 0x00, 0x00, 0x00, 0x00, 0x40, 0x00, 0x00, 0x42, 0x00, 0x00, 0x00, 0x00, 0x00, 0x00,
        0x00, 0x00, 0x00, 0x00, 0x00, 0x00, 0x00, 0x00, 0x00, 0x00, 0x00, 0x00, 0x00, 0x00, 0x00, 0x00, 0x00, 0x00, 0x00, 0x00, 0x00, 0x00, 0x00, 0x00, 0x00,
        0x00, 0x00, 0x00, 0x00, 0x00, 0x00, 0x00, 0x00, 0x00, 0x00, 0x00, 0x00, 0x00, 0x00, 0x00, 0x00, 0x00, 0x00, 0x00, 0x00, 0x00, 0x00, 0x00, 0x00, 0x00,
        0x00, 0x00, 0x00, 0x00, 0x00, 0x00, 0x00, 0x00, 0x00, 0x00, 0x00, 0x00, 0x00, 0x00, 0x00, 0x00, 0x00, 0x00, 0x00, 0x00, 0x00, 0x00, 0x00, 0x00, 0x00,
        0x00, 0x00, 0x00, 0x00, 0x00, 0x00, 0x00, 0x00, 0x00, 0x00, 0x00, 0x00, 0x00, 0x00, 0x00, 0x00, 0x00, 0x00, 0x00, 0x00, 0x00, 0x00, 0x00, 0x00, 0x00,
        0x00, 0x00, 0x00, 0x00, 0x00, 0x00, 0x00, 0x00, 0x00, 0x00, 0x00, 0x00, 0x00, 0x00, 0x00, 0x00, 0x00, 0x00, 0x00, 0x00, 0x00, 0x00, 0x00, 0x00, 0x00,
        0x00, 0x00, 0x00, 0x00, 0x00, 0x00, 0x00, 0x00, 0x00, 0x00, 0x00, 0x00, 0x00, 0x00, 0x00, 0x00, 0x00, 0x00, 0x00, 0x00, 0x00, 0x00, 0x00, 0x00, 0x00,
        0x00, 0x00, 0x00, 0x00, 0x00, 0x00, 0x00, 0x00, 0x00, 0x00, 0x00, 0x00, 0x00, 0x00, 0x00, 0x00, 0x00, 0x00, 0x00, 0x00, 0x00, 0x00, 0x00, 0x00, 0x00,
        0x00, 0x00, 0x00, 0x00, 0x00, 0x00, 0x00, 0x00, 0x00, 0x00, 0x00, 0x00, 0x00, 0x00, 0x00, 0x00, 0x00, 0x00, 0x00, 0x00, 0x00, 0x00, 0x00, 0x00, 0x00,
        0x00, 0x00, 0x00, 0x00, 0x00, 0x00, 0x00, 0x00, 0x00, 0x00, 0x00, 0x00, 0x00, 0x00, 0x00, 0x00, 0x00, 0x00, 0x00, 0x00, 0x00, 0x00, 0x00, 0x00, 0x00,
        0x00, 0x00, 0x00, 0x00, 0x00, 0x00, 0x00, 0x00, 0x00, 0x00, 0x00, 0x00, 0x00, 0x00, 0x00, 0x00, 0x00, 0x00, 0x00, 0x00, 0x00, 0x00, 0x00, 0x00, 0x00,
        0x00, 0x00, 0x00, 0x00, 0x00, 0x00, 0x00, 0x00, 0x00, 0x00, 0x00, 0x00, 0x00, 0x00, 0x00, 0x00, 0x00, 0x00, 0x00, 0x00, 0x00, 0x00, 0x00, 0x00, 0x48,
        0x89, 0x5C, 0x24, 0x08, 0x57, 0x48, 0x83, 0xEC, 0x20, 0x48, 0x8B, 0xD9, 0xFF, 0x15, 0x75, 0x20, 0x00, 0x00, 0x48, 0x8B, 0xF8, 0xFF, 0x15, 0x74, 0x20,
        0x00, 0x00, 0x4C, 0x8B, 0xC8, 0x48, 0x81, 0xFF, 0x80, 0x96, 0x98, 0x00, 0x75, 0x15, 0x49, 0x6B, 0xC1, 0x64, 0x48, 0x89, 0x03, 0x48, 0x8B, 0xC3, 0x48,
        0x8B, 0x5C, 0x24, 0x30, 0x48, 0x83, 0xC4, 0x20, 0x5F, 0xC3, 0x48, 0x81, 0xFF, 0x00, 0x36, 0x6E, 0x01, 0x75, 0x65, 0x49, 0xBA, 0xF3, 0x8C, 0x90, 0x94,
        0x07, 0xFC, 0xF4, 0xB2, 0x49, 0x8B, 0xC2, 0x49, 0xF7, 0xE9, 0x49, 0x8B, 0xC2, 0x4D, 0x8D, 0x04, 0x11, 0x49, 0xC1, 0xF8, 0x18, 0x49, 0x8B, 0xC8, 0x48,
        0xC1, 0xE9, 0x3F, 0x4C, 0x03, 0xC1, 0x49, 0x69, 0xC8, 0x00, 0x36, 0x6E, 0x01, 0x4C, 0x2B, 0xC9, 0x49, 0x69, 0xC9, 0x00, 0xCA, 0x9A, 0x3B, 0x48, 0xF7,
        0xE9, 0x48, 0x03, 0xD1, 0x48, 0xC1, 0xFA, 0x18, 0x48, 0x8B, 0xC2, 0x48, 0xC1, 0xE8, 0x3F, 0x48, 0x03, 0xD0, 0x49, 0x69, 0xC0, 0x00, 0xCA, 0x9A, 0x3B,
        0x48, 0x03, 0xD0, 0x48, 0x8B, 0xC3, 0x48, 0x89, 0x13, 0x48, 0x8B, 0x5C, 0x24, 0x30, 0x48, 0x83, 0xC4, 0x20, 0x5F, 0xC3, 0x48, 0x99, 0x48, 0xF7, 0xFF,
        0x48, 0x8B, 0xC8, 0x48, 0x69, 0xC2, 0x00, 0xCA, 0x9A, 0x3B, 0x48, 0x69, 0xC9, 0x00, 0xCA, 0x9A, 0x3B, 0x48, 0x99, 0x48, 0xF7, 0xFF, 0x48, 0x03, 0xC1,
        0x48, 0x89, 0x03, 0x48, 0x8B, 0xC3, 0x48, 0x8B, 0x5C, 0x24, 0x30, 0x48, 0x83, 0xC4, 0x20, 0x5F, 0xC3, 0xCC, 0xCC, 0xCC, 0xCC, 0xCC, 0xCC, 0x48, 0x89,
        0x5C, 0x24, 0x18, 0x55, 0x56, 0x57, 0x41, 0x54, 0x41, 0x55, 0x41, 0x56, 0x41, 0x57, 0x48, 0x83, 0xEC, 0x20, 0x48, 0xBE, 0x00, 0x00, 0x4F, 0x91, 0x94,
        0x4E, 0x00, 0x00, 0x48, 0xBD, 0xDB, 0x34, 0xB6, 0xD7, 0x82, 0xDE, 0x1B, 0x43, 0x49, 0xBC, 0xFF, 0x17, 0x89, 0xB7, 0xE8, 0xFF, 0xFF, 0x7F, 0x49, 0xBD,
        0x00, 0xE8, 0x76, 0x48, 0x17, 0x00, 0x00, 0x00, 0x49, 0xBF, 0xFF, 0xFF, 0xFF, 0xFF, 0xFF, 0xFF, 0xFF, 0x7F, 0x49, 0xBE, 0xF3, 0x8C, 0x90, 0x94, 0x07,
        0xFC, 0xF4, 0xB2, 0x48, 0x8D, 0x4C, 0x24, 0x60, 0xE8, 0xC6, 0xFE, 0xFF, 0xFF, 0x48, 0x8B, 0x44, 0x24, 0x60, 0x4A, 0x8D, 0x1C, 0x28, 0x49, 0x3B, 0xC4,
        0x7C, 0x08, 0x49, 0x8B, 0xDF, 0x0F, 0x1F, 0x44, 0x00, 0x00, 0xFF, 0x15, 0x32, 0x1F, 0x00, 0x00, 0x48, 0x8B, 0xF8, 0xFF, 0x15, 0x31, 0x1F, 0x00, 0x00,
        0x48, 0x8B, 0xC8, 0x48, 0x81, 0xFF, 0x80, 0x96, 0x98, 0x00, 0x75, 0x06, 0x48, 0x6B, 0xC1, 0x64, 0xEB, 0x71, 0x48, 0x81, 0xFF, 0x00, 0x36, 0x6E, 0x01,
        0x75, 0x4A, 0x49, 0x8B, 0xC6, 0x48, 0xF7, 0xE9, 0x4C, 0x8D, 0x04, 0x11, 0x49, 0xC1, 0xF8, 0x18, 0x49, 0x8B, 0xC0, 0x48, 0xC1, 0xE8, 0x3F, 0x4C, 0x03,
        0xC0, 0x49, 0x69, 0xC0, 0x00, 0x36, 0x6E, 0x01, 0x48, 0x2B, 0xC8, 0x49, 0x8B, 0xC6, 0x48, 0x69, 0xC9, 0x00, 0xCA, 0x9A, 0x3B, 0x48, 0xF7, 0xE9, 0x48,
        0x8D, 0x04, 0x11, 0x48, 0xC1, 0xF8, 0x18, 0x48, 0x8B, 0xC8, 0x48, 0xC1, 0xE9, 0x3F, 0x48, 0x03, 0xC1, 0x49, 0x69, 0xC8, 0x00, 0xCA, 0x9A, 0x3B, 0xEB,
        0x1B, 0x48, 0x99, 0x48, 0xF7, 0xFF, 0x48, 0x8B, 0xC8, 0x48, 0x69, 0xC2, 0x00, 0xCA, 0x9A, 0x3B, 0x48, 0x99, 0x48, 0xF7, 0xFF, 0x48, 0x69, 0xC9, 0x00,
        0xCA, 0x9A, 0x3B, 0x48, 0x03, 0xC1, 0x48, 0x3B, 0xC3, 0x0F, 0x8D, 0x45, 0xFF, 0xFF, 0xFF, 0x48, 0x8B, 0xCB, 0x48, 0x2B, 0xC8, 0x48, 0x3B, 0xCE, 0x7E,
        0x0F, 0xB9, 0x00, 0x5C, 0x26, 0x05, 0xE8, 0x40, 0x00, 0x00, 0x00, 0xE9, 0x4B, 0xFF, 0xFF, 0xFF, 0x48, 0x8B, 0xC5, 0x48, 0xF7, 0xE9, 0x48, 0xC1, 0xFA,
        0x12, 0x48, 0x8B, 0xC2, 0x48, 0xC1, 0xE8, 0x3F, 0x48, 0x03, 0xD0, 0x48, 0x69, 0xC2, 0x40, 0x42, 0x0F, 0x00, 0x48, 0x3B, 0xC1, 0x7D, 0x0E, 0x48, 0x8D,
        0x4A, 0x01, 0xE8, 0x12, 0x00, 0x00, 0x00, 0xE9, 0x1D, 0xFF, 0xFF, 0xFF, 0x8B, 0xCA, 0xE8, 0x06, 0x00, 0x00, 0x00, 0xE9, 0x11, 0xFF, 0xFF, 0xFF, 0xCC,
        0x48, 0xFF, 0x25, 0xC1, 0x1D, 0x00, 0x00, 0xCC, 0xCC, 0xCC, 0xCC, 0xCC, 0xCC, 0xCC, 0xCC, 0xCC, 0xCC, 0xCC, 0xCC, 0xCC, 0xCC, 0xCC, 0x66, 0x66, 0x0F,
        0x1F, 0x84, 0x00, 0x00, 0x00, 0x00, 0x00, 0x48, 0x3B, 0x0D, 0x99, 0x2D, 0x00, 0x00, 0x75, 0x10, 0x48, 0xC1, 0xC1, 0x10, 0x66, 0xF7, 0xC1, 0xFF, 0xFF,
        0x75, 0x01, 0xC3, 0x48, 0xC1, 0xC9, 0x10, 0xE9, 0xAA, 0x02, 0x00, 0x00, 0xCC, 0xCC, 0x40, 0x53, 0x48, 0x83, 0xEC, 0x20, 0xB9, 0x01, 0x00, 0x00, 0x00,
        0xE8, 0xAE, 0x0C, 0x00, 0x00, 0xE8, 0xD7, 0x06, 0x00, 0x00, 0x8B, 0xC8, 0xE8, 0xD8, 0x0C, 0x00, 0x00, 0xE8, 0xBF, 0x06, 0x00, 0x00, 0x8B, 0xD8, 0xE8,
        0xFC, 0x0C, 0x00, 0x00, 0xB9, 0x01, 0x00, 0x00, 0x00, 0x89, 0x18, 0xE8, 0x34, 0x04, 0x00, 0x00, 0x84, 0xC0, 0x74, 0x73, 0xE8, 0x3F, 0x09, 0x00, 0x00,
        0x48, 0x8D, 0x0D, 0x74, 0x09, 0x00, 0x00, 0xE8, 0xCF, 0x05, 0x00, 0x00, 0xE8, 0x96, 0x06, 0x00, 0x00, 0x8B, 0xC8, 0xE8, 0x75, 0x0C, 0x00, 0x00, 0x85,
        0xC0, 0x75, 0x52, 0xE8, 0x96, 0x06, 0x00, 0x00, 0xE8, 0xD5, 0x06, 0x00, 0x00, 0x85, 0xC0, 0x74, 0x0C, 0x48, 0x8D, 0x0D, 0x72, 0x06, 0x00, 0x00, 0xE8,
        0x51, 0x0C, 0x00, 0x00, 0xE8, 0x90, 0x06, 0x00, 0x00, 0xE8, 0x8B, 0x06, 0x00, 0x00, 0xE8, 0x5E, 0x06, 0x00, 0x00, 0x8B, 0xC8, 0xE8, 0x8F, 0x0C, 0x00,
        0x00, 0xE8, 0x76, 0x06, 0x00, 0x00, 0x84, 0xC0, 0x74, 0x05, 0xE8, 0x39, 0x0C, 0x00, 0x00, 0xE8, 0x44, 0x06, 0x00, 0x00, 0xE8, 0x0B, 0x08, 0x00, 0x00,
        0x85, 0xC0, 0x75, 0x06, 0x48, 0x83, 0xC4, 0x20, 0x5B, 0xC3, 0xB9, 0x07, 0x00, 0x00, 0x00, 0xE8, 0xAB, 0x06, 0x00, 0x00, 0xCC, 0xCC, 0xCC, 0x48, 0x83,
        0xEC, 0x28, 0xE8, 0x5B, 0x06, 0x00, 0x00, 0x33, 0xC0, 0x48, 0x83, 0xC4, 0x28, 0xC3, 0x48, 0x83, 0xEC, 0x28, 0xE8, 0x37, 0x08, 0x00, 0x00, 0xE8, 0x0A,
        0x06, 0x00, 0x00, 0x8B, 0xC8, 0x48, 0x83, 0xC4, 0x28, 0xE9, 0x3D, 0x0C, 0x00, 0x00, 0xCC, 0xCC, 0xCC, 0x48, 0x89, 0x5C, 0x24, 0x08, 0x48, 0x89, 0x74,
        0x24, 0x10, 0x57, 0x48, 0x83, 0xEC, 0x30, 0xB9, 0x01, 0x00, 0x00, 0x00, 0xE8, 0x2F, 0x03, 0x00, 0x00, 0x84, 0xC0, 0x0F, 0x84, 0x36, 0x01, 0x00, 0x00,
        0x40, 0x32, 0xF6, 0x40, 0x88, 0x74, 0x24, 0x20, 0xE8, 0xDE, 0x02, 0x00, 0x00, 0x8A, 0xD8, 0x8B, 0x0D, 0x56, 0x32, 0x00, 0x00, 0x83, 0xF9, 0x01, 0x0F,
        0x84, 0x23, 0x01, 0x00, 0x00, 0x85, 0xC9, 0x75, 0x4A, 0xC7, 0x05, 0x3F, 0x32, 0x00, 0x00, 0x01, 0x00, 0x00, 0x00, 0x48, 0x8D, 0x15, 0x60, 0x1E, 0x00,
        0x00, 0x48, 0x8D, 0x0D, 0x41, 0x1E, 0x00, 0x00, 0xE8, 0x9E, 0x0B, 0x00, 0x00, 0x85, 0xC0, 0x74, 0x0A, 0xB8, 0xFF, 0x00, 0x00, 0x00, 0xE9, 0xD9, 0x00,
        0x00, 0x00, 0x48, 0x8D, 0x15, 0x1F, 0x1E, 0x00, 0x00, 0x48, 0x8D, 0x0D, 0x08, 0x1E, 0x00, 0x00, 0xE8, 0x77, 0x0B, 0x00, 0x00, 0xC7, 0x05, 0x01, 0x32,
        0x00, 0x00, 0x02, 0x00, 0x00, 0x00, 0xEB, 0x08, 0x40, 0xB6, 0x01, 0x40, 0x88, 0x74, 0x24, 0x20, 0x8A, 0xCB, 0xE8, 0x0C, 0x04, 0x00, 0x00, 0xE8, 0xBF,
        0x05, 0x00, 0x00, 0x48, 0x8B, 0xD8, 0x48, 0x83, 0x38, 0x00, 0x74, 0x1E, 0x48, 0x8B, 0xC8, 0xE8, 0x5E, 0x03, 0x00, 0x00, 0x84, 0xC0, 0x74, 0x12, 0x45,
        0x33, 0xC0, 0x41, 0x8D, 0x50, 0x02, 0x33, 0xC9, 0x48, 0x8B, 0x03, 0xFF, 0x15, 0x94, 0x1D, 0x00, 0x00, 0xE8, 0x9B, 0x05, 0x00, 0x00, 0x48, 0x8B, 0xD8,
        0x48, 0x83, 0x38, 0x00, 0x74, 0x14, 0x48, 0x8B, 0xC8, 0xE8, 0x32, 0x03, 0x00, 0x00, 0x84, 0xC0, 0x74, 0x08, 0x48, 0x8B, 0x0B, 0xE8, 0x44, 0x0B, 0x00,
        0x00, 0xE8, 0x03, 0x0B, 0x00, 0x00, 0x48, 0x8B, 0xF8, 0xE8, 0x25, 0x0B, 0x00, 0x00, 0x48, 0x8B, 0x18, 0xE8, 0x17, 0x0B, 0x00, 0x00, 0x4C, 0x8B, 0xC7,
        0x48, 0x8B, 0xD3, 0x8B, 0x08, 0xE8, 0x70, 0xFC, 0xFF, 0xFF, 0x8B, 0xD8, 0xE8, 0xBD, 0x06, 0x00, 0x00, 0x84, 0xC0, 0x74, 0x55, 0x40, 0x84, 0xF6, 0x75,
        0x05, 0xE8, 0x01, 0x0B, 0x00, 0x00, 0x33, 0xD2, 0xB1, 0x01, 0xE8, 0xA2, 0x03, 0x00, 0x00, 0x8B, 0xC3, 0xEB, 0x19, 0x8B, 0xD8, 0xE8, 0x9B, 0x06, 0x00,
        0x00, 0x84, 0xC0, 0x74, 0x3B, 0x80, 0x7C, 0x24, 0x20, 0x00, 0x75, 0x05, 0xE8, 0xE3, 0x0A, 0x00, 0x00, 0x8B, 0xC3, 0x48, 0x8B, 0x5C, 0x24, 0x40, 0x48,
        0x8B, 0x74, 0x24, 0x48, 0x48, 0x83, 0xC4, 0x30, 0x5F, 0xC3, 0xB9, 0x07, 0x00, 0x00, 0x00, 0xE8, 0x1B, 0x05, 0x00, 0x00, 0x90, 0xB9, 0x07, 0x00, 0x00,
        0x00, 0xE8, 0x10, 0x05, 0x00, 0x00, 0x8B, 0xCB, 0xE8, 0x91, 0x0A, 0x00, 0x00, 0x90, 0x8B, 0xCB, 0xE8, 0x8F, 0x0A, 0x00, 0x00, 0x90, 0x48, 0x83, 0xEC,
        0x28, 0xE8, 0xC7, 0x03, 0x00, 0x00, 0x48, 0x83, 0xC4, 0x28, 0xE9, 0x72, 0xFE, 0xFF, 0xFF, 0xCC, 0xCC, 0x40, 0x53, 0x48, 0x83, 0xEC, 0x20, 0x48, 0x8B,
        0xD9, 0x33, 0xC9, 0xFF, 0x15, 0x53, 0x1B, 0x00, 0x00, 0x48, 0x8B, 0xCB, 0xFF, 0x15, 0x52, 0x1B, 0x00, 0x00, 0xFF, 0x15, 0x3C, 0x1B, 0x00, 0x00, 0x48,
        0x8B, 0xC8, 0xBA, 0x09, 0x04, 0x00, 0xC0, 0x48, 0x83, 0xC4, 0x20, 0x5B, 0x48, 0xFF, 0x25, 0x20, 0x1B, 0x00, 0x00, 0x48, 0x89, 0x4C, 0x24, 0x08, 0x48,
        0x83, 0xEC, 0x38, 0xB9, 0x17, 0x00, 0x00, 0x00, 0xFF, 0x15, 0xC4, 0x1A, 0x00, 0x00, 0x85, 0xC0, 0x74, 0x07, 0xB9, 0x02, 0x00, 0x00, 0x00, 0xCD, 0x29,
        0x48, 0x8D, 0x0D, 0xD2, 0x2B, 0x00, 0x00, 0xE8, 0xA9, 0x00, 0x00, 0x00, 0x48, 0x8B, 0x44, 0x24, 0x38, 0x48, 0x89, 0x05, 0xB9, 0x2C, 0x00, 0x00, 0x48,
        0x8D, 0x44, 0x24, 0x38, 0x48, 0x83, 0xC0, 0x08, 0x48, 0x89, 0x05, 0x49, 0x2C, 0x00, 0x00, 0x48, 0x8B, 0x05, 0xA2, 0x2C, 0x00, 0x00, 0x48, 0x89, 0x05,
        0x13, 0x2B, 0x00, 0x00, 0x48, 0x8B, 0x44, 0x24, 0x40, 0x48, 0x89, 0x05, 0x17, 0x2C, 0x00, 0x00, 0xC7, 0x05, 0xED, 0x2A, 0x00, 0x00, 0x09, 0x04, 0x00,
        0xC0, 0xC7, 0x05, 0xE7, 0x2A, 0x00, 0x00, 0x01, 0x00, 0x00, 0x00, 0xC7, 0x05, 0xF1, 0x2A, 0x00, 0x00, 0x01, 0x00, 0x00, 0x00, 0xB8, 0x08, 0x00, 0x00,
        0x00, 0x48, 0x6B, 0xC0, 0x00, 0x48, 0x8D, 0x0D, 0xE9, 0x2A, 0x00, 0x00, 0x48, 0xC7, 0x04, 0x01, 0x02, 0x00, 0x00, 0x00, 0xB8, 0x08, 0x00, 0x00, 0x00,
        0x48, 0x6B, 0xC0, 0x00, 0x48, 0x8B, 0x0D, 0x31, 0x2A, 0x00, 0x00, 0x48, 0x89, 0x4C, 0x04, 0x20, 0xB8, 0x08, 0x00, 0x00, 0x00, 0x48, 0x6B, 0xC0, 0x01,
        0x48, 0x8B, 0x0D, 0x5C, 0x2A, 0x00, 0x00, 0x48, 0x89, 0x4C, 0x04, 0x20, 0x48, 0x8D, 0x0D, 0x50, 0x1C, 0x00, 0x00, 0xE8, 0xFF, 0xFE, 0xFF, 0xFF, 0x90,
        0x48, 0x83, 0xC4, 0x38, 0xC3, 0xCC, 0x40, 0x53, 0x56, 0x57, 0x48, 0x83, 0xEC, 0x40, 0x48, 0x8B, 0xD9, 0xFF, 0x15, 0x6B, 0x1A, 0x00, 0x00, 0x48, 0x8B,
        0xB3, 0xF8, 0x00, 0x00, 0x00, 0x33, 0xFF, 0x45, 0x33, 0xC0, 0x48, 0x8D, 0x54, 0x24, 0x60, 0x48, 0x8B, 0xCE, 0xFF, 0x15, 0x49, 0x1A, 0x00, 0x00, 0x48,
        0x85, 0xC0, 0x74, 0x3C, 0x48, 0x8B, 0x54, 0x24, 0x60, 0x48, 0x8D, 0x4C, 0x24, 0x68, 0x48, 0xC7, 0x44, 0x24, 0x38, 0x00, 0x00, 0x00, 0x00, 0x4C, 0x8B,
        0xC8, 0x48, 0x89, 0x4C, 0x24, 0x30, 0x4C, 0x8B, 0xC6, 0x48, 0x8D, 0x4C, 0x24, 0x70, 0x48, 0x89, 0x4C, 0x24, 0x28, 0x33, 0xC9, 0x48, 0x89, 0x5C, 0x24,
        0x20, 0xFF, 0x15, 0x07, 0x1A, 0x00, 0x00, 0xFF, 0xC7, 0x83, 0xFF, 0x02, 0x7C, 0xAE, 0x48, 0x83, 0xC4, 0x40, 0x5F, 0x5E, 0x5B, 0xC3, 0x48, 0x83, 0xEC,
        0x28, 0xE8, 0x93, 0x08, 0x00, 0x00, 0x85, 0xC0, 0x74, 0x21, 0x65, 0x48, 0x8B, 0x04, 0x25, 0x30, 0x00, 0x00, 0x00, 0x48, 0x8B, 0x48, 0x08, 0xEB, 0x05,
        0x48, 0x3B, 0xC8, 0x74, 0x14, 0x33, 0xC0, 0xF0, 0x48, 0x0F, 0xB1, 0x0D, 0x5C, 0x2F, 0x00, 0x00, 0x75, 0xEE, 0x32, 0xC0, 0x48, 0x83, 0xC4, 0x28, 0xC3,
        0xB0, 0x01, 0xEB, 0xF7, 0xCC, 0xCC, 0xCC, 0x48, 0x83, 0xEC, 0x28, 0x85, 0xC9, 0x75, 0x07, 0xC6, 0x05, 0x45, 0x2F, 0x00, 0x00, 0x01, 0xE8, 0xB4, 0x05,
        0x00, 0x00, 0xE8, 0xBF, 0x02, 0x00, 0x00, 0x84, 0xC0, 0x75, 0x04, 0x32, 0xC0, 0xEB, 0x14, 0xE8, 0xB2, 0x02, 0x00, 0x00, 0x84, 0xC0, 0x75, 0x09, 0x33,
        0xC9, 0xE8, 0xA7, 0x02, 0x00, 0x00, 0xEB, 0xEA, 0xB0, 0x01, 0x48, 0x83, 0xC4, 0x28, 0xC3, 0xCC, 0xCC, 0x40, 0x53, 0x48, 0x83, 0xEC, 0x20, 0x80, 0x3D,
        0x0C, 0x2F, 0x00, 0x00, 0x00, 0x8B, 0xD9, 0x75, 0x67, 0x83, 0xF9, 0x01, 0x77, 0x6A, 0xE8, 0x09, 0x08, 0x00, 0x00, 0x85, 0xC0, 0x74, 0x28, 0x85, 0xDB,
        0x75, 0x24, 0x48, 0x8D, 0x0D, 0xF6, 0x2E, 0x00, 0x00, 0xE8, 0x93, 0x08, 0x00, 0x00, 0x85, 0xC0, 0x75, 0x10, 0x48, 0x8D, 0x0D, 0xFE, 0x2E, 0x00, 0x00,
        0xE8, 0x83, 0x08, 0x00, 0x00, 0x85, 0xC0, 0x74, 0x2E, 0x32, 0xC0, 0xEB, 0x33, 0x66, 0x0F, 0x6F, 0x05, 0x19, 0x1B, 0x00, 0x00, 0x48, 0x83, 0xC8, 0xFF,
        0xF3, 0x0F, 0x7F, 0x05, 0xC5, 0x2E, 0x00, 0x00, 0x48, 0x89, 0x05, 0xCE, 0x2E, 0x00, 0x00, 0xF3, 0x0F, 0x7F, 0x05, 0xCE, 0x2E, 0x00, 0x00, 0x48, 0x89,
        0x05, 0xD7, 0x2E, 0x00, 0x00, 0xC6, 0x05, 0xA1, 0x2E, 0x00, 0x00, 0x01, 0xB0, 0x01, 0x48, 0x83, 0xC4, 0x20, 0x5B, 0xC3, 0xB9, 0x05, 0x00, 0x00, 0x00,
        0xE8, 0x6E, 0x02, 0x00, 0x00, 0xCC, 0xCC, 0x48, 0x83, 0xEC, 0x18, 0x4C, 0x8B, 0xC1, 0xB8, 0x4D, 0x5A, 0x00, 0x00, 0x66, 0x39, 0x05, 0x79, 0xE8, 0xFF,
        0xFF, 0x75, 0x78, 0x48, 0x63, 0x0D, 0xAC, 0xE8, 0xFF, 0xFF, 0x48, 0x8D, 0x15, 0x69, 0xE8, 0xFF, 0xFF, 0x48, 0x03, 0xCA, 0x81, 0x39, 0x50, 0x45, 0x00,
        0x00, 0x75, 0x5F, 0xB8, 0x0B, 0x02, 0x00, 0x00, 0x66, 0x39, 0x41, 0x18, 0x75, 0x54, 0x4C, 0x2B, 0xC2, 0x0F, 0xB7, 0x51, 0x14, 0x48, 0x83, 0xC2, 0x18,
        0x48, 0x03, 0xD1, 0x0F, 0xB7, 0x41, 0x06, 0x48, 0x8D, 0x0C, 0x80, 0x4C, 0x8D, 0x0C, 0xCA, 0x48, 0x89, 0x14, 0x24, 0x49, 0x3B, 0xD1, 0x74, 0x18, 0x8B,
        0x4A, 0x0C, 0x4C, 0x3B, 0xC1, 0x72, 0x0A, 0x8B, 0x42, 0x08, 0x03, 0xC1, 0x4C, 0x3B, 0xC0, 0x72, 0x08, 0x48, 0x83, 0xC2, 0x28, 0xEB, 0xDF, 0x33, 0xD2,
        0x48, 0x85, 0xD2, 0x75, 0x04, 0x32, 0xC0, 0xEB, 0x14, 0x83, 0x7A, 0x24, 0x00, 0x7D, 0x04, 0x32, 0xC0, 0xEB, 0x0A, 0xB0, 0x01, 0xEB, 0x06, 0x32, 0xC0,
        0xEB, 0x02, 0x32, 0xC0, 0x48, 0x83, 0xC4, 0x18, 0xC3, 0x40, 0x53, 0x48, 0x83, 0xEC, 0x20, 0x8A, 0xD9, 0xE8, 0xF3, 0x06, 0x00, 0x00, 0x33, 0xD2, 0x85,
        0xC0, 0x74, 0x0B, 0x84, 0xDB, 0x75, 0x07, 0x48, 0x87, 0x15, 0xCE, 0x2D, 0x00, 0x00, 0x48, 0x83, 0xC4, 0x20, 0x5B, 0xC3, 0x40, 0x53, 0x48, 0x83, 0xEC,
        0x20, 0x80, 0x3D, 0xC3, 0x2D, 0x00, 0x00, 0x00, 0x8A, 0xD9, 0x74, 0x04, 0x84, 0xD2, 0x75, 0x0C, 0xE8, 0x3A, 0x01, 0x00, 0x00, 0x8A, 0xCB, 0xE8, 0x33,
        0x01, 0x00, 0x00, 0xB0, 0x01, 0x48, 0x83, 0xC4, 0x20, 0x5B, 0xC3, 0xCC, 0xCC, 0xCC, 0x40, 0x53, 0x48, 0x83, 0xEC, 0x20, 0x48, 0x83, 0x3D, 0x9E, 0x2D,
        0x00, 0x00, 0xFF, 0x48, 0x8B, 0xD9, 0x75, 0x07, 0xE8, 0x42, 0x07, 0x00, 0x00, 0xEB, 0x0F, 0x48, 0x8B, 0xD3, 0x48, 0x8D, 0x0D, 0x88, 0x2D, 0x00, 0x00,
        0xE8, 0x2B, 0x07, 0x00, 0x00, 0x33, 0xD2, 0x85, 0xC0, 0x48, 0x0F, 0x44, 0xD3, 0x48, 0x8B, 0xC2, 0x48, 0x83, 0xC4, 0x20, 0x5B, 0xC3, 0xCC, 0xCC, 0x48,
        0x83, 0xEC, 0x28, 0xE8, 0xBB, 0xFF, 0xFF, 0xFF, 0x48, 0xF7, 0xD8, 0x1B, 0xC0, 0xF7, 0xD8, 0xFF, 0xC8, 0x48, 0x83, 0xC4, 0x28, 0xC3, 0xCC, 0x48, 0x89,
        0x5C, 0x24, 0x18, 0x55, 0x48, 0x8B, 0xEC, 0x48, 0x83, 0xEC, 0x30, 0x48, 0x8B, 0x05, 0x3C, 0x27, 0x00, 0x00, 0x48, 0xBB, 0x32, 0xA2, 0xDF, 0x2D, 0x99,
        0x2B, 0x00, 0x00, 0x48, 0x3B, 0xC3, 0x75, 0x77, 0x48, 0x8D, 0x4D, 0x10, 0x48, 0xC7, 0x45, 0x10, 0x00, 0x00, 0x00, 0x00, 0xFF, 0x15, 0x4B, 0x17, 0x00,
        0x00, 0x48, 0x8B, 0x45, 0x10, 0x48, 0x89, 0x45, 0xF0, 0xFF, 0x15, 0x1D, 0x17, 0x00, 0x00, 0x8B, 0xC0, 0x48, 0x31, 0x45, 0xF0, 0xFF, 0x15, 0x39, 0x17,
        0x00, 0x00, 0x8B, 0xC0, 0x48, 0x8D, 0x4D, 0x18, 0x48, 0x31, 0x45, 0xF0, 0xFF, 0x15, 0x31, 0x17, 0x00, 0x00, 0x8B, 0x45, 0x18, 0x48, 0x8D, 0x4D, 0xF0,
        0x48, 0xC1, 0xE0, 0x20, 0x48, 0x33, 0x45, 0x18, 0x48, 0x33, 0x45, 0xF0, 0x48, 0x33, 0xC1, 0x48, 0xB9, 0xFF, 0xFF, 0xFF, 0xFF, 0xFF, 0xFF, 0x00, 0x00,
        0x48, 0x23, 0xC1, 0x48, 0xB9, 0x33, 0xA2, 0xDF, 0x2D, 0x99, 0x2B, 0x00, 0x00, 0x48, 0x3B, 0xC3, 0x48, 0x0F, 0x44, 0xC1, 0x48, 0x89, 0x05, 0xB6, 0x26,
        0x00, 0x00, 0x48, 0x8B, 0x5C, 0x24, 0x50, 0x48, 0xF7, 0xD0, 0x48, 0x89, 0x05, 0xE7, 0x26, 0x00, 0x00, 0x48, 0x83, 0xC4, 0x30, 0x5D, 0xC3, 0xCC, 0x33,
        0xC0, 0xC3, 0xCC, 0xB8, 0x01, 0x00, 0x00, 0x00, 0xC3, 0xCC, 0xCC, 0xB8, 0x00, 0x40, 0x00, 0x00, 0xC3, 0xCC, 0xCC, 0x48, 0x8D, 0x0D, 0xC5, 0x2C, 0x00,
        0x00, 0x48, 0xFF, 0x25, 0xA6, 0x16, 0x00, 0x00, 0xCC, 0xCC, 0xB0, 0x01, 0xC3, 0xCC, 0xC2, 0x00, 0x00, 0xCC, 0x48, 0x8D, 0x05, 0xBD, 0x2C, 0x00, 0x00,
        0xC3, 0x48, 0x8D, 0x05, 0xBD, 0x2C, 0x00, 0x00, 0xC3, 0x48, 0x83, 0xEC, 0x28, 0xE8, 0xE7, 0xFF, 0xFF, 0xFF, 0x48, 0x83, 0x08, 0x24, 0xE8, 0xE6, 0xFF,
        0xFF, 0xFF, 0x48, 0x83, 0x08, 0x02, 0x48, 0x83, 0xC4, 0x28, 0xC3, 0xCC, 0x33, 0xC0, 0x39, 0x05, 0x8C, 0x26, 0x00, 0x00, 0x0F, 0x94, 0xC0, 0xC3, 0x48,
        0x8D, 0x05, 0xAD, 0x2C, 0x00, 0x00, 0xC3, 0x48, 0x8D, 0x05, 0x9D, 0x2C, 0x00, 0x00, 0xC3, 0xC7, 0x05, 0x82, 0x2C, 0x00, 0x00, 0x00, 0x00, 0x00, 0x00,
        0xC3, 0xCC, 0x48, 0x89, 0x5C, 0x24, 0x08, 0x55, 0x48, 0x8D, 0xAC, 0x24, 0x40, 0xFB, 0xFF, 0xFF, 0x48, 0x81, 0xEC, 0xC0, 0x05, 0x00, 0x00, 0x8B, 0xD9,
        0xB9, 0x17, 0x00, 0x00, 0x00, 0xFF, 0x15, 0xFE, 0x15, 0x00, 0x00, 0x85, 0xC0, 0x74, 0x04, 0x8B, 0xCB, 0xCD, 0x29, 0xB9, 0x03, 0x00, 0x00, 0x00, 0xE8,
        0xC0, 0xFF, 0xFF, 0xFF, 0x33, 0xD2, 0x48, 0x8D, 0x4D, 0xF0, 0x41, 0xB8, 0xD0, 0x04, 0x00, 0x00, 0xE8, 0x0D, 0x05, 0x00, 0x00, 0x48, 0x8D, 0x4D, 0xF0,
        0xFF, 0x15, 0x49, 0x16, 0x00, 0x00, 0x48, 0x8B, 0x9D, 0xE8, 0x00, 0x00, 0x00, 0x48, 0x8D, 0x95, 0xD8, 0x04, 0x00, 0x00, 0x48, 0x8B, 0xCB, 0x45, 0x33,
        0xC0, 0xFF, 0x15, 0x27, 0x16, 0x00, 0x00, 0x48, 0x85, 0xC0, 0x74, 0x3F, 0x48, 0x8B, 0x95, 0xD8, 0x04, 0x00, 0x00, 0x48, 0x8D, 0x8D, 0xE0, 0x04, 0x00,
        0x00, 0x48, 0xC7, 0x44, 0x24, 0x38, 0x00, 0x00, 0x00, 0x00, 0x4C, 0x8B, 0xC8, 0x48, 0x89, 0x4C, 0x24, 0x30, 0x4C, 0x8B, 0xC3, 0x48, 0x8D, 0x8D, 0xE8,
        0x04, 0x00, 0x00, 0x48, 0x89, 0x4C, 0x24, 0x28, 0x48, 0x8D, 0x4D, 0xF0, 0x48, 0x89, 0x4C, 0x24, 0x20, 0x33, 0xC9, 0xFF, 0x15, 0xDB, 0x15, 0x00, 0x00,
        0x48, 0x8B, 0x85, 0xC8, 0x04, 0x00, 0x00, 0x48, 0x8D, 0x4C, 0x24, 0x50, 0x48, 0x89, 0x85, 0xE8, 0x00, 0x00, 0x00, 0x33, 0xD2, 0x48, 0x8D, 0x85, 0xC8,
        0x04, 0x00, 0x00, 0x41, 0xB8, 0x98, 0x00, 0x00, 0x00, 0x48, 0x83, 0xC0, 0x08, 0x48, 0x89, 0x85, 0x88, 0x00, 0x00, 0x00, 0xE8, 0x73, 0x04, 0x00, 0x00,
        0x48, 0x8B, 0x85, 0xC8, 0x04, 0x00, 0x00, 0x48, 0x89, 0x44, 0x24, 0x60, 0xC7, 0x44, 0x24, 0x50, 0x15, 0x00, 0x00, 0x40, 0xC7, 0x44, 0x24, 0x54, 0x01,
        0x00, 0x00, 0x00, 0xFF, 0x15, 0x3F, 0x15, 0x00, 0x00, 0x8B, 0xD8, 0x33, 0xC9, 0x48, 0x8D, 0x44, 0x24, 0x50, 0x48, 0x89, 0x44, 0x24, 0x40, 0x48, 0x8D,
        0x45, 0xF0, 0x48, 0x89, 0x44, 0x24, 0x48, 0xFF, 0x15, 0x5A, 0x15, 0x00, 0x00, 0x48, 0x8D, 0x4C, 0x24, 0x40, 0xFF, 0x15, 0x57, 0x15, 0x00, 0x00, 0x85,
        0xC0, 0x75, 0x0D, 0x83, 0xFB, 0x01, 0x74, 0x08, 0x8D, 0x48, 0x03, 0xE8, 0xBA, 0xFE, 0xFF, 0xFF, 0x48, 0x8B, 0x9C, 0x24, 0xD0, 0x05, 0x00, 0x00, 0x48,
        0x81, 0xC4, 0xC0, 0x05, 0x00, 0x00, 0x5D, 0xC3, 0xCC, 0xE9, 0x2F, 0xFE, 0xFF, 0xFF, 0xCC, 0xCC, 0xCC, 0x48, 0x83, 0xEC, 0x28, 0x33, 0xC9, 0xFF, 0x15,
        0xD8, 0x14, 0x00, 0x00, 0x48, 0x85, 0xC0, 0x74, 0x3A, 0xB9, 0x4D, 0x5A, 0x00, 0x00, 0x66, 0x39, 0x08, 0x75, 0x30, 0x48, 0x63, 0x48, 0x3C, 0x81, 0x3C,
        0x01, 0x50, 0x45, 0x00, 0x00, 0x75, 0x23, 0xBA, 0x0B, 0x02, 0x00, 0x00, 0x66, 0x39, 0x54, 0x01, 0x18, 0x75, 0x17, 0x83, 0xBC, 0x01, 0x84, 0x00, 0x00,
        0x00, 0x0E, 0x76, 0x0D, 0x83, 0xBC, 0x01, 0xF8, 0x00, 0x00, 0x00, 0x00, 0x0F, 0x95, 0xC0, 0xEB, 0x02, 0x32, 0xC0, 0x48, 0x83, 0xC4, 0x28, 0xC3, 0xCC,
        0xCC, 0x48, 0x8D, 0x0D, 0x09, 0x00, 0x00, 0x00, 0x48, 0xFF, 0x25, 0xC2, 0x14, 0x00, 0x00, 0xCC, 0xCC, 0x48, 0x89, 0x5C, 0x24, 0x08, 0x57, 0x48, 0x83,
        0xEC, 0x20, 0x48, 0x8B, 0x19, 0x48, 0x8B, 0xF9, 0x81, 0x3B, 0x63, 0x73, 0x6D, 0xE0, 0x75, 0x24, 0x83, 0x7B, 0x18, 0x04, 0x75, 0x1E, 0x8B, 0x53, 0x20,
        0x81, 0xFA, 0x20, 0x05, 0x93, 0x19, 0x74, 0x20, 0x8D, 0x82, 0xDF, 0xFA, 0x6C, 0xE6, 0x83, 0xF8, 0x01, 0x76, 0x15, 0x81, 0xFA, 0x00, 0x40, 0x99, 0x01,
        0x74, 0x0D, 0x48, 0x8B, 0x5C, 0x24, 0x30, 0x33, 0xC0, 0x48, 0x83, 0xC4, 0x20, 0x5F, 0xC3, 0xE8, 0x40, 0x03, 0x00, 0x00, 0x48, 0x89, 0x18, 0x48, 0x8B,
        0x5F, 0x08, 0xE8, 0x3A, 0x03, 0x00, 0x00, 0x48, 0x89, 0x18, 0xE8, 0xC2, 0x03, 0x00, 0x00, 0xCC, 0xCC, 0x48, 0x89, 0x5C, 0x24, 0x08, 0x57, 0x48, 0x83,
        0xEC, 0x20, 0x48, 0x8D, 0x1D, 0xCB, 0x1B, 0x00, 0x00, 0x48, 0x8D, 0x3D, 0xC4, 0x1B, 0x00, 0x00, 0xEB, 0x12, 0x48, 0x8B, 0x03, 0x48, 0x85, 0xC0, 0x74,
        0x06, 0xFF, 0x15, 0x9C, 0x15, 0x00, 0x00, 0x48, 0x83, 0xC3, 0x08, 0x48, 0x3B, 0xDF, 0x72, 0xE9, 0x48, 0x8B, 0x5C, 0x24, 0x30, 0x48, 0x83, 0xC4, 0x20,
        0x5F, 0xC3, 0x48, 0x89, 0x5C, 0x24, 0x08, 0x57, 0x48, 0x83, 0xEC, 0x20, 0x48, 0x8D, 0x1D, 0x9F, 0x1B, 0x00, 0x00, 0x48, 0x8D, 0x3D, 0x98, 0x1B, 0x00,
        0x00, 0xEB, 0x12, 0x48, 0x8B, 0x03, 0x48, 0x85, 0xC0, 0x74, 0x06, 0xFF, 0x15, 0x60, 0x15, 0x00, 0x00, 0x48, 0x83, 0xC3, 0x08, 0x48, 0x3B, 0xDF, 0x72,
        0xE9, 0x48, 0x8B, 0x5C, 0x24, 0x30, 0x48, 0x83, 0xC4, 0x20, 0x5F, 0xC3, 0x48, 0x89, 0x5C, 0x24, 0x10, 0x48, 0x89, 0x6C, 0x24, 0x18, 0x48, 0x89, 0x74,
        0x24, 0x20, 0x57, 0x48, 0x83, 0xEC, 0x10, 0x33, 0xC0, 0x33, 0xC9, 0x0F, 0xA2, 0x81, 0xF1, 0x6E, 0x74, 0x65, 0x6C, 0x81, 0xF2, 0x69, 0x6E, 0x65, 0x49,
        0x0B, 0xD1, 0x8B, 0xE8, 0xB8, 0x01, 0x00, 0x00, 0x00, 0x81, 0xF3, 0x47, 0x65, 0x6E, 0x75, 0x0B, 0xD3, 0x8D, 0x48, 0xFF, 0x0F, 0xA2, 0x8B, 0xF9, 0x75,
        0x5E, 0x25, 0xF0, 0x3F, 0xFF, 0x0F, 0x48, 0xC7, 0x05, 0x9C, 0x23, 0x00, 0x00, 0x00, 0x80, 0x00, 0x00, 0x48, 0xC7, 0x05, 0x99, 0x23, 0x00, 0x00, 0xFF,
        0xFF, 0xFF, 0xFF, 0x3D, 0xC0, 0x06, 0x01, 0x00, 0x74, 0x28, 0x3D, 0x60, 0x06, 0x02, 0x00, 0x74, 0x21, 0x3D, 0x70, 0x06, 0x02, 0x00, 0x74, 0x1A, 0x05,
        0xB0, 0xF9, 0xFC, 0xFF, 0x83, 0xF8, 0x20, 0x77, 0x24, 0x48, 0xB9, 0x01, 0x00, 0x01, 0x00, 0x01, 0x00, 0x00, 0x00, 0x48, 0x0F, 0xA3, 0xC1, 0x73, 0x14,
        0x44, 0x8B, 0x05, 0x63, 0x29, 0x00, 0x00, 0x41, 0x83, 0xC8, 0x01, 0x44, 0x89, 0x05, 0x58, 0x29, 0x00, 0x00, 0xEB, 0x07, 0x44, 0x8B, 0x05, 0x4F, 0x29,
        0x00, 0x00, 0x45, 0x33, 0xC9, 0x41, 0x8B, 0xF1, 0x45, 0x8B, 0xD1, 0x45, 0x8B, 0xD9, 0x83, 0xFD, 0x07, 0x7C, 0x40, 0x41, 0x8D, 0x41, 0x07, 0x33, 0xC9,
        0x0F, 0xA2, 0x8B, 0xF2, 0x44, 0x8B, 0xCB, 0x0F, 0xBA, 0xE3, 0x09, 0x73, 0x0B, 0x41, 0x83, 0xC8, 0x02, 0x44, 0x89, 0x05, 0x20, 0x29, 0x00, 0x00, 0x83,
        0xF8, 0x01, 0x7C, 0x0D, 0xB8, 0x07, 0x00, 0x00, 0x00, 0x8D, 0x48, 0xFA, 0x0F, 0xA2, 0x44, 0x8B, 0xD2, 0xB8, 0x24, 0x00, 0x00, 0x00, 0x3B, 0xE8, 0x7C,
        0x07, 0x33, 0xC9, 0x0F, 0xA2, 0x44, 0x8B, 0xDB, 0x48, 0x8B, 0x05, 0xDF, 0x22, 0x00, 0x00, 0x48, 0x83, 0xE0, 0xFE, 0xC7, 0x05, 0xD9, 0x22, 0x00, 0x00,
        0x01, 0x00, 0x00, 0x00, 0xC7, 0x05, 0xD3, 0x22, 0x00, 0x00, 0x02, 0x00, 0x00, 0x00, 0x48, 0x89, 0x05, 0xC0, 0x22, 0x00, 0x00, 0x0F, 0xBA, 0xE7, 0x14,
        0x73, 0x1F, 0x48, 0x83, 0xE0, 0xEF, 0xC7, 0x05, 0xB4, 0x22, 0x00, 0x00, 0x02, 0x00, 0x00, 0x00, 0x48, 0x89, 0x05, 0xA5, 0x22, 0x00, 0x00, 0xC7, 0x05,
        0xA7, 0x22, 0x00, 0x00, 0x06, 0x00, 0x00, 0x00, 0x0F, 0xBA, 0xE7, 0x1B, 0x0F, 0x83, 0x33, 0x01, 0x00, 0x00, 0x33, 0xC9, 0x0F, 0x01, 0xD0, 0x48, 0xC1,
        0xE2, 0x20, 0x48, 0x0B, 0xD0, 0x48, 0x89, 0x54, 0x24, 0x20, 0x0F, 0xBA, 0xE7, 0x1C, 0x0F, 0x83, 0xFC, 0x00, 0x00, 0x00, 0x48, 0x8B, 0x44, 0x24, 0x20,
        0x24, 0x06, 0x3C, 0x06, 0x0F, 0x85, 0xED, 0x00, 0x00, 0x00, 0x8B, 0x05, 0x6D, 0x22, 0x00, 0x00, 0xB2, 0xE0, 0x83, 0xC8, 0x08, 0xC7, 0x05, 0x5A, 0x22,
        0x00, 0x00, 0x03, 0x00, 0x00, 0x00, 0x89, 0x05, 0x58, 0x22, 0x00, 0x00, 0x41, 0xF6, 0xC1, 0x20, 0x74, 0x62, 0x83, 0xC8, 0x20, 0xC7, 0x05, 0x41, 0x22,
        0x00, 0x00, 0x05, 0x00, 0x00, 0x00, 0x89, 0x05, 0x3F, 0x22, 0x00, 0x00, 0xB9, 0x00, 0x00, 0x03, 0xD0, 0x48, 0x8B, 0x05, 0x27, 0x22, 0x00, 0x00, 0x44,
        0x23, 0xC9, 0x48, 0x83, 0xE0, 0xFD, 0x48, 0x89, 0x05, 0x19, 0x22, 0x00, 0x00, 0x44, 0x3B, 0xC9, 0x75, 0x37, 0x48, 0x8B, 0x44, 0x24, 0x20, 0x22, 0xC2,
        0x3A, 0xC2, 0x75, 0x25, 0x48, 0x8B, 0x05, 0x02, 0x22, 0x00, 0x00, 0x83, 0x0D, 0x07, 0x22, 0x00, 0x00, 0x40, 0x48, 0x83, 0xE0, 0xDB, 0xC7, 0x05, 0xF5,
        0x21, 0x00, 0x00, 0x06, 0x00, 0x00, 0x00, 0x48, 0x89, 0x05, 0xE6, 0x21, 0x00, 0x00, 0xEB, 0x07, 0x48, 0x8B, 0x05, 0xDD, 0x21, 0x00, 0x00, 0x0F, 0xBA,
        0xE6, 0x17, 0x73, 0x0C, 0x48, 0x0F, 0xBA, 0xF0, 0x18, 0x48, 0x89, 0x05, 0xCB, 0x21, 0x00, 0x00, 0x41, 0x0F, 0xBA, 0xE2, 0x13, 0x73, 0x4A, 0x48, 0x8B,
        0x44, 0x24, 0x20, 0x22, 0xC2, 0x3A, 0xC2, 0x75, 0x3F, 0x41, 0x8B, 0xCB, 0x41, 0x8B, 0xC3, 0x48, 0xC1, 0xE9, 0x10, 0x25, 0xFF, 0x00, 0x04, 0x00, 0x83,
        0xE1, 0x06, 0x89, 0x05, 0xB5, 0x27, 0x00, 0x00, 0x48, 0x81, 0xC9, 0x29, 0x00, 0x00, 0x01, 0x48, 0xF7, 0xD1, 0x48, 0x23, 0x0D, 0x90, 0x21, 0x00, 0x00,
        0x48, 0x89, 0x0D, 0x89, 0x21, 0x00, 0x00, 0x3C, 0x01, 0x76, 0x0B, 0x48, 0x83, 0xE1, 0xBF, 0x48, 0x89, 0x0D, 0x7A, 0x21, 0x00, 0x00, 0x41, 0x0F, 0xBA,
        0xE2, 0x15, 0x73, 0x15, 0x48, 0x8B, 0x44, 0x24, 0x20, 0x48, 0x0F, 0xBA, 0xE0, 0x13, 0x73, 0x09, 0x48, 0x0F, 0xBA, 0x35, 0x5E, 0x21, 0x00, 0x00, 0x07,
        0x48, 0x8B, 0x5C, 0x24, 0x28, 0x33, 0xC0, 0x48, 0x8B, 0x6C, 0x24, 0x30, 0x48, 0x8B, 0x74, 0x24, 0x38, 0x48, 0x83, 0xC4, 0x10, 0x5F, 0xC3, 0xCC, 0xCC,
        0xCC, 0x33, 0xC0, 0x39, 0x05, 0x5C, 0x21, 0x00, 0x00, 0x0F, 0x95, 0xC0, 0xC3, 0xCC, 0xCC, 0xCC, 0xCC, 0xCC, 0xCC, 0xCC, 0xCC, 0xFF, 0x25, 0x8A, 0x11,
        0x00, 0x00, 0xFF, 0x25, 0x7C, 0x11, 0x00, 0x00, 0xFF, 0x25, 0x6E, 0x11, 0x00, 0x00, 0xFF, 0x25, 0x80, 0x11, 0x00, 0x00, 0xFF, 0x25, 0x02, 0x12, 0x00,
        0x00, 0xFF, 0x25, 0x3C, 0x12, 0x00, 0x00, 0xFF, 0x25, 0xA6, 0x11, 0x00, 0x00, 0xFF, 0x25, 0x28, 0x12, 0x00, 0x00, 0xFF, 0x25, 0x1A, 0x12, 0x00, 0x00,
        0xFF, 0x25, 0x0C, 0x12, 0x00, 0x00, 0xFF, 0x25, 0xFE, 0x11, 0x00, 0x00, 0xFF, 0x25, 0xF0, 0x11, 0x00, 0x00, 0xFF, 0x25, 0xE2, 0x11, 0x00, 0x00, 0xFF,
        0x25, 0xD4, 0x11, 0x00, 0x00, 0xFF, 0x25, 0x26, 0x12, 0x00, 0x00, 0xFF, 0x25, 0xB8, 0x11, 0x00, 0x00, 0xFF, 0x25, 0xAA, 0x11, 0x00, 0x00, 0xFF, 0x25,
        0x9C, 0x11, 0x00, 0x00, 0xFF, 0x25, 0x8E, 0x11, 0x00, 0x00, 0xFF, 0x25, 0x80, 0x11, 0x00, 0x00, 0xFF, 0x25, 0x42, 0x11, 0x00, 0x00, 0xFF, 0x25, 0x2C,
        0x11, 0x00, 0x00, 0xFF, 0x25, 0xEE, 0x11, 0x00, 0x00, 0xFF, 0x25, 0x50, 0x11, 0x00, 0x00, 0xFF, 0x25, 0x5A, 0x11, 0x00, 0x00, 0xFF, 0x25, 0xCC, 0x11,
        0x00, 0x00, 0xFF, 0x25, 0x46, 0x11, 0x00, 0x00, 0xFF, 0x25, 0xF8, 0x10, 0x00, 0x00, 0xCC, 0xCC, 0xCC, 0xCC, 0xCC, 0xCC, 0xCC, 0xCC, 0xCC, 0xCC, 0xCC,
        0xCC, 0xCC, 0xCC, 0x66, 0x66, 0x0F, 0x1F, 0x84, 0x00, 0x00, 0x00, 0x00, 0x00, 0xFF, 0xE0, 0xCC, 0xCC, 0xCC, 0xCC, 0xCC, 0xCC, 0xCC, 0xCC, 0xCC, 0xCC,
        0xCC, 0xCC, 0xCC, 0xCC, 0xCC, 0xCC, 0xCC, 0xCC, 0xCC, 0xCC, 0x66, 0x66, 0x0F, 0x1F, 0x84, 0x00, 0x00, 0x00, 0x00, 0x00, 0xFF, 0x25, 0xBA, 0x11, 0x00,
        0x00, 0x40, 0x55, 0x48, 0x83, 0xEC, 0x20, 0x48, 0x8B, 0xEA, 0x48, 0x8B, 0xD1, 0x48, 0x8B, 0x09, 0x8B, 0x09, 0xE8, 0x1C, 0xFF, 0xFF, 0xFF, 0x90, 0x48,
        0x83, 0xC4, 0x20, 0x5D, 0xC3, 0xCC, 0x40, 0x55, 0x48, 0x8B, 0xEA, 0x48, 0x8B, 0x01, 0x33, 0xC9, 0x81, 0x38, 0x05, 0x00, 0x00, 0xC0, 0x0F, 0x94, 0xC1,
        0x8B, 0xC1, 0x5D, 0xC3, 0xCC, 0x00, 0x00, 0x00, 0x00, 0x00, 0x00, 0x00, 0x00, 0x00, 0x00, 0x00, 0x00, 0x00, 0x00, 0x00, 0x00, 0x00, 0x00, 0x00, 0x00,
        0x00, 0x00, 0x00, 0x00, 0x00, 0x00, 0x00, 0x00, 0x00, 0x00, 0x00, 0x00, 0x00, 0x00, 0x00, 0x00, 0x00, 0x00, 0x00, 0x00, 0x00, 0x00, 0x00, 0x00, 0x00,
        0x00, 0x00, 0x00, 0x00, 0x00, 0x00, 0x00, 0x00, 0x00, 0x00, 0x00, 0x00, 0x00, 0x00, 0x00, 0x00, 0x00, 0x00, 0x00, 0x00, 0x00, 0x00, 0x00, 0x00, 0x00,
        0x00, 0x00, 0x00, 0x00, 0x00, 0x00, 0x00, 0x00, 0x00, 0x00, 0x00, 0x00, 0x00, 0x00, 0x00, 0x00, 0x00, 0x00, 0x00, 0x00, 0x00, 0x00, 0x00, 0x00, 0x00,
        0x00, 0x00, 0x00, 0x00, 0x00, 0x00, 0x00, 0x00, 0x00, 0x00, 0x00, 0x00, 0x00, 0x00, 0x00, 0x00, 0x00, 0x00, 0x00, 0x00, 0x00, 0x00, 0x00, 0x00, 0x00,
        0x00, 0x00, 0x00, 0x00, 0x00, 0x00, 0x00, 0x00, 0x00, 0x00, 0x00, 0x00, 0x00, 0x00, 0x00, 0x00, 0x00, 0x00, 0x00, 0x00, 0x00, 0x00, 0x00, 0x00, 0x00,
        0x00, 0x00, 0x00, 0x00, 0x00, 0x00, 0x00, 0x00, 0x00, 0x00, 0x00, 0x00, 0x00, 0x00, 0x00, 0x00, 0x00, 0x00, 0x00, 0x00, 0x00, 0x00, 0x00, 0x00, 0x00,
        0x00, 0x00, 0x00, 0x00, 0x00, 0x00, 0x00, 0x00, 0x00, 0x00, 0x00, 0x00, 0x00, 0x00, 0x00, 0x00, 0x00, 0x00, 0x00, 0x00, 0x00, 0x00, 0x00, 0x00, 0x00,
        0x00, 0x00, 0x00, 0x00, 0x00, 0x00, 0x00, 0x00, 0x00, 0x00, 0x00, 0x00, 0x00, 0x00, 0x00, 0x00, 0x00, 0x00, 0x00, 0x00, 0x00, 0x00, 0x00, 0x00, 0x00,
        0x00, 0x00, 0x00, 0x00, 0x00, 0x00, 0x00, 0x00, 0x00, 0x00, 0x00, 0x00, 0x00, 0x00, 0x00, 0x00, 0x00, 0x00, 0x00, 0x00, 0x00, 0x00, 0x00, 0x00, 0x00,
        0x00, 0x00, 0x00, 0x00, 0x00, 0x00, 0x00, 0x00, 0x00, 0x00, 0x00, 0x00, 0x00, 0x00, 0x00, 0x00, 0x00, 0x00, 0x00, 0x00, 0x00, 0x00, 0x00, 0x00, 0x00,
        0x00, 0x00, 0x00, 0x00, 0x00, 0x00, 0x00, 0x00, 0x00, 0x00, 0x00, 0x00, 0x00, 0x00, 0x00, 0x00, 0x00, 0x00, 0x00, 0x00, 0x00, 0x00, 0x00, 0x00, 0x00,
        0x00, 0x00, 0x00, 0x00, 0x00, 0x00, 0x00, 0x00, 0x00, 0x00, 0x00, 0x00, 0x00, 0x00, 0x00, 0x00, 0x00, 0x00, 0x00, 0x00, 0x00, 0x00, 0x00, 0x00, 0x00,
        0x00, 0x00, 0x00, 0x00, 0x00, 0x00, 0x00, 0x00, 0x00, 0x00, 0x00, 0x00, 0x00, 0x00, 0x00, 0x00, 0x00, 0x00, 0x00, 0x00, 0x00, 0x00, 0x00, 0x00, 0x00,
        0x00, 0x00, 0x00, 0x00, 0x00, 0x00, 0x00, 0x00, 0x00, 0x00, 0x00, 0x00, 0x00, 0x00, 0x00, 0x00, 0x00, 0x00, 0x00, 0x00, 0x00, 0x00, 0x00, 0x00, 0x00,
        0x00, 0x00, 0x00, 0x00, 0x00, 0x00, 0x00, 0x00, 0x00, 0x00, 0x00, 0x00, 0x00, 0x00, 0x00, 0x00, 0x00, 0x00, 0x00, 0x00, 0x00, 0x00, 0x00, 0x00, 0x00,
        0x00, 0x00, 0x00, 0x00, 0x00, 0x00, 0x00, 0x00, 0x00, 0x00, 0x00, 0x00, 0x00, 0x00, 0x00, 0x00, 0x00, 0x00, 0x00, 0x00, 0x00, 0x00, 0x00, 0x00, 0x00,
        0x00, 0x00, 0x00, 0x00, 0x00, 0x00, 0x00, 0x00, 0x00, 0x00, 0x00, 0x00, 0x00, 0x00, 0x00, 0x00, 0x00, 0x00, 0x00, 0x00, 0x00, 0x00, 0x00, 0x00, 0x00,
        0x00, 0x00, 0x00, 0x00, 0x00, 0x00, 0x00, 0x04, 0x3F, 0x00, 0x00, 0x00, 0x00, 0x00, 0x00, 0x42, 0x3E, 0x00, 0x00, 0x00, 0x00, 0x00, 0x00, 0x4A, 0x3E,
        0x00, 0x00, 0x00, 0x00, 0x00, 0x00, 0x94, 0x3F, 0x00, 0x00, 0x00, 0x00, 0x00, 0x00, 0x80, 0x3F, 0x00, 0x00, 0x00, 0x00, 0x00, 0x00, 0x6A, 0x3F, 0x00,
        0x00, 0x00, 0x00, 0x00, 0x00, 0x50, 0x3F, 0x00, 0x00, 0x00, 0x00, 0x00, 0x00, 0x3A, 0x3F, 0x00, 0x00, 0x00, 0x00, 0x00, 0x00, 0x20, 0x3F, 0x00, 0x00,
        0x00, 0x00, 0x00, 0x00, 0xF0, 0x3E, 0x00, 0x00, 0x00, 0x00, 0x00, 0x00, 0xDC, 0x3E, 0x00, 0x00, 0x00, 0x00, 0x00, 0x00, 0xBE, 0x3E, 0x00, 0x00, 0x00,
        0x00, 0x00, 0x00, 0xA2, 0x3E, 0x00, 0x00, 0x00, 0x00, 0x00, 0x00, 0x8E, 0x3E, 0x00, 0x00, 0x00, 0x00, 0x00, 0x00, 0x74, 0x3E, 0x00, 0x00, 0x00, 0x00,
        0x00, 0x00, 0x60, 0x3E, 0x00, 0x00, 0x00, 0x00, 0x00, 0x00, 0x00, 0x00, 0x00, 0x00, 0x00, 0x00, 0x00, 0x00, 0x48, 0x3B, 0x00, 0x00, 0x00, 0x00, 0x00,
        0x00, 0x60, 0x3B, 0x00, 0x00, 0x00, 0x00, 0x00, 0x00, 0x00, 0x00, 0x00, 0x00, 0x00, 0x00, 0x00, 0x00, 0xB2, 0x3B, 0x00, 0x00, 0x00, 0x00, 0x00, 0x00,
        0x9C, 0x3B, 0x00, 0x00, 0x00, 0x00, 0x00, 0x00, 0x84, 0x3B, 0x00, 0x00, 0x00, 0x00, 0x00, 0x00, 0xD0, 0x3B, 0x00, 0x00, 0x00, 0x00, 0x00, 0x00, 0xB6,
        0x3F, 0x00, 0x00, 0x00, 0x00, 0x00, 0x00, 0x00, 0x00, 0x00, 0x00, 0x00, 0x00, 0x00, 0x00, 0x2C, 0x3D, 0x00, 0x00, 0x00, 0x00, 0x00, 0x00, 0x00, 0x00,
        0x00, 0x00, 0x00, 0x00, 0x00, 0x00, 0x16, 0x3D, 0x00, 0x00, 0x00, 0x00, 0x00, 0x00, 0x00, 0x00, 0x00, 0x00, 0x00, 0x00, 0x00, 0x00, 0x0E, 0x3C, 0x00,
        0x00, 0x00, 0x00, 0x00, 0x00, 0x00, 0x00, 0x00, 0x00, 0x00, 0x00, 0x00, 0x00, 0x4C, 0x3D, 0x00, 0x00, 0x00, 0x00, 0x00, 0x00, 0x92, 0x3D, 0x00, 0x00,
        0x00, 0x00, 0x00, 0x00, 0x68, 0x3D, 0x00, 0x00, 0x00, 0x00, 0x00, 0x00, 0xE8, 0x3C, 0x00, 0x00, 0x00, 0x00, 0x00, 0x00, 0xDE, 0x3C, 0x00, 0x00, 0x00,
        0x00, 0x00, 0x00, 0xD4, 0x3C, 0x00, 0x00, 0x00, 0x00, 0x00, 0x00, 0xC6, 0x3C, 0x00, 0x00, 0x00, 0x00, 0x00, 0x00, 0xB8, 0x3C, 0x00, 0x00, 0x00, 0x00,
        0x00, 0x00, 0xEC, 0x3B, 0x00, 0x00, 0x00, 0x00, 0x00, 0x00, 0xA2, 0x3C, 0x00, 0x00, 0x00, 0x00, 0x00, 0x00, 0x9A, 0x3C, 0x00, 0x00, 0x00, 0x00, 0x00,
        0x00, 0x8C, 0x3C, 0x00, 0x00, 0x00, 0x00, 0x00, 0x00, 0x80, 0x3C, 0x00, 0x00, 0x00, 0x00, 0x00, 0x00, 0x5E, 0x3C, 0x00, 0x00, 0x00, 0x00, 0x00, 0x00,
        0x3C, 0x3C, 0x00, 0x00, 0x00, 0x00, 0x00, 0x00, 0x22, 0x3C, 0x00, 0x00, 0x00, 0x00, 0x00, 0x00, 0xFE, 0x3B, 0x00, 0x00, 0x00, 0x00, 0x00, 0x00, 0x84,
        0x3D, 0x00, 0x00, 0x00, 0x00, 0x00, 0x00, 0x00, 0x00, 0x00, 0x00, 0x00, 0x00, 0x00, 0x00, 0x3C, 0x3D, 0x00, 0x00, 0x00, 0x00, 0x00, 0x00, 0xAA, 0x3C,
        0x00, 0x00, 0x00, 0x00, 0x00, 0x00, 0x00, 0x00, 0x00, 0x00, 0x00, 0x00, 0x00, 0x00, 0x88, 0x19, 0x00, 0x40, 0x01, 0x00, 0x00, 0x00, 0x88, 0x19, 0x00,
        0x40, 0x01, 0x00, 0x00, 0x00, 0xE0, 0x1F, 0x00, 0x40, 0x01, 0x00, 0x00, 0x00, 0x00, 0x20, 0x00, 0x40, 0x01, 0x00, 0x00, 0x00, 0x00, 0x20, 0x00, 0x40,
        0x01, 0x00, 0x00, 0x00, 0x00, 0x00, 0x00, 0x00, 0x00, 0x00, 0x00, 0x00, 0xC2, 0x1F, 0x00, 0x40, 0x01, 0x00, 0x00, 0x00, 0x00, 0x00, 0x00, 0x00, 0x00,
        0x00, 0x00, 0x00, 0x48, 0x13, 0x00, 0x40, 0x01, 0x00, 0x00, 0x00, 0x00, 0x00, 0x00, 0x00, 0x00, 0x00, 0x00, 0x00, 0x00, 0x00, 0x00, 0x00, 0x00, 0x00,
        0x00, 0x00, 0x80, 0x12, 0x00, 0x40, 0x01, 0x00, 0x00, 0x00, 0x38, 0x13, 0x00, 0x40, 0x01, 0x00, 0x00, 0x00, 0x00, 0x00, 0x00, 0x00, 0x00, 0x00, 0x00,
        0x00, 0x00, 0x00, 0x00, 0x00, 0x00, 0x00, 0x00, 0x00, 0x00, 0x00, 0x00, 0x00, 0x00, 0x00, 0x00, 0x00, 0x00, 0x00, 0x00, 0x00, 0x00, 0x00, 0x00, 0x00,
        0x00, 0x00, 0x00, 0x00, 0x00, 0x00, 0x00, 0x00, 0x80, 0x40, 0x00, 0x40, 0x01, 0x00, 0x00, 0x00, 0x20, 0x41, 0x00, 0x40, 0x01, 0x00, 0x00, 0x00, 0xFF,
        0xFF, 0xFF, 0xFF, 0xFF, 0xFF, 0xFF, 0xFF, 0xFF, 0xFF, 0xFF, 0xFF, 0xFF, 0xFF, 0xFF, 0xFF, 0x40, 0x01, 0x00, 0x00, 0x00, 0x00, 0x00, 0x00, 0x00, 0x00,
        0x00, 0x00, 0x00, 0x00, 0x00, 0x00, 0x00, 0x00, 0x00, 0x00, 0x00, 0x00, 0x00, 0x00, 0x00, 0x00, 0x00, 0x00, 0x00, 0x00, 0x00, 0x00, 0x00, 0x00, 0x00,
        0x00, 0x00, 0x00, 0x00, 0x00, 0x00, 0x00, 0x00, 0x00, 0x00, 0x00, 0x00, 0x00, 0x00, 0x00, 0x00, 0x00, 0x00, 0x00, 0x00, 0x00, 0x00, 0x00, 0x00, 0x00,
        0x00, 0x00, 0x00, 0x00, 0x00, 0x00, 0x00, 0x00, 0x00, 0x00, 0x00, 0x00, 0x00, 0x00, 0x00, 0x00, 0x00, 0x00, 0x00, 0x00, 0x00, 0x00, 0x00, 0x00, 0x00,
        0x00, 0x00, 0x00, 0x00, 0x40, 0x00, 0x40, 0x01, 0x00, 0x00, 0x00, 0x00, 0x00, 0x00, 0x00, 0x00, 0x00, 0x00, 0x00, 0x00, 0x00, 0x00, 0x00, 0x00, 0x00,
        0x00, 0x00, 0xB0, 0x31, 0x00, 0x40, 0x01, 0x00, 0x00, 0x00, 0xC0, 0x31, 0x00, 0x40, 0x01, 0x00, 0x00, 0x00, 0x00, 0x00, 0x00, 0x00, 0x00, 0x00, 0x00,
        0x00, 0x00, 0x00, 0x00, 0x00, 0x00, 0x00, 0x00, 0x00, 0x00, 0x01, 0x00, 0x00, 0x00, 0x00, 0x00, 0x00, 0x00, 0x00, 0x00, 0x00, 0x00, 0x00, 0x00, 0x00,
        0x00, 0x00, 0x00, 0x00, 0x00, 0x00, 0x00, 0x00, 0x00, 0x00, 0x00, 0x00, 0x00, 0x00, 0x00, 0x00, 0x00, 0x00, 0x00, 0x00, 0x00, 0x00, 0x00, 0x00, 0x00,
        0x00, 0x00, 0x00, 0x00, 0x00, 0x00, 0x00, 0x00, 0x00, 0x00, 0x00, 0x00, 0x00, 0x00, 0x00, 0x00, 0x00, 0x00, 0x00, 0x00, 0x00, 0x00, 0x00, 0x00, 0x00,
        0x00, 0x00, 0x00, 0x00, 0x00, 0x00, 0x00, 0x00, 0x00, 0x00, 0x00, 0x00, 0x00, 0x00, 0x00, 0x00, 0x00, 0x00, 0x00, 0x00, 0x00, 0x00, 0x00, 0x00, 0x00,
        0x00, 0x00, 0x00, 0x00, 0x00, 0x00, 0x00, 0x00, 0x00, 0x00, 0x00, 0x00, 0x00, 0x00, 0x00, 0x00, 0x00, 0x00, 0x00, 0x00, 0x00, 0x80, 0x34, 0x00, 0x40,
        0x01, 0x00, 0x00, 0x00, 0x00, 0x00, 0x00, 0x00, 0x00, 0x00, 0x00, 0x00, 0x00, 0x00, 0x00, 0x00, 0x00, 0x00, 0x00, 0x00, 0xB8, 0x31, 0x00, 0x40, 0x01,
        0x00, 0x00, 0x00, 0xC8, 0x31, 0x00, 0x40, 0x01, 0x00, 0x00, 0x00, 0xD0, 0x31, 0x00, 0x40, 0x01, 0x00, 0x00, 0x00, 0xD8, 0x31, 0x00, 0x40, 0x01, 0x00,
        0x00, 0x00, 0xE0, 0x31, 0x00, 0x40, 0x01, 0x00, 0x00, 0x00, 0x00, 0x00, 0x00, 0x00, 0x25, 0x6F, 0x60, 0x68, 0x00, 0x00, 0x00, 0x00, 0x02, 0x00, 0x00,
        0x00, 0x54, 0x00, 0x00, 0x00, 0xE4, 0x34, 0x00, 0x00, 0xE4, 0x1A, 0x00, 0x00, 0x00, 0x00, 0x00, 0x00, 0x25, 0x6F, 0x60, 0x68, 0x00, 0x00, 0x00, 0x00,
        0x0C, 0x00, 0x00, 0x00, 0x14, 0x00, 0x00, 0x00, 0x38, 0x35, 0x00, 0x00, 0x38, 0x1B, 0x00, 0x00, 0x00, 0x00, 0x00, 0x00, 0x25, 0x6F, 0x60, 0x68, 0x00,
        0x00, 0x00, 0x00, 0x0D, 0x00, 0x00, 0x00, 0x84, 0x02, 0x00, 0x00, 0x4C, 0x35, 0x00, 0x00, 0x4C, 0x1B, 0x00, 0x00, 0x00, 0x00, 0x00, 0x00, 0x25, 0x6F,
        0x60, 0x68, 0x00, 0x00, 0x00, 0x00, 0x0E, 0x00, 0x00, 0x00, 0x00, 0x00, 0x00, 0x00, 0x00, 0x00, 0x00, 0x00, 0x00, 0x00, 0x00, 0x00, 0x00, 0x00, 0x00,
        0x00, 0x00, 0x00, 0x00, 0x00, 0x00, 0x00, 0x00, 0x00, 0x00, 0x00, 0x00, 0x00, 0x00, 0x00, 0x00, 0x00, 0x00, 0x00, 0x00, 0x00, 0x00, 0x00, 0x00, 0x00,
        0x00, 0x00, 0x00, 0x00, 0x00, 0x00, 0x00, 0x00, 0x00, 0x00, 0x00, 0x00, 0x00, 0x00, 0x00, 0x00, 0x00, 0x00, 0x00, 0x00, 0x00, 0x00, 0x00, 0x00, 0x00,
        0x00, 0x00, 0x00, 0x00, 0x00, 0x00, 0x00, 0x00, 0x00, 0x00, 0x00, 0x00, 0x00, 0x00, 0x00, 0x00, 0x00, 0x00, 0x00, 0x00, 0x00, 0x00, 0x00, 0x00, 0x00,
        0x00, 0x00, 0x00, 0x00, 0x00, 0x00, 0x00, 0x00, 0x00, 0x00, 0x00, 0x00, 0x00, 0x00, 0x00, 0x00, 0x00, 0x00, 0x00, 0x00, 0x00, 0x00, 0x00, 0x00, 0x00,
        0x00, 0x00, 0x00, 0x00, 0x00, 0x00, 0x00, 0x00, 0x00, 0x18, 0x00, 0x00, 0x00, 0x03, 0x80, 0x03, 0x80, 0x98, 0x34, 0x00, 0x00, 0x34, 0x00, 0x00, 0x00,
        0xCC, 0x34, 0x00, 0x00, 0x18, 0x00, 0x00, 0x00, 0x53, 0x15, 0x00, 0x00, 0xCF, 0x15, 0x00, 0x00, 0xE4, 0x15, 0x00, 0x00, 0x7D, 0x16, 0x00, 0x00, 0x93,
        0x16, 0x00, 0x00, 0x23, 0x18, 0x00, 0x00, 0x8D, 0x1A, 0x00, 0x00, 0xBF, 0x1A, 0x00, 0x00, 0xCB, 0x1D, 0x00, 0x00, 0xDA, 0x1D, 0x00, 0x00, 0x3C, 0x1E,
        0x00, 0x00, 0x8C, 0x1E, 0x00, 0x00, 0xDD, 0x1E, 0x00, 0x00, 0x40, 0x12, 0x00, 0x00, 0x10, 0x00, 0x00, 0x00, 0x80, 0x12, 0x00, 0x00, 0xA0, 0x0C, 0x00,
        0x00, 0x06, 0x20, 0x00, 0x00, 0x36, 0x00, 0x00, 0x00, 0x52, 0x53, 0x44, 0x53, 0x47, 0xFC, 0x47, 0xE7, 0x13, 0x27, 0x65, 0x46, 0xB4, 0xA3, 0x75, 0xEF,
        0x9A, 0x29, 0x6F, 0x87, 0x03, 0x00, 0x00, 0x00, 0x43, 0x3A, 0x5C, 0x41, 0x74, 0x6F, 0x6D, 0x69, 0x63, 0x53, 0x68, 0x69, 0x65, 0x6C, 0x64, 0x5C, 0x41,
        0x74, 0x6F, 0x6D, 0x69, 0x63, 0x53, 0x68, 0x69, 0x65, 0x6C, 0x64, 0x43, 0x6C, 0x69, 0x65, 0x6E, 0x74, 0x5C, 0x78, 0x36, 0x34, 0x5C, 0x52, 0x65, 0x6C,
        0x65, 0x61, 0x73, 0x65, 0x5C, 0x50, 0x72, 0x6F, 0x6A, 0x65, 0x63, 0x74, 0x31, 0x2E, 0x70, 0x64, 0x62, 0x00, 0x00, 0x00, 0x00, 0x00, 0x1E, 0x00, 0x00,
        0x00, 0x1E, 0x00, 0x00, 0x00, 0x01, 0x00, 0x00, 0x00, 0x1D, 0x00, 0x00, 0x00, 0x47, 0x43, 0x54, 0x4C, 0x00, 0x10, 0x00, 0x00, 0xD0, 0x0F, 0x00, 0x00,
        0x2E, 0x74, 0x65, 0x78, 0x74, 0x24, 0x6D, 0x6E, 0x00, 0x00, 0x00, 0x00, 0xD0, 0x1F, 0x00, 0x00, 0x36, 0x00, 0x00, 0x00, 0x2E, 0x74, 0x65, 0x78, 0x74,
        0x24, 0x6D, 0x6E, 0x24, 0x30, 0x30, 0x00, 0x06, 0x20, 0x00, 0x00, 0x36, 0x00, 0x00, 0x00, 0x2E, 0x74, 0x65, 0x78, 0x74, 0x24, 0x78, 0x00, 0x00, 0x30,
        0x00, 0x00, 0xB0, 0x01, 0x00, 0x00, 0x2E, 0x69, 0x64, 0x61, 0x74, 0x61, 0x24, 0x35, 0x00, 0x00, 0x00, 0x00, 0xB0, 0x31, 0x00, 0x00, 0x38, 0x00, 0x00,
        0x00, 0x2E, 0x30, 0x30, 0x63, 0x66, 0x67, 0x00, 0x00, 0xE8, 0x31, 0x00, 0x00, 0x08, 0x00, 0x00, 0x00, 0x2E, 0x43, 0x52, 0x54, 0x24, 0x58, 0x43, 0x41,
        0x00, 0x00, 0x00, 0x00, 0xF0, 0x31, 0x00, 0x00, 0x08, 0x00, 0x00, 0x00, 0x2E, 0x43, 0x52, 0x54, 0x24, 0x58, 0x43, 0x41, 0x41, 0x00, 0x00, 0x00, 0xF8,
        0x31, 0x00, 0x00, 0x08, 0x00, 0x00, 0x00, 0x2E, 0x43, 0x52, 0x54, 0x24, 0x58, 0x43, 0x5A, 0x00, 0x00, 0x00, 0x00, 0x00, 0x32, 0x00, 0x00, 0x08, 0x00,
        0x00, 0x00, 0x2E, 0x43, 0x52, 0x54, 0x24, 0x58, 0x49, 0x41, 0x00, 0x00, 0x00, 0x00, 0x08, 0x32, 0x00, 0x00, 0x08, 0x00, 0x00, 0x00, 0x2E, 0x43, 0x52,
        0x54, 0x24, 0x58, 0x49, 0x41, 0x41, 0x00, 0x00, 0x00, 0x10, 0x32, 0x00, 0x00, 0x08, 0x00, 0x00, 0x00, 0x2E, 0x43, 0x52, 0x54, 0x24, 0x58, 0x49, 0x41,
        0x43, 0x00, 0x00, 0x00, 0x18, 0x32, 0x00, 0x00, 0x08, 0x00, 0x00, 0x00, 0x2E, 0x43, 0x52, 0x54, 0x24, 0x58, 0x49, 0x5A, 0x00, 0x00, 0x00, 0x00, 0x20,
        0x32, 0x00, 0x00, 0x08, 0x00, 0x00, 0x00, 0x2E, 0x43, 0x52, 0x54, 0x24, 0x58, 0x50, 0x41, 0x00, 0x00, 0x00, 0x00, 0x28, 0x32, 0x00, 0x00, 0x08, 0x00,
        0x00, 0x00, 0x2E, 0x43, 0x52, 0x54, 0x24, 0x58, 0x50, 0x5A, 0x00, 0x00, 0x00, 0x00, 0x30, 0x32, 0x00, 0x00, 0x08, 0x00, 0x00, 0x00, 0x2E, 0x43, 0x52,
        0x54, 0x24, 0x58, 0x54, 0x41, 0x00, 0x00, 0x00, 0x00, 0x38, 0x32, 0x00, 0x00, 0x08, 0x00, 0x00, 0x00, 0x2E, 0x43, 0x52, 0x54, 0x24, 0x58, 0x54, 0x5A,
        0x00, 0x00, 0x00, 0x00, 0x40, 0x32, 0x00, 0x00, 0x40, 0x02, 0x00, 0x00, 0x2E, 0x72, 0x64, 0x61, 0x74, 0x61, 0x00, 0x00, 0x80, 0x34, 0x00, 0x00, 0x64,
        0x00, 0x00, 0x00, 0x2E, 0x72, 0x64, 0x61, 0x74, 0x61, 0x24, 0x76, 0x6F, 0x6C, 0x74, 0x6D, 0x64, 0x00, 0x00, 0x00, 0xE4, 0x34, 0x00, 0x00, 0xEC, 0x02,
        0x00, 0x00, 0x2E, 0x72, 0x64, 0x61, 0x74, 0x61, 0x24, 0x7A, 0x7A, 0x7A, 0x64, 0x62, 0x67, 0x00, 0x00, 0x00, 0xD0, 0x37, 0x00, 0x00, 0x08, 0x00, 0x00,
        0x00, 0x2E, 0x72, 0x74, 0x63, 0x24, 0x49, 0x41, 0x41, 0x00, 0x00, 0x00, 0x00, 0xD8, 0x37, 0x00, 0x00, 0x08, 0x00, 0x00, 0x00, 0x2E, 0x72, 0x74, 0x63,
        0x24, 0x49, 0x5A, 0x5A, 0x00, 0x00, 0x00, 0x00, 0xE0, 0x37, 0x00, 0x00, 0x08, 0x00, 0x00, 0x00, 0x2E, 0x72, 0x74, 0x63, 0x24, 0x54, 0x41, 0x41, 0x00,
        0x00, 0x00, 0x00, 0xE8, 0x37, 0x00, 0x00, 0x08, 0x00, 0x00, 0x00, 0x2E, 0x72, 0x74, 0x63, 0x24, 0x54, 0x5A, 0x5A, 0x00, 0x00, 0x00, 0x00, 0xF0, 0x37,
        0x00, 0x00, 0xF4, 0x00, 0x00, 0x00, 0x2E, 0x78, 0x64, 0x61, 0x74, 0x61, 0x00, 0x00, 0xE4, 0x38, 0x00, 0x00, 0xA0, 0x00, 0x00, 0x00, 0x2E, 0x69, 0x64,
        0x61, 0x74, 0x61, 0x24, 0x32, 0x00, 0x00, 0x00, 0x00, 0x84, 0x39, 0x00, 0x00, 0x14, 0x00, 0x00, 0x00, 0x2E, 0x69, 0x64, 0x61, 0x74, 0x61, 0x24, 0x33,
        0x00, 0x00, 0x00, 0x00, 0x98, 0x39, 0x00, 0x00, 0xB0, 0x01, 0x00, 0x00, 0x2E, 0x69, 0x64, 0x61, 0x74, 0x61, 0x24, 0x34, 0x00, 0x00, 0x00, 0x00, 0x48,
        0x3B, 0x00, 0x00, 0x78, 0x04, 0x00, 0x00, 0x2E, 0x69, 0x64, 0x61, 0x74, 0x61, 0x24, 0x36, 0x00, 0x00, 0x00, 0x00, 0x00, 0x40, 0x00, 0x00, 0x80, 0x00,
        0x00, 0x00, 0x2E, 0x64, 0x61, 0x74, 0x61, 0x00, 0x00, 0x00, 0x80, 0x40, 0x00, 0x00, 0x00, 0x06, 0x00, 0x00, 0x2E, 0x62, 0x73, 0x73, 0x00, 0x00, 0x00,
        0x00, 0x00, 0x50, 0x00, 0x00, 0x74, 0x01, 0x00, 0x00, 0x2E, 0x70, 0x64, 0x61, 0x74, 0x61, 0x00, 0x00, 0x00, 0x60, 0x00, 0x00, 0x60, 0x00, 0x00, 0x00,
        0x2E, 0x72, 0x73, 0x72, 0x63, 0x24, 0x30, 0x31, 0x00, 0x00, 0x00, 0x00, 0x60, 0x60, 0x00, 0x00, 0x88, 0x01, 0x00, 0x00, 0x2E, 0x72, 0x73, 0x72, 0x63,
        0x24, 0x30, 0x32, 0x00, 0x00, 0x00, 0x00, 0x00, 0x00, 0x00, 0x00, 0x00, 0x00, 0x00, 0x00, 0x00, 0x00, 0x00, 0x00, 0x00, 0x00, 0x00, 0x00, 0x00, 0x00,
        0x00, 0x00, 0x00, 0x00, 0x00, 0x00, 0x00, 0x00, 0x00, 0x00, 0x00, 0x00, 0x00, 0x00, 0x01, 0x0A, 0x04, 0x00, 0x0A, 0x34, 0x06, 0x00, 0x0A, 0x32, 0x06,
        0x70, 0x01, 0x14, 0x0A, 0x00, 0x14, 0x34, 0x0E, 0x00, 0x14, 0x32, 0x10, 0xF0, 0x0E, 0xE0, 0x0C, 0xD0, 0x0A, 0xC0, 0x08, 0x70, 0x07, 0x60, 0x06, 0x50,
        0x00, 0x00, 0x00, 0x00, 0x01, 0x00, 0x00, 0x00, 0x01, 0x06, 0x02, 0x00, 0x06, 0x32, 0x02, 0x30, 0x01, 0x04, 0x01, 0x00, 0x04, 0x42, 0x00, 0x00, 0x09,
        0x0F, 0x06, 0x00, 0x0F, 0x64, 0x09, 0x00, 0x0F, 0x34, 0x08, 0x00, 0x0F, 0x52, 0x0B, 0x70, 0x20, 0x1F, 0x00, 0x00, 0x02, 0x00, 0x00, 0x00, 0x8D, 0x13,
        0x00, 0x00, 0x92, 0x14, 0x00, 0x00, 0x06, 0x20, 0x00, 0x00, 0x92, 0x14, 0x00, 0x00, 0xC6, 0x14, 0x00, 0x00, 0xD8, 0x14, 0x00, 0x00, 0x06, 0x20, 0x00,
        0x00, 0x92, 0x14, 0x00, 0x00, 0x01, 0x06, 0x02, 0x00, 0x06, 0x32, 0x02, 0x50, 0x01, 0x09, 0x01, 0x00, 0x09, 0x62, 0x00, 0x00, 0x01, 0x08, 0x04, 0x00,
        0x08, 0x72, 0x04, 0x70, 0x03, 0x60, 0x02, 0x30, 0x09, 0x04, 0x01, 0x00, 0x04, 0x22, 0x00, 0x00, 0x20, 0x1F, 0x00, 0x00, 0x01, 0x00, 0x00, 0x00, 0x7B,
        0x17, 0x00, 0x00, 0x05, 0x18, 0x00, 0x00, 0x24, 0x20, 0x00, 0x00, 0x05, 0x18, 0x00, 0x00, 0x01, 0x02, 0x01, 0x00, 0x02, 0x50, 0x00, 0x00, 0x01, 0x0D,
        0x04, 0x00, 0x0D, 0x34, 0x0A, 0x00, 0x0D, 0x52, 0x06, 0x50, 0x01, 0x15, 0x05, 0x00, 0x15, 0x34, 0xBA, 0x00, 0x15, 0x01, 0xB8, 0x00, 0x06, 0x50, 0x00,
        0x00, 0x01, 0x14, 0x08, 0x00, 0x14, 0x64, 0x07, 0x00, 0x14, 0x54, 0x06, 0x00, 0x14, 0x34, 0x05, 0x00, 0x14, 0x12, 0x10, 0x70, 0x01, 0x00, 0x00, 0x00,
        0x00, 0x00, 0x00, 0x00, 0x01, 0x00, 0x00, 0x00, 0x20, 0x3A, 0x00, 0x00, 0x00, 0x00, 0x00, 0x00, 0x00, 0x00, 0x00, 0x00, 0x76, 0x3B, 0x00, 0x00, 0x88,
        0x30, 0x00, 0x00, 0x38, 0x3A, 0x00, 0x00, 0x00, 0x00, 0x00, 0x00, 0x00, 0x00, 0x00, 0x00, 0xDA, 0x3B, 0x00, 0x00, 0xA0, 0x30, 0x00, 0x00, 0x98, 0x3A,
        0x00, 0x00, 0x00, 0x00, 0x00, 0x00, 0x00, 0x00, 0x00, 0x00, 0x9E, 0x3D, 0x00, 0x00, 0x00, 0x31, 0x00, 0x00, 0x88, 0x3A, 0x00, 0x00, 0x00, 0x00, 0x00,
        0x00, 0x00, 0x00, 0x00, 0x00, 0xC0, 0x3D, 0x00, 0x00, 0xF0, 0x30, 0x00, 0x00, 0x30, 0x3B, 0x00, 0x00, 0x00, 0x00, 0x00, 0x00, 0x00, 0x00, 0x00, 0x00,
        0xE0, 0x3D, 0x00, 0x00, 0x98, 0x31, 0x00, 0x00, 0x78, 0x3A, 0x00, 0x00, 0x00, 0x00, 0x00, 0x00, 0x00, 0x00, 0x00, 0x00, 0x00, 0x3E, 0x00, 0x00, 0xE0,
        0x30, 0x00, 0x00, 0x68, 0x3A, 0x00, 0x00, 0x00, 0x00, 0x00, 0x00, 0x00, 0x00, 0x00, 0x00, 0x22, 0x3E, 0x00, 0x00, 0xD0, 0x30, 0x00, 0x00, 0x98, 0x39,
        0x00, 0x00, 0x00, 0x00, 0x00, 0x00, 0x00, 0x00, 0x00, 0x00, 0xA8, 0x3F, 0x00, 0x00, 0x00, 0x30, 0x00, 0x00, 0x00, 0x00, 0x00, 0x00, 0x00, 0x00, 0x00,
        0x00, 0x00, 0x00, 0x00, 0x00, 0x00, 0x00, 0x00, 0x00, 0x00, 0x00, 0x00, 0x00, 0x04, 0x3F, 0x00, 0x00, 0x00, 0x00, 0x00, 0x00, 0x42, 0x3E, 0x00, 0x00,
        0x00, 0x00, 0x00, 0x00, 0x4A, 0x3E, 0x00, 0x00, 0x00, 0x00, 0x00, 0x00, 0x94, 0x3F, 0x00, 0x00, 0x00, 0x00, 0x00, 0x00, 0x80, 0x3F, 0x00, 0x00, 0x00,
        0x00, 0x00, 0x00, 0x6A, 0x3F, 0x00, 0x00, 0x00, 0x00, 0x00, 0x00, 0x50, 0x3F, 0x00, 0x00, 0x00, 0x00, 0x00, 0x00, 0x3A, 0x3F, 0x00, 0x00, 0x00, 0x00,
        0x00, 0x00, 0x20, 0x3F, 0x00, 0x00, 0x00, 0x00, 0x00, 0x00, 0xF0, 0x3E, 0x00, 0x00, 0x00, 0x00, 0x00, 0x00, 0xDC, 0x3E, 0x00, 0x00, 0x00, 0x00, 0x00,
        0x00, 0xBE, 0x3E, 0x00, 0x00, 0x00, 0x00, 0x00, 0x00, 0xA2, 0x3E, 0x00, 0x00, 0x00, 0x00, 0x00, 0x00, 0x8E, 0x3E, 0x00, 0x00, 0x00, 0x00, 0x00, 0x00,
        0x74, 0x3E, 0x00, 0x00, 0x00, 0x00, 0x00, 0x00, 0x60, 0x3E, 0x00, 0x00, 0x00, 0x00, 0x00, 0x00, 0x00, 0x00, 0x00, 0x00, 0x00, 0x00, 0x00, 0x00, 0x48,
        0x3B, 0x00, 0x00, 0x00, 0x00, 0x00, 0x00, 0x60, 0x3B, 0x00, 0x00, 0x00, 0x00, 0x00, 0x00, 0x00, 0x00, 0x00, 0x00, 0x00, 0x00, 0x00, 0x00, 0xB2, 0x3B,
        0x00, 0x00, 0x00, 0x00, 0x00, 0x00, 0x9C, 0x3B, 0x00, 0x00, 0x00, 0x00, 0x00, 0x00, 0x84, 0x3B, 0x00, 0x00, 0x00, 0x00, 0x00, 0x00, 0xD0, 0x3B, 0x00,
        0x00, 0x00, 0x00, 0x00, 0x00, 0xB6, 0x3F, 0x00, 0x00, 0x00, 0x00, 0x00, 0x00, 0x00, 0x00, 0x00, 0x00, 0x00, 0x00, 0x00, 0x00, 0x2C, 0x3D, 0x00, 0x00,
        0x00, 0x00, 0x00, 0x00, 0x00, 0x00, 0x00, 0x00, 0x00, 0x00, 0x00, 0x00, 0x16, 0x3D, 0x00, 0x00, 0x00, 0x00, 0x00, 0x00, 0x00, 0x00, 0x00, 0x00, 0x00,
        0x00, 0x00, 0x00, 0x0E, 0x3C, 0x00, 0x00, 0x00, 0x00, 0x00, 0x00, 0x00, 0x00, 0x00, 0x00, 0x00, 0x00, 0x00, 0x00, 0x4C, 0x3D, 0x00, 0x00, 0x00, 0x00,
        0x00, 0x00, 0x92, 0x3D, 0x00, 0x00, 0x00, 0x00, 0x00, 0x00, 0x68, 0x3D, 0x00, 0x00, 0x00, 0x00, 0x00, 0x00, 0xE8, 0x3C, 0x00, 0x00, 0x00, 0x00, 0x00,
        0x00, 0xDE, 0x3C, 0x00, 0x00, 0x00, 0x00, 0x00, 0x00, 0xD4, 0x3C, 0x00, 0x00, 0x00, 0x00, 0x00, 0x00, 0xC6, 0x3C, 0x00, 0x00, 0x00, 0x00, 0x00, 0x00,
        0xB8, 0x3C, 0x00, 0x00, 0x00, 0x00, 0x00, 0x00, 0xEC, 0x3B, 0x00, 0x00, 0x00, 0x00, 0x00, 0x00, 0xA2, 0x3C, 0x00, 0x00, 0x00, 0x00, 0x00, 0x00, 0x9A,
        0x3C, 0x00, 0x00, 0x00, 0x00, 0x00, 0x00, 0x8C, 0x3C, 0x00, 0x00, 0x00, 0x00, 0x00, 0x00, 0x80, 0x3C, 0x00, 0x00, 0x00, 0x00, 0x00, 0x00, 0x5E, 0x3C,
        0x00, 0x00, 0x00, 0x00, 0x00, 0x00, 0x3C, 0x3C, 0x00, 0x00, 0x00, 0x00, 0x00, 0x00, 0x22, 0x3C, 0x00, 0x00, 0x00, 0x00, 0x00, 0x00, 0xFE, 0x3B, 0x00,
        0x00, 0x00, 0x00, 0x00, 0x00, 0x84, 0x3D, 0x00, 0x00, 0x00, 0x00, 0x00, 0x00, 0x00, 0x00, 0x00, 0x00, 0x00, 0x00, 0x00, 0x00, 0x3C, 0x3D, 0x00, 0x00,
        0x00, 0x00, 0x00, 0x00, 0xAA, 0x3C, 0x00, 0x00, 0x00, 0x00, 0x00, 0x00, 0x00, 0x00, 0x00, 0x00, 0x00, 0x00, 0x00, 0x00, 0x91, 0x05, 0x5F, 0x51, 0x75,
        0x65, 0x72, 0x79, 0x5F, 0x70, 0x65, 0x72, 0x66, 0x5F, 0x66, 0x72, 0x65, 0x71, 0x75, 0x65, 0x6E, 0x63, 0x79, 0x00, 0x90, 0x05, 0x5F, 0x51, 0x75, 0x65,
        0x72, 0x79, 0x5F, 0x70, 0x65, 0x72, 0x66, 0x5F, 0x63, 0x6F, 0x75, 0x6E, 0x74, 0x65, 0x72, 0x00, 0x4D, 0x53, 0x56, 0x43, 0x50, 0x31, 0x34, 0x30, 0x2E,
        0x64, 0x6C, 0x6C, 0x00, 0x00, 0x08, 0x00, 0x5F, 0x5F, 0x43, 0x5F, 0x73, 0x70, 0x65, 0x63, 0x69, 0x66, 0x69, 0x63, 0x5F, 0x68, 0x61, 0x6E, 0x64, 0x6C,
        0x65, 0x72, 0x00, 0x00, 0x1B, 0x00, 0x5F, 0x5F, 0x63, 0x75, 0x72, 0x72, 0x65, 0x6E, 0x74, 0x5F, 0x65, 0x78, 0x63, 0x65, 0x70, 0x74, 0x69, 0x6F, 0x6E,
        0x00, 0x1C, 0x00, 0x5F, 0x5F, 0x63, 0x75, 0x72, 0x72, 0x65, 0x6E, 0x74, 0x5F, 0x65, 0x78, 0x63, 0x65, 0x70, 0x74, 0x69, 0x6F, 0x6E, 0x5F, 0x63, 0x6F,
        0x6E, 0x74, 0x65, 0x78, 0x74, 0x00, 0x3E, 0x00, 0x6D, 0x65, 0x6D, 0x73, 0x65, 0x74, 0x00, 0x00, 0x56, 0x43, 0x52, 0x55, 0x4E, 0x54, 0x49, 0x4D, 0x45,
        0x31, 0x34, 0x30, 0x2E, 0x64, 0x6C, 0x6C, 0x00, 0x00, 0x40, 0x00, 0x5F, 0x73, 0x65, 0x68, 0x5F, 0x66, 0x69, 0x6C, 0x74, 0x65, 0x72, 0x5F, 0x65, 0x78,
        0x65, 0x00, 0x42, 0x00, 0x5F, 0x73, 0x65, 0x74, 0x5F, 0x61, 0x70, 0x70, 0x5F, 0x74, 0x79, 0x70, 0x65, 0x00, 0x09, 0x00, 0x5F, 0x5F, 0x73, 0x65, 0x74,
        0x75, 0x73, 0x65, 0x72, 0x6D, 0x61, 0x74, 0x68, 0x65, 0x72, 0x72, 0x00, 0x00, 0x18, 0x00, 0x5F, 0x63, 0x6F, 0x6E, 0x66, 0x69, 0x67, 0x75, 0x72, 0x65,
        0x5F, 0x6E, 0x61, 0x72, 0x72, 0x6F, 0x77, 0x5F, 0x61, 0x72, 0x67, 0x76, 0x00, 0x00, 0x33, 0x00, 0x5F, 0x69, 0x6E, 0x69, 0x74, 0x69, 0x61, 0x6C, 0x69,
        0x7A, 0x65, 0x5F, 0x6E, 0x61, 0x72, 0x72, 0x6F, 0x77, 0x5F, 0x65, 0x6E, 0x76, 0x69, 0x72, 0x6F, 0x6E, 0x6D, 0x65, 0x6E, 0x74, 0x00, 0x00, 0x28, 0x00,
        0x5F, 0x67, 0x65, 0x74, 0x5F, 0x69, 0x6E, 0x69, 0x74, 0x69, 0x61, 0x6C, 0x5F, 0x6E, 0x61, 0x72, 0x72, 0x6F, 0x77, 0x5F, 0x65, 0x6E, 0x76, 0x69, 0x72,
        0x6F, 0x6E, 0x6D, 0x65, 0x6E, 0x74, 0x00, 0x36, 0x00, 0x5F, 0x69, 0x6E, 0x69, 0x74, 0x74, 0x65, 0x72, 0x6D, 0x00, 0x37, 0x00, 0x5F, 0x69, 0x6E, 0x69,
        0x74, 0x74, 0x65, 0x72, 0x6D, 0x5F, 0x65, 0x00, 0x55, 0x00, 0x65, 0x78, 0x69, 0x74, 0x00, 0x00, 0x23, 0x00, 0x5F, 0x65, 0x78, 0x69, 0x74, 0x00, 0x54,
        0x00, 0x5F, 0x73, 0x65, 0x74, 0x5F, 0x66, 0x6D, 0x6F, 0x64, 0x65, 0x00, 0x00, 0x04, 0x00, 0x5F, 0x5F, 0x70, 0x5F, 0x5F, 0x5F, 0x61, 0x72, 0x67, 0x63,
        0x00, 0x00, 0x05, 0x00, 0x5F, 0x5F, 0x70, 0x5F, 0x5F, 0x5F, 0x61, 0x72, 0x67, 0x76, 0x00, 0x00, 0x16, 0x00, 0x5F, 0x63, 0x65, 0x78, 0x69, 0x74, 0x00,
        0x00, 0x15, 0x00, 0x5F, 0x63, 0x5F, 0x65, 0x78, 0x69, 0x74, 0x00, 0x3D, 0x00, 0x5F, 0x72, 0x65, 0x67, 0x69, 0x73, 0x74, 0x65, 0x72, 0x5F, 0x74, 0x68,
        0x72, 0x65, 0x61, 0x64, 0x5F, 0x6C, 0x6F, 0x63, 0x61, 0x6C, 0x5F, 0x65, 0x78, 0x65, 0x5F, 0x61, 0x74, 0x65, 0x78, 0x69, 0x74, 0x5F, 0x63, 0x61, 0x6C,
        0x6C, 0x62, 0x61, 0x63, 0x6B, 0x00, 0x00, 0x08, 0x00, 0x5F, 0x63, 0x6F, 0x6E, 0x66, 0x69, 0x67, 0x74, 0x68, 0x72, 0x65, 0x61, 0x64, 0x6C, 0x6F, 0x63,
        0x61, 0x6C, 0x65, 0x00, 0x16, 0x00, 0x5F, 0x73, 0x65, 0x74, 0x5F, 0x6E, 0x65, 0x77, 0x5F, 0x6D, 0x6F, 0x64, 0x65, 0x00, 0x01, 0x00, 0x5F, 0x5F, 0x70,
        0x5F, 0x5F, 0x63, 0x6F, 0x6D, 0x6D, 0x6F, 0x64, 0x65, 0x00, 0x00, 0x34, 0x00, 0x5F, 0x69, 0x6E, 0x69, 0x74, 0x69, 0x61, 0x6C, 0x69, 0x7A, 0x65, 0x5F,
        0x6F, 0x6E, 0x65, 0x78, 0x69, 0x74, 0x5F, 0x74, 0x61, 0x62, 0x6C, 0x65, 0x00, 0x00, 0x3C, 0x00, 0x5F, 0x72, 0x65, 0x67, 0x69, 0x73, 0x74, 0x65, 0x72,
        0x5F, 0x6F, 0x6E, 0x65, 0x78, 0x69, 0x74, 0x5F, 0x66, 0x75, 0x6E, 0x63, 0x74, 0x69, 0x6F, 0x6E, 0x00, 0x1E, 0x00, 0x5F, 0x63, 0x72, 0x74, 0x5F, 0x61,
        0x74, 0x65, 0x78, 0x69, 0x74, 0x00, 0x67, 0x00, 0x74, 0x65, 0x72, 0x6D, 0x69, 0x6E, 0x61, 0x74, 0x65, 0x00, 0x61, 0x70, 0x69, 0x2D, 0x6D, 0x73, 0x2D,
        0x77, 0x69, 0x6E, 0x2D, 0x63, 0x72, 0x74, 0x2D, 0x72, 0x75, 0x6E, 0x74, 0x69, 0x6D, 0x65, 0x2D, 0x6C, 0x31, 0x2D, 0x31, 0x2D, 0x30, 0x2E, 0x64, 0x6C,
        0x6C, 0x00, 0x61, 0x70, 0x69, 0x2D, 0x6D, 0x73, 0x2D, 0x77, 0x69, 0x6E, 0x2D, 0x63, 0x72, 0x74, 0x2D, 0x6D, 0x61, 0x74, 0x68, 0x2D, 0x6C, 0x31, 0x2D,
        0x31, 0x2D, 0x30, 0x2E, 0x64, 0x6C, 0x6C, 0x00, 0x00, 0x61, 0x70, 0x69, 0x2D, 0x6D, 0x73, 0x2D, 0x77, 0x69, 0x6E, 0x2D, 0x63, 0x72, 0x74, 0x2D, 0x73,
        0x74, 0x64, 0x69, 0x6F, 0x2D, 0x6C, 0x31, 0x2D, 0x31, 0x2D, 0x30, 0x2E, 0x64, 0x6C, 0x6C, 0x00, 0x61, 0x70, 0x69, 0x2D, 0x6D, 0x73, 0x2D, 0x77, 0x69,
        0x6E, 0x2D, 0x63, 0x72, 0x74, 0x2D, 0x6C, 0x6F, 0x63, 0x61, 0x6C, 0x65, 0x2D, 0x6C, 0x31, 0x2D, 0x31, 0x2D, 0x30, 0x2E, 0x64, 0x6C, 0x6C, 0x00, 0x00,
        0x61, 0x70, 0x69, 0x2D, 0x6D, 0x73, 0x2D, 0x77, 0x69, 0x6E, 0x2D, 0x63, 0x72, 0x74, 0x2D, 0x68, 0x65, 0x61, 0x70, 0x2D, 0x6C, 0x31, 0x2D, 0x31, 0x2D,
        0x30, 0x2E, 0x64, 0x6C, 0x6C, 0x00, 0x00, 0xC7, 0x05, 0x53, 0x6C, 0x65, 0x65, 0x70, 0x00, 0x45, 0x02, 0x47, 0x65, 0x74, 0x43, 0x75, 0x72, 0x72, 0x65,
        0x6E, 0x74, 0x54, 0x68, 0x72, 0x65, 0x61, 0x64, 0x49, 0x64, 0x00, 0x00, 0x08, 0x05, 0x52, 0x74, 0x6C, 0x43, 0x61, 0x70, 0x74, 0x75, 0x72, 0x65, 0x43,
        0x6F, 0x6E, 0x74, 0x65, 0x78, 0x74, 0x00, 0x10, 0x05, 0x52, 0x74, 0x6C, 0x4C, 0x6F, 0x6F, 0x6B, 0x75, 0x70, 0x46, 0x75, 0x6E, 0x63, 0x74, 0x69, 0x6F,
        0x6E, 0x45, 0x6E, 0x74, 0x72, 0x79, 0x00, 0x00, 0x17, 0x05, 0x52, 0x74, 0x6C, 0x56, 0x69, 0x72, 0x74, 0x75, 0x61, 0x6C, 0x55, 0x6E, 0x77, 0x69, 0x6E,
        0x64, 0x00, 0x00, 0xFA, 0x05, 0x55, 0x6E, 0x68, 0x61, 0x6E, 0x64, 0x6C, 0x65, 0x64, 0x45, 0x78, 0x63, 0x65, 0x70, 0x74, 0x69, 0x6F, 0x6E, 0x46, 0x69,
        0x6C, 0x74, 0x65, 0x72, 0x00, 0x00, 0xB7, 0x05, 0x53, 0x65, 0x74, 0x55, 0x6E, 0x68, 0x61, 0x6E, 0x64, 0x6C, 0x65, 0x64, 0x45, 0x78, 0x63, 0x65, 0x70,
        0x74, 0x69, 0x6F, 0x6E, 0x46, 0x69, 0x6C, 0x74, 0x65, 0x72, 0x00, 0x40, 0x02, 0x47, 0x65, 0x74, 0x43, 0x75, 0x72, 0x72, 0x65, 0x6E, 0x74, 0x50, 0x72,
        0x6F, 0x63, 0x65, 0x73, 0x73, 0x00, 0xD7, 0x05, 0x54, 0x65, 0x72, 0x6D, 0x69, 0x6E, 0x61, 0x74, 0x65, 0x50, 0x72, 0x6F, 0x63, 0x65, 0x73, 0x73, 0x00,
        0x00, 0xB7, 0x03, 0x49, 0x73, 0x50, 0x72, 0x6F, 0x63, 0x65, 0x73, 0x73, 0x6F, 0x72, 0x46, 0x65, 0x61, 0x74, 0x75, 0x72, 0x65, 0x50, 0x72, 0x65, 0x73,
        0x65, 0x6E, 0x74, 0x00, 0x80, 0x04, 0x51, 0x75, 0x65, 0x72, 0x79, 0x50, 0x65, 0x72, 0x66, 0x6F, 0x72, 0x6D, 0x61, 0x6E, 0x63, 0x65, 0x43, 0x6F, 0x75,
        0x6E, 0x74, 0x65, 0x72, 0x00, 0x41, 0x02, 0x47, 0x65, 0x74, 0x43, 0x75, 0x72, 0x72, 0x65, 0x6E, 0x74, 0x50, 0x72, 0x6F, 0x63, 0x65, 0x73, 0x73, 0x49,
        0x64, 0x00, 0x19, 0x03, 0x47, 0x65, 0x74, 0x53, 0x79, 0x73, 0x74, 0x65, 0x6D, 0x54, 0x69, 0x6D, 0x65, 0x41, 0x73, 0x46, 0x69, 0x6C, 0x65, 0x54, 0x69,
        0x6D, 0x65, 0x00, 0x99, 0x03, 0x49, 0x6E, 0x69, 0x74, 0x69, 0x61, 0x6C, 0x69, 0x7A, 0x65, 0x53, 0x4C, 0x69, 0x73, 0x74, 0x48, 0x65, 0x61, 0x64, 0x00,
        0xAF, 0x03, 0x49, 0x73, 0x44, 0x65, 0x62, 0x75, 0x67, 0x67, 0x65, 0x72, 0x50, 0x72, 0x65, 0x73, 0x65, 0x6E, 0x74, 0x00, 0xA4, 0x02, 0x47, 0x65, 0x74,
        0x4D, 0x6F, 0x64, 0x75, 0x6C, 0x65, 0x48, 0x61, 0x6E, 0x64, 0x6C, 0x65, 0x57, 0x00, 0x00, 0x4B, 0x45, 0x52, 0x4E, 0x45, 0x4C, 0x33, 0x32, 0x2E, 0x64,
        0x6C, 0x6C, 0x00, 0x00, 0x3C, 0x00, 0x6D, 0x65, 0x6D, 0x63, 0x70, 0x79, 0x00, 0x00, 0x00, 0x00, 0x00, 0x00, 0x00, 0x00, 0x00, 0x00, 0x00, 0x00, 0x00,
        0x00, 0x00, 0x00, 0x00, 0x00, 0x00, 0x00, 0x00, 0x00, 0x00, 0x00, 0x00, 0x00, 0x00, 0x00, 0x00, 0x00, 0x00, 0x00, 0x00, 0x00, 0x00, 0x00, 0x00, 0x00,
        0x00, 0x00, 0x00, 0x00, 0x00, 0x00, 0x00, 0x00, 0x00, 0x00, 0x00, 0x00, 0x00, 0x00, 0x00, 0x00, 0x00, 0x00, 0x00, 0x00, 0x00, 0x00, 0x00, 0x00, 0x00,
        0x00, 0x00, 0x00, 0x32, 0xA2, 0xDF, 0x2D, 0x99, 0x2B, 0x00, 0x00, 0x00, 0x00, 0x00, 0x00, 0x00, 0x00, 0x00, 0x00, 0x00, 0x00, 0x00, 0x00, 0x00, 0x00,
        0x00, 0x00, 0x00, 0x00, 0x00, 0x00, 0x00, 0x00, 0x00, 0x00, 0x00, 0x00, 0x00, 0x00, 0x00, 0x00, 0x00, 0x00, 0x00, 0x00, 0x00, 0x00, 0x00, 0x00, 0x00,
        0x00, 0x00, 0x00, 0x00, 0x00, 0x00, 0x00, 0x00, 0x00, 0x00, 0x00, 0x00, 0x00, 0x00, 0x00, 0x00, 0x00, 0xCD, 0x5D, 0x20, 0xD2, 0x66, 0xD4, 0xFF, 0xFF,
        0xFF, 0xFF, 0xFF, 0xFF, 0x01, 0x00, 0x00, 0x00, 0xFF, 0xFF, 0xFF, 0xFF, 0xFF, 0xFF, 0xFF, 0xFF, 0x01, 0x00, 0x00, 0x00, 0x02, 0x00, 0x00, 0x00, 0x00,
        0x00, 0x08, 0x00, 0x00, 0x00, 0x00, 0x00, 0x00, 0x00, 0x00, 0x02, 0x00, 0x00, 0x00, 0x00, 0x01, 0x00, 0x00, 0x00, 0x00, 0x00, 0x00, 0x00, 0x00, 0x00,
        0x00, 0x00, 0x00, 0x00, 0x00, 0x00, 0x00, 0x00, 0x00, 0x00, 0x00, 0x00, 0x00, 0x00, 0x00, 0x00, 0x00, 0x00, 0x00, 0x00, 0x00, 0x00, 0x00, 0x00, 0x00,
        0x00, 0x00, 0x00, 0x00, 0x00, 0x00, 0x00, 0x00, 0x00, 0x00, 0x00, 0x00, 0x00, 0x00, 0x00, 0x00, 0x00, 0x00, 0x00, 0x00, 0x00, 0x00, 0x00, 0x00, 0x00,
        0x00, 0x00, 0x00, 0x00, 0x00, 0x00, 0x00, 0x00, 0x00, 0x00, 0x00, 0x00, 0x00, 0x00, 0x00, 0x00, 0x00, 0x00, 0x00, 0x00, 0x00, 0x00, 0x00, 0x00, 0x00,
        0x00, 0x00, 0x00, 0x00, 0x00, 0x00, 0x00, 0x00, 0x00, 0x00, 0x00, 0x00, 0x00, 0x00, 0x00, 0x00, 0x00, 0x00, 0x00, 0x00, 0x00, 0x00, 0x00, 0x00, 0x00,
        0x00, 0x00, 0x00, 0x00, 0x00, 0x00, 0x00, 0x00, 0x00, 0x00, 0x00, 0x00, 0x00, 0x00, 0x00, 0x00, 0x00, 0x00, 0x00, 0x00, 0x00, 0x00, 0x00, 0x00, 0x00,
        0x00, 0x00, 0x00, 0x00, 0x00, 0x00, 0x00, 0x00, 0x00, 0x00, 0x00, 0x00, 0x00, 0x00, 0x00, 0x00, 0x00, 0x00, 0x00, 0x00, 0x00, 0x00, 0x00, 0x00, 0x00,
        0x00, 0x00, 0x00, 0x00, 0x00, 0x00, 0x00, 0x00, 0x00, 0x00, 0x00, 0x00, 0x00, 0x00, 0x00, 0x00, 0x00, 0x00, 0x00, 0x00, 0x00, 0x00, 0x00, 0x00, 0x00,
        0x00, 0x00, 0x00, 0x00, 0x00, 0x00, 0x00, 0x00, 0x00, 0x00, 0x00, 0x00, 0x00, 0x00, 0x00, 0x00, 0x00, 0x00, 0x00, 0x00, 0x00, 0x00, 0x00, 0x00, 0x00,
        0x00, 0x00, 0x00, 0x00, 0x00, 0x00, 0x00, 0x00, 0x00, 0x00, 0x00, 0x00, 0x00, 0x00, 0x00, 0x00, 0x00, 0x00, 0x00, 0x00, 0x00, 0x00, 0x00, 0x00, 0x00,
        0x00, 0x00, 0x00, 0x00, 0x00, 0x00, 0x00, 0x00, 0x00, 0x00, 0x00, 0x00, 0x00, 0x00, 0x00, 0x00, 0x00, 0x00, 0x00, 0x00, 0x00, 0x00, 0x00, 0x00, 0x00,
        0x00, 0x00, 0x00, 0x00, 0x00, 0x00, 0x00, 0x00, 0x00, 0x00, 0x00, 0x00, 0x00, 0x00, 0x00, 0x00, 0x00, 0x00, 0x00, 0x00, 0x00, 0x00, 0x00, 0x00, 0x00,
        0x00, 0x00, 0x00, 0x00, 0x00, 0x00, 0x00, 0x00, 0x00, 0x00, 0x00, 0x00, 0x00, 0x00, 0x00, 0x00, 0x00, 0x00, 0x00, 0x00, 0x00, 0x00, 0x00, 0x00, 0x00,
        0x00, 0x00, 0x00, 0x00, 0x00, 0x00, 0x00, 0x00, 0x00, 0x00, 0x00, 0x00, 0x00, 0x00, 0x00, 0x00, 0x00, 0x00, 0x00, 0x00, 0x00, 0x00, 0x00, 0x00, 0x00,
        0x00, 0x00, 0x00, 0x00, 0x00, 0x00, 0x00, 0x00, 0x00, 0x00, 0x00, 0x00, 0x00, 0x00, 0x00, 0x00, 0x00, 0x00, 0x00, 0x00, 0x00, 0x00, 0x00, 0x00, 0x00,
        0x00, 0x00, 0x00, 0x00, 0x00, 0x00, 0x00, 0x00, 0x00, 0x00, 0x00, 0x00, 0x00, 0x00, 0x00, 0x00, 0x00, 0x00, 0x00, 0x00, 0x00, 0x00, 0x00, 0x00, 0x00,
        0x00, 0x00, 0x00, 0x00, 0x00, 0x00, 0x00, 0x00, 0x00, 0x00, 0x00, 0x00, 0x00, 0x00, 0x00, 0x00, 0x10, 0x00, 0x00, 0xDA, 0x10, 0x00, 0x00, 0xF0, 0x37,
        0x00, 0x00, 0xE0, 0x10, 0x00, 0x00, 0x3F, 0x12, 0x00, 0x00, 0xFC, 0x37, 0x00, 0x00, 0x60, 0x12, 0x00, 0x00, 0x7E, 0x12, 0x00, 0x00, 0x18, 0x38, 0x00,
        0x00, 0x80, 0x12, 0x00, 0x00, 0x36, 0x13, 0x00, 0x00, 0x1C, 0x38, 0x00, 0x00, 0x38, 0x13, 0x00, 0x00, 0x48, 0x13, 0x00, 0x00, 0x24, 0x38, 0x00, 0x00,
        0x48, 0x13, 0x00, 0x00, 0x61, 0x13, 0x00, 0x00, 0x24, 0x38, 0x00, 0x00, 0x64, 0x13, 0x00, 0x00, 0xE0, 0x14, 0x00, 0x00, 0x2C, 0x38, 0x00, 0x00, 0xE0,
        0x14, 0x00, 0x00, 0xF2, 0x14, 0x00, 0x00, 0x24, 0x38, 0x00, 0x00, 0xF4, 0x14, 0x00, 0x00, 0x28, 0x15, 0x00, 0x00, 0x1C, 0x38, 0x00, 0x00, 0x28, 0x15,
        0x00, 0x00, 0xFB, 0x15, 0x00, 0x00, 0x6C, 0x38, 0x00, 0x00, 0xFC, 0x15, 0x00, 0x00, 0x70, 0x16, 0x00, 0x00, 0x74, 0x38, 0x00, 0x00, 0x70, 0x16, 0x00,
        0x00, 0xA9, 0x16, 0x00, 0x00, 0x24, 0x38, 0x00, 0x00, 0xAC, 0x16, 0x00, 0x00, 0xE6, 0x16, 0x00, 0x00, 0x24, 0x38, 0x00, 0x00, 0xE8, 0x16, 0x00, 0x00,
        0x73, 0x17, 0x00, 0x00, 0x1C, 0x38, 0x00, 0x00, 0x74, 0x17, 0x00, 0x00, 0x0C, 0x18, 0x00, 0x00, 0x80, 0x38, 0x00, 0x00, 0x0C, 0x18, 0x00, 0x00, 0x30,
        0x18, 0x00, 0x00, 0x1C, 0x38, 0x00, 0x00, 0x30, 0x18, 0x00, 0x00, 0x59, 0x18, 0x00, 0x00, 0x1C, 0x38, 0x00, 0x00, 0x5C, 0x18, 0x00, 0x00, 0x96, 0x18,
        0x00, 0x00, 0x1C, 0x38, 0x00, 0x00, 0x98, 0x18, 0x00, 0x00, 0xAF, 0x18, 0x00, 0x00, 0x24, 0x38, 0x00, 0x00, 0xB0, 0x18, 0x00, 0x00, 0x5F, 0x19, 0x00,
        0x00, 0xA8, 0x38, 0x00, 0x00, 0x9C, 0x19, 0x00, 0x00, 0xB7, 0x19, 0x00, 0x00, 0x24, 0x38, 0x00, 0x00, 0xE0, 0x19, 0x00, 0x00, 0x2B, 0x1B, 0x00, 0x00,
        0xB4, 0x38, 0x00, 0x00, 0x34, 0x1B, 0x00, 0x00, 0x86, 0x1B, 0x00, 0x00, 0x24, 0x38, 0x00, 0x00, 0x98, 0x1B, 0x00, 0x00, 0xFB, 0x1B, 0x00, 0x00, 0xF0,
        0x37, 0x00, 0x00, 0xFC, 0x1B, 0x00, 0x00, 0x38, 0x1C, 0x00, 0x00, 0xF0, 0x37, 0x00, 0x00, 0x38, 0x1C, 0x00, 0x00, 0x74, 0x1C, 0x00, 0x00, 0xF0, 0x37,
        0x00, 0x00, 0x74, 0x1C, 0x00, 0x00, 0x09, 0x1F, 0x00, 0x00, 0xC4, 0x38, 0x00, 0x00, 0xE0, 0x1F, 0x00, 0x00, 0xE2, 0x1F, 0x00, 0x00, 0xD8, 0x38, 0x00,
        0x00, 0x00, 0x20, 0x00, 0x00, 0x06, 0x20, 0x00, 0x00, 0xE0, 0x38, 0x00, 0x00, 0x06, 0x20, 0x00, 0x00, 0x24, 0x20, 0x00, 0x00, 0x64, 0x38, 0x00, 0x00,
        0x24, 0x20, 0x00, 0x00, 0x3C, 0x20, 0x00, 0x00, 0xA0, 0x38, 0x00, 0x00, 0x00, 0x00, 0x00, 0x00, 0x00, 0x00, 0x00, 0x00, 0x00, 0x00, 0x00, 0x00, 0x00,
        0x00, 0x00, 0x00, 0x00, 0x00, 0x00, 0x00, 0x00, 0x00, 0x00, 0x00, 0x00, 0x00, 0x00, 0x00, 0x00, 0x00, 0x00, 0x00, 0x00, 0x00, 0x00, 0x00, 0x00, 0x00,
        0x00, 0x00, 0x00, 0x00, 0x00, 0x00, 0x00, 0x00, 0x00, 0x00, 0x00, 0x00, 0x00, 0x00, 0x00, 0x00, 0x00, 0x00, 0x00, 0x00, 0x00, 0x00, 0x00, 0x00, 0x00,
        0x00, 0x00, 0x00, 0x00, 0x00, 0x00, 0x00, 0x00, 0x00, 0x00, 0x00, 0x00, 0x00, 0x00, 0x00, 0x00, 0x00, 0x00, 0x00, 0x00, 0x00, 0x00, 0x00, 0x00, 0x00,
        0x00, 0x00, 0x00, 0x00, 0x00, 0x00, 0x00, 0x00, 0x00, 0x00, 0x00, 0x00, 0x00, 0x00, 0x00, 0x00, 0x00, 0x00, 0x00, 0x00, 0x00, 0x00, 0x00, 0x00, 0x00,
        0x00, 0x00, 0x00, 0x00, 0x00, 0x00, 0x00, 0x00, 0x00, 0x00, 0x00, 0x00, 0x00, 0x00, 0x00, 0x00, 0x00, 0x00, 0x00, 0x00, 0x00, 0x00, 0x00, 0x00, 0x00,
        0x00, 0x00, 0x00, 0x00, 0x00, 0x00, 0x00, 0x00, 0x00, 0x00, 0x00, 0x00, 0x00, 0x00, 0x00, 0x00, 0x01, 0x00, 0x18, 0x00, 0x00, 0x00, 0x18, 0x00, 0x00,
        0x80, 0x00, 0x00, 0x00, 0x00, 0x00, 0x00, 0x00, 0x00, 0x00, 0x00, 0x00, 0x00, 0x00, 0x00, 0x01, 0x00, 0x01, 0x00, 0x00, 0x00, 0x30, 0x00, 0x00, 0x80,
        0x00, 0x00, 0x00, 0x00, 0x00, 0x00, 0x00, 0x00, 0x00, 0x00, 0x00, 0x00, 0x00, 0x00, 0x01, 0x00, 0x09, 0x04, 0x00, 0x00, 0x48, 0x00, 0x00, 0x00, 0x60,
        0x60, 0x00, 0x00, 0x88, 0x01, 0x00, 0x00, 0x00, 0x00, 0x00, 0x00, 0x00, 0x00, 0x00, 0x00, 0x00, 0x00, 0x00, 0x00, 0x00, 0x00, 0x00, 0x00, 0x3C, 0x3F,
        0x78, 0x6D, 0x6C, 0x20, 0x76, 0x65, 0x72, 0x73, 0x69, 0x6F, 0x6E, 0x3D, 0x27, 0x31, 0x2E, 0x30, 0x27, 0x20, 0x65, 0x6E, 0x63, 0x6F, 0x64, 0x69, 0x6E,
        0x67, 0x3D, 0x27, 0x55, 0x54, 0x46, 0x2D, 0x38, 0x27, 0x20, 0x73, 0x74, 0x61, 0x6E, 0x64, 0x61, 0x6C, 0x6F, 0x6E, 0x65, 0x3D, 0x27, 0x79, 0x65, 0x73,
        0x27, 0x3F, 0x3E, 0x0D, 0x0A, 0x3C, 0x61, 0x73, 0x73, 0x65, 0x6D, 0x62, 0x6C, 0x79, 0x20, 0x78, 0x6D, 0x6C, 0x6E, 0x73, 0x3D, 0x27, 0x75, 0x72, 0x6E,
        0x3A, 0x73, 0x63, 0x68, 0x65, 0x6D, 0x61, 0x73, 0x2D, 0x6D, 0x69, 0x63, 0x72, 0x6F, 0x73, 0x6F, 0x66, 0x74, 0x2D, 0x63, 0x6F, 0x6D, 0x3A, 0x61, 0x73,
        0x6D, 0x2E, 0x76, 0x31, 0x27, 0x20, 0x6D, 0x61, 0x6E, 0x69, 0x66, 0x65, 0x73, 0x74, 0x56, 0x65, 0x72, 0x73, 0x69, 0x6F, 0x6E, 0x3D, 0x27, 0x31, 0x2E,
        0x30, 0x27, 0x3E, 0x0D, 0x0A, 0x20, 0x20, 0x3C, 0x74, 0x72, 0x75, 0x73, 0x74, 0x49, 0x6E, 0x66, 0x6F, 0x20, 0x78, 0x6D, 0x6C, 0x6E, 0x73, 0x3D, 0x22,
        0x75, 0x72, 0x6E, 0x3A, 0x73, 0x63, 0x68, 0x65, 0x6D, 0x61, 0x73, 0x2D, 0x6D, 0x69, 0x63, 0x72, 0x6F, 0x73, 0x6F, 0x66, 0x74, 0x2D, 0x63, 0x6F, 0x6D,
        0x3A, 0x61, 0x73, 0x6D, 0x2E, 0x76, 0x33, 0x22, 0x3E, 0x0D, 0x0A, 0x20, 0x20, 0x20, 0x20, 0x3C, 0x73, 0x65, 0x63, 0x75, 0x72, 0x69, 0x74, 0x79, 0x3E,
        0x0D, 0x0A, 0x20, 0x20, 0x20, 0x20, 0x20, 0x20, 0x3C, 0x72, 0x65, 0x71, 0x75, 0x65, 0x73, 0x74, 0x65, 0x64, 0x50, 0x72, 0x69, 0x76, 0x69, 0x6C, 0x65,
        0x67, 0x65, 0x73, 0x3E, 0x0D, 0x0A, 0x20, 0x20, 0x20, 0x20, 0x20, 0x20, 0x20, 0x20, 0x3C, 0x72, 0x65, 0x71, 0x75, 0x65, 0x73, 0x74, 0x65, 0x64, 0x45,
        0x78, 0x65, 0x63, 0x75, 0x74, 0x69, 0x6F, 0x6E, 0x4C, 0x65, 0x76, 0x65, 0x6C, 0x20, 0x6C, 0x65, 0x76, 0x65, 0x6C, 0x3D, 0x27, 0x72, 0x65, 0x71, 0x75,
        0x69, 0x72, 0x65, 0x41, 0x64, 0x6D, 0x69, 0x6E, 0x69, 0x73, 0x74, 0x72, 0x61, 0x74, 0x6F, 0x72, 0x27, 0x20, 0x75, 0x69, 0x41, 0x63, 0x63, 0x65, 0x73,
        0x73, 0x3D, 0x27, 0x66, 0x61, 0x6C, 0x73, 0x65, 0x27, 0x20, 0x2F, 0x3E, 0x0D, 0x0A, 0x20, 0x20, 0x20, 0x20, 0x20, 0x20, 0x3C, 0x2F, 0x72, 0x65, 0x71,
        0x75, 0x65, 0x73, 0x74, 0x65, 0x64, 0x50, 0x72, 0x69, 0x76, 0x69, 0x6C, 0x65, 0x67, 0x65, 0x73, 0x3E, 0x0D, 0x0A, 0x20, 0x20, 0x20, 0x20, 0x3C, 0x2F,
        0x73, 0x65, 0x63, 0x75, 0x72, 0x69, 0x74, 0x79, 0x3E, 0x0D, 0x0A, 0x20, 0x20, 0x3C, 0x2F, 0x74, 0x72, 0x75, 0x73, 0x74, 0x49, 0x6E, 0x66, 0x6F, 0x3E,
        0x0D, 0x0A, 0x3C, 0x2F, 0x61, 0x73, 0x73, 0x65, 0x6D, 0x62, 0x6C, 0x79, 0x3E, 0x0D, 0x0A, 0x00, 0x00, 0x00, 0x00, 0x00, 0x00, 0x00, 0x00, 0x00, 0x00,
        0x00, 0x00, 0x00, 0x00, 0x00, 0x00, 0x00, 0x00, 0x00, 0x00, 0x00, 0x00, 0x00, 0x00, 0x00, 0x30, 0x00, 0x00, 0x30, 0x00, 0x00, 0x00, 0xB0, 0xA1, 0xB8,
        0xA1, 0xC0, 0xA1, 0xC8, 0xA1, 0xD0, 0xA1, 0xE0, 0xA1, 0xF0, 0xA1, 0x08, 0xA2, 0x10, 0xA2, 0x40, 0xA2, 0x48, 0xA2, 0xB8, 0xA2, 0xD0, 0xA2, 0xD8, 0xA2,
        0x60, 0xA3, 0x78, 0xA3, 0x80, 0xA3, 0x88, 0xA3, 0x90, 0xA3, 0x98, 0xA3, 0x00, 0x00, 0x00, 0x00, 0x00, 0x00, 0x00, 0x00, 0x00, 0x00, 0x00, 0x00, 0x00,
        0x00, 0x00, 0x00, 0x00, 0x00, 0x00, 0x00, 0x00, 0x00, 0x00, 0x00, 0x00, 0x00, 0x00, 0x00, 0x00, 0x00, 0x00, 0x00, 0x00, 0x00, 0x00, 0x00, 0x00, 0x00,
        0x00, 0x00, 0x00, 0x00, 0x00, 0x00, 0x00, 0x00, 0x00, 0x00, 0x00, 0x00, 0x00, 0x00, 0x00, 0x00, 0x00, 0x00, 0x00, 0x00, 0x00, 0x00, 0x00, 0x00, 0x00,
        0x00, 0x00, 0x00, 0x00, 0x00, 0x00, 0x00, 0x00, 0x00, 0x00, 0x00, 0x00, 0x00, 0x00, 0x00, 0x00, 0x00, 0x00, 0x00, 0x00, 0x00, 0x00, 0x00, 0x00, 0x00,
        0x00, 0x00, 0x00, 0x00, 0x00, 0x00, 0x00, 0x00, 0x00, 0x00, 0x00, 0x00, 0x00, 0x00, 0x00, 0x00, 0x00, 0x00, 0x00, 0x00, 0x00, 0x00, 0x00, 0x00, 0x00,
        0x00, 0x00, 0x00, 0x00, 0x00, 0x00, 0x00, 0x00, 0x00, 0x00, 0x00, 0x00, 0x00, 0x00, 0x00, 0x00, 0x00, 0x00, 0x00, 0x00, 0x00, 0x00, 0x00, 0x00, 0x00,
        0x00, 0x00, 0x00, 0x00, 0x00, 0x00, 0x00, 0x00, 0x00, 0x00, 0x00, 0x00, 0x00, 0x00, 0x00, 0x00, 0x00, 0x00, 0x00, 0x00, 0x00, 0x00, 0x00, 0x00, 0x00,
        0x00, 0x00, 0x00, 0x00, 0x00, 0x00, 0x00, 0x00, 0x00, 0x00, 0x00, 0x00, 0x00, 0x00, 0x00, 0x00, 0x00, 0x00, 0x00, 0x00, 0x00, 0x00, 0x00, 0x00, 0x00,
        0x00, 0x00, 0x00, 0x00, 0x00, 0x00, 0x00, 0x00, 0x00, 0x00, 0x00, 0x00, 0x00, 0x00, 0x00, 0x00, 0x00, 0x00, 0x00, 0x00, 0x00, 0x00, 0x00, 0x00, 0x00,
        0x00, 0x00, 0x00, 0x00, 0x00, 0x00, 0x00, 0x00, 0x00, 0x00, 0x00, 0x00, 0x00, 0x00, 0x00, 0x00, 0x00, 0x00, 0x00, 0x00, 0x00, 0x00, 0x00, 0x00, 0x00,
        0x00, 0x00, 0x00, 0x00, 0x00, 0x00, 0x00, 0x00, 0x00, 0x00, 0x00, 0x00, 0x00, 0x00, 0x00, 0x00, 0x00, 0x00, 0x00, 0x00, 0x00, 0x00, 0x00, 0x00, 0x00,
        0x00, 0x00, 0x00, 0x00, 0x00, 0x00, 0x00, 0x00, 0x00, 0x00, 0x00, 0x00, 0x00, 0x00, 0x00, 0x00, 0x00, 0x00, 0x00, 0x00, 0x00, 0x00, 0x00, 0x00, 0x00,
        0x00, 0x00, 0x00, 0x00, 0x00, 0x00, 0x00, 0x00, 0x00, 0x00, 0x00, 0x00, 0x00, 0x00, 0x00, 0x00, 0x00, 0x00, 0x00, 0x00, 0x00, 0x00, 0x00, 0x00, 0x00,
        0x00, 0x00, 0x00, 0x00, 0x00, 0x00, 0x00, 0x00, 0x00, 0x00, 0x00, 0x00, 0x00, 0x00, 0x00, 0x00, 0x00, 0x00, 0x00, 0x00, 0x00, 0x00, 0x00, 0x00, 0x00,
        0x00, 0x00, 0x00, 0x00, 0x00, 0x00, 0x00, 0x00, 0x00, 0x00, 0x00, 0x00, 0x00, 0x00, 0x00, 0x00, 0x00, 0x00, 0x00, 0x00, 0x00, 0x00, 0x00, 0x00, 0x00,
        0x00, 0x00, 0x00, 0x00, 0x00, 0x00, 0x00, 0x00, 0x00, 0x00, 0x00, 0x00, 0x00, 0x00, 0x00, 0x00, 0x00, 0x00, 0x00, 0x00, 0x00, 0x00, 0x00, 0x00, 0x00,
        0x00, 0x00, 0x00, 0x00, 0x00, 0x00, 0x00, 0x00, 0x00, 0x00, 0x00, 0x00, 0x00, 0x00, 0x00, 0x00, 0x00, 0x00, 0x00, 0x00, 0x00, 0x00, 0x00, 0x00, 0x00,
        0x00, 0x00, 0x00, 0x00, 0x00, 0x00, 0x00, 0x00, 0x00, 0x00, 0x00, 0x00, 0x00, 0x00, 0x00, 0x00, 0x00, 0x00, 0x00, 0x00, 0x00, 0x00, 0x00, 0x00, 0x00,
        0x00, 0x00, 0x00, 0x00, 0x00, 0x00, 0x00, 0x00, 0x00, 0x00, 0x00, 0x00, 0x00, 0x00, 0x00, 0x00, 0x00, 0x00, 0x00, 0x00, 0x00, 0x00, 0x00, 0x00, 0x00,
        0x00, 0x78, 0x25, 0x00, 0x00, 0x00, 0x02, 0x02, 0x00, 0x30, 0x82, 0x25, 0x6A, 0x06, 0x09, 0x2A, 0x86, 0x48, 0x86, 0xF7, 0x0D, 0x01, 0x07, 0x02, 0xA0,
        0x82, 0x25, 0x5B, 0x30, 0x82, 0x25, 0x57, 0x02, 0x01, 0x01, 0x31, 0x0F, 0x30, 0x0D, 0x06, 0x09, 0x60, 0x86, 0x48, 0x01, 0x65, 0x03, 0x04, 0x02, 0x01,
        0x05, 0x00, 0x30, 0x5C, 0x06, 0x0A, 0x2B, 0x06, 0x01, 0x04, 0x01, 0x82, 0x37, 0x02, 0x01, 0x04, 0xA0, 0x4E, 0x30, 0x4C, 0x30, 0x17, 0x06, 0x0A, 0x2B,
        0x06, 0x01, 0x04, 0x01, 0x82, 0x37, 0x02, 0x01, 0x0F, 0x30, 0x09, 0x03, 0x01, 0x00, 0xA0, 0x04, 0xA2, 0x02, 0x80, 0x00, 0x30, 0x31, 0x30, 0x0D, 0x06,
        0x09, 0x60, 0x86, 0x48, 0x01, 0x65, 0x03, 0x04, 0x02, 0x01, 0x05, 0x00, 0x04, 0x20, 0x90, 0x9D, 0x4A, 0xAE, 0x85, 0xFB, 0x31, 0x24, 0x55, 0xF8, 0xDC,
        0xA5, 0x5E, 0xB1, 0x8E, 0xA1, 0x59, 0xEC, 0x8E, 0xB1, 0x28, 0x6C, 0x4E, 0x2A, 0x70, 0x50, 0x2E, 0xC6, 0xC2, 0x54, 0x1C, 0x51, 0xA0, 0x82, 0x12, 0xE8,
        0x30, 0x82, 0x05, 0xDD, 0x30, 0x82, 0x03, 0xC5, 0xA0, 0x03, 0x02, 0x01, 0x02, 0x02, 0x08, 0x7B, 0x2C, 0x9B, 0xD3, 0x16, 0x80, 0x32, 0x99, 0x30, 0x0D,
        0x06, 0x09, 0x2A, 0x86, 0x48, 0x86, 0xF7, 0x0D, 0x01, 0x01, 0x0B, 0x05, 0x00, 0x30, 0x7C, 0x31, 0x0B, 0x30, 0x09, 0x06, 0x03, 0x55, 0x04, 0x06, 0x13,
        0x02, 0x55, 0x53, 0x31, 0x0E, 0x30, 0x0C, 0x06, 0x03, 0x55, 0x04, 0x08, 0x0C, 0x05, 0x54, 0x65, 0x78, 0x61, 0x73, 0x31, 0x10, 0x30, 0x0E, 0x06, 0x03,
        0x55, 0x04, 0x07, 0x0C, 0x07, 0x48, 0x6F, 0x75, 0x73, 0x74, 0x6F, 0x6E, 0x31, 0x18, 0x30, 0x16, 0x06, 0x03, 0x55, 0x04, 0x0A, 0x0C, 0x0F, 0x53, 0x53,
        0x4C, 0x20, 0x43, 0x6F, 0x72, 0x70, 0x6F, 0x72, 0x61, 0x74, 0x69, 0x6F, 0x6E, 0x31, 0x31, 0x30, 0x2F, 0x06, 0x03, 0x55, 0x04, 0x03, 0x0C, 0x28, 0x53,
        0x53, 0x4C, 0x2E, 0x63, 0x6F, 0x6D, 0x20, 0x52, 0x6F, 0x6F, 0x74, 0x20, 0x43, 0x65, 0x72, 0x74, 0x69, 0x66, 0x69, 0x63, 0x61, 0x74, 0x69, 0x6F, 0x6E,
        0x20, 0x41, 0x75, 0x74, 0x68, 0x6F, 0x72, 0x69, 0x74, 0x79, 0x20, 0x52, 0x53, 0x41, 0x30, 0x1E, 0x17, 0x0D, 0x31, 0x36, 0x30, 0x32, 0x31, 0x32, 0x31,
        0x37, 0x33, 0x39, 0x33, 0x39, 0x5A, 0x17, 0x0D, 0x34, 0x31, 0x30, 0x32, 0x31, 0x32, 0x31, 0x37, 0x33, 0x39, 0x33, 0x39, 0x5A, 0x30, 0x7C, 0x31, 0x0B,
        0x30, 0x09, 0x06, 0x03, 0x55, 0x04, 0x06, 0x13, 0x02, 0x55, 0x53, 0x31, 0x0E, 0x30, 0x0C, 0x06, 0x03, 0x55, 0x04, 0x08, 0x0C, 0x05, 0x54, 0x65, 0x78,
        0x61, 0x73, 0x31, 0x10, 0x30, 0x0E, 0x06, 0x03, 0x55, 0x04, 0x07, 0x0C, 0x07, 0x48, 0x6F, 0x75, 0x73, 0x74, 0x6F, 0x6E, 0x31, 0x18, 0x30, 0x16, 0x06,
        0x03, 0x55, 0x04, 0x0A, 0x0C, 0x0F, 0x53, 0x53, 0x4C, 0x20, 0x43, 0x6F, 0x72, 0x70, 0x6F, 0x72, 0x61, 0x74, 0x69, 0x6F, 0x6E, 0x31, 0x31, 0x30, 0x2F,
        0x06, 0x03, 0x55, 0x04, 0x03, 0x0C, 0x28, 0x53, 0x53, 0x4C, 0x2E, 0x63, 0x6F, 0x6D, 0x20, 0x52, 0x6F, 0x6F, 0x74, 0x20, 0x43, 0x65, 0x72, 0x74, 0x69,
        0x66, 0x69, 0x63, 0x61, 0x74, 0x69, 0x6F, 0x6E, 0x20, 0x41, 0x75, 0x74, 0x68, 0x6F, 0x72, 0x69, 0x74, 0x79, 0x20, 0x52, 0x53, 0x41, 0x30, 0x82, 0x02,
        0x22, 0x30, 0x0D, 0x06, 0x09, 0x2A, 0x86, 0x48, 0x86, 0xF7, 0x0D, 0x01, 0x01, 0x01, 0x05, 0x00, 0x03, 0x82, 0x02, 0x0F, 0x00, 0x30, 0x82, 0x02, 0x0A,
        0x02, 0x82, 0x02, 0x01, 0x00, 0xF9, 0x0F, 0xDD, 0xA3, 0x2B, 0x7D, 0xCB, 0xD0, 0x2A, 0xFE, 0xEC, 0x67, 0x85, 0xA6, 0xE7, 0x2E, 0x1B, 0xBA, 0x77, 0xE1,
        0xE3, 0xF5, 0xAF, 0xA4, 0xEC, 0xFA, 0x4A, 0x5D, 0x91, 0xC4, 0x57, 0x47, 0x6B, 0x18, 0x77, 0x6B, 0x76, 0xF2, 0xFD, 0x93, 0xE4, 0x3D, 0x0F, 0xC2, 0x16,
        0x9E, 0x0B, 0x66, 0xC3, 0x56, 0x94, 0x9E, 0x17, 0x83, 0x85, 0xCE, 0x56, 0xEF, 0xF2, 0x16, 0xFD, 0x00, 0x62, 0xF5, 0x22, 0x09, 0x54, 0xE8, 0x65, 0x17,
        0x4E, 0x41, 0xB9, 0xE0, 0x4F, 0x46, 0x97, 0xAA, 0x1B, 0xC8, 0xB8, 0x6E, 0x62, 0x5E, 0x69, 0xB1, 0x5F, 0xDB, 0x2A, 0x02, 0x7E, 0xFC, 0x6C, 0xCA, 0xF3,
        0x41, 0xD8, 0xED, 0xD0, 0xE8, 0xFC, 0x3F, 0x61, 0x48, 0xED, 0xB0, 0x03, 0x14, 0x1D, 0x10, 0x0E, 0x4B, 0x19, 0xE0, 0xBB, 0x4E, 0xEC, 0x86, 0x65, 0xFF,
        0x36, 0xF3, 0x5E, 0x67, 0x02, 0x0B, 0x9D, 0x86, 0x55, 0x61, 0xFD, 0x7A, 0x38, 0xED, 0xFE, 0xE2, 0x19, 0x00, 0xB7, 0x6F, 0xA1, 0x50, 0x62, 0x75, 0x74,
        0x3C, 0xA0, 0xFA, 0xC8, 0x25, 0x92, 0xB4, 0x6E, 0x7A, 0x22, 0xC7, 0xF8, 0x1E, 0xA1, 0xE3, 0xB2, 0xDD, 0x91, 0x31, 0xAB, 0x2B, 0x1D, 0x04, 0xFF, 0xA5,
        0x4A, 0x04, 0x37, 0xE9, 0x85, 0xA4, 0x33, 0x2B, 0xFD, 0xE2, 0xD6, 0x55, 0x34, 0x7C, 0x19, 0xA4, 0x4A, 0x68, 0xC7, 0xB2, 0xA8, 0xD3, 0xB7, 0xCA, 0xA1,
        0x93, 0x88, 0xEB, 0xC1, 0x97, 0xBC, 0x8C, 0xF9, 0x1D, 0xD9, 0x22, 0x84, 0x24, 0x74, 0xC7, 0x04, 0x3D, 0x6A, 0xA9, 0x29, 0x93, 0xCC, 0xEB, 0xB8, 0x5B,
        0xE1, 0xFE, 0x5F, 0x25, 0xAA, 0x34, 0x58, 0xC8, 0xC1, 0x23, 0x54, 0x9D, 0x1B, 0x98, 0x11, 0xC3, 0x38, 0x9C, 0x7E, 0x3D, 0x86, 0x6C, 0xA5, 0x0F, 0x40,
        0x86, 0x7C, 0x02, 0xF4, 0x5C, 0x02, 0x4F, 0x28, 0xCB, 0xAE, 0x71, 0x9F, 0x0F, 0x3A, 0xC8, 0x33, 0xFE, 0x11, 0x25, 0x35, 0xEA, 0xFC, 0xBA, 0xC5, 0x60,
        0x3D, 0xD9, 0x7C, 0x18, 0xD5, 0xB2, 0xA9, 0xD3, 0x75, 0x78, 0x03, 0x72, 0x22, 0xCA, 0x3A, 0xC3, 0x1F, 0xEF, 0x2C, 0xE5, 0x2E, 0xA9, 0xFA, 0x9E, 0x2C,
        0xB6, 0x51, 0x46, 0xFD, 0xAF, 0x03, 0xD6, 0xEA, 0x60, 0x68, 0xEA, 0x85, 0x16, 0x36, 0x6B, 0x85, 0xE9, 0x1E, 0xC0, 0xB3, 0xDD, 0xC4, 0x24, 0xDC, 0x80,
        0x2A, 0x81, 0x41, 0x6D, 0x94, 0x3E, 0xC8, 0xE0, 0xC9, 0x81, 0x41, 0x00, 0x9E, 0x5E, 0xBF, 0x7F, 0xC5, 0x08, 0x98, 0xA2, 0x18, 0x2C, 0x42, 0x40, 0xB3,
        0xF9, 0x6F, 0x38, 0x27, 0x4B, 0x4E, 0x80, 0xF4, 0x3D, 0x81, 0x47, 0xE0, 0x88, 0x7C, 0xEA, 0x1C, 0xCE, 0xB5, 0x75, 0x5C, 0x51, 0x2E, 0x1C, 0x2B, 0x7F,
        0x1A, 0x72, 0x28, 0xE7, 0x00, 0xB5, 0xD1, 0x74, 0xC6, 0xD7, 0xE4, 0x9F, 0xAD, 0x07, 0x93, 0xB6, 0x53, 0x35, 0x35, 0xFC, 0x37, 0xE4, 0xC3, 0xF6, 0x5D,
        0x16, 0xBE, 0x21, 0x73, 0xDE, 0x92, 0x0A, 0xF8, 0xA0, 0x63, 0x6A, 0xBC, 0x96, 0x92, 0x6A, 0x3E, 0xF8, 0xBC, 0x65, 0x55, 0x9B, 0xDE, 0xF5, 0x0D, 0x89,
        0x26, 0x04, 0xFC, 0x25, 0x1A, 0xA6, 0x25, 0x69, 0xCB, 0xC2, 0x6D, 0xCA, 0x7C, 0xE2, 0x59, 0x5F, 0x97, 0xAC, 0xEB, 0xEF, 0x2E, 0xC8, 0xBC, 0xD7, 0x1B,
        0x59, 0x3C, 0x2B, 0xCC, 0xF2, 0x19, 0xC8, 0x93, 0x6B, 0x27, 0x63, 0x19, 0xCF, 0xFC, 0xE9, 0x26, 0xF8, 0xCA, 0x71, 0x9B, 0x7F, 0x93, 0xFE, 0x34, 0x67,
        0x84, 0x4E, 0x99, 0xEB, 0xFC, 0xB3, 0x78, 0x09, 0x33, 0x70, 0xBA, 0x66, 0xA6, 0x76, 0xED, 0x1B, 0x73, 0xEB, 0x1A, 0xA5, 0x0D, 0xC4, 0x22, 0x13, 0x20,
        0x94, 0x56, 0x0A, 0x4E, 0x2C, 0x6C, 0x4E, 0xB1, 0xFD, 0xCF, 0x9C, 0x09, 0xBA, 0xA2, 0x33, 0xED, 0x87, 0x02, 0x03, 0x01, 0x00, 0x01, 0xA3, 0x63, 0x30,
        0x61, 0x30, 0x1D, 0x06, 0x03, 0x55, 0x1D, 0x0E, 0x04, 0x16, 0x04, 0x14, 0xDD, 0x04, 0x09, 0x07, 0xA2, 0xF5, 0x7A, 0x7D, 0x52, 0x53, 0x12, 0x92, 0x95,
        0xEE, 0x38, 0x80, 0x25, 0x0D, 0xA6, 0x59, 0x30, 0x0F, 0x06, 0x03, 0x55, 0x1D, 0x13, 0x01, 0x01, 0xFF, 0x04, 0x05, 0x30, 0x03, 0x01, 0x01, 0xFF, 0x30,
        0x1F, 0x06, 0x03, 0x55, 0x1D, 0x23, 0x04, 0x18, 0x30, 0x16, 0x80, 0x14, 0xDD, 0x04, 0x09, 0x07, 0xA2, 0xF5, 0x7A, 0x7D, 0x52, 0x53, 0x12, 0x92, 0x95,
        0xEE, 0x38, 0x80, 0x25, 0x0D, 0xA6, 0x59, 0x30, 0x0E, 0x06, 0x03, 0x55, 0x1D, 0x0F, 0x01, 0x01, 0xFF, 0x04, 0x04, 0x03, 0x02, 0x01, 0x86, 0x30, 0x0D,
        0x06, 0x09, 0x2A, 0x86, 0x48, 0x86, 0xF7, 0x0D, 0x01, 0x01, 0x0B, 0x05, 0x00, 0x03, 0x82, 0x02, 0x01, 0x00, 0x20, 0x18, 0x11, 0x94, 0x29, 0xFB, 0x26,
        0x9D, 0x1C, 0x1E, 0x1E, 0x70, 0x61, 0xF1, 0x95, 0x72, 0x93, 0x71, 0x24, 0xAD, 0x68, 0x93, 0x58, 0x8E, 0x32, 0xAF, 0x1B, 0xB3, 0x70, 0x03, 0xFC, 0x25,
        0x2B, 0x74, 0x85, 0x90, 0x3D, 0x78, 0x6A, 0xF4, 0xB9, 0x8B, 0xA5, 0x97, 0x3B, 0xB5, 0x18, 0x91, 0xBB, 0x1E, 0xA7, 0xF9, 0x40, 0x5B, 0x91, 0xF9, 0x55,
        0x99, 0xAF, 0x1E, 0x11, 0xD0, 0x5C, 0x1D, 0xA7, 0x66, 0xE3, 0xB1, 0x94, 0x07, 0x0C, 0x32, 0x39, 0xA6, 0xEA, 0x1B, 0xB0, 0x79, 0xD8, 0x1D, 0x9C, 0x70,
        0x44, 0xE3, 0x8A, 0xDD, 0xC4, 0xF9, 0x95, 0x1F, 0x8A, 0x38, 0x43, 0x3F, 0x01, 0x85, 0xA5, 0x47, 0xA7, 0x3D, 0x46, 0xB2, 0xBC, 0xE5, 0x22, 0x68, 0xF7,
        0x7B, 0x9C, 0xD8, 0x2C, 0x3E, 0x0A, 0x21, 0xC8, 0x2D, 0x33, 0xAC, 0xBF, 0xC5, 0x81, 0x99, 0x31, 0x74, 0xC1, 0x75, 0x71, 0xC5, 0xBE, 0xB1, 0xF0, 0x23,
        0x45, 0xF4, 0x9D, 0x6B, 0xFC, 0x19, 0x63, 0x9D, 0xA3, 0xBC, 0x04, 0xC6, 0x18, 0x0B, 0x25, 0xBB, 0x53, 0x89, 0x0F, 0xB3, 0x80, 0x50, 0xDE, 0x45, 0xEE,
        0x44, 0x7F, 0xAB, 0x94, 0x78, 0x64, 0x98, 0xD3, 0xF6, 0x28, 0xDD, 0x87, 0xD8, 0x70, 0x65, 0x74, 0xFB, 0x0E, 0xB9, 0x13, 0xEB, 0xA7, 0x0F, 0x61, 0xA9,
        0x32, 0x96, 0xCC, 0xDE, 0xBB, 0xED, 0x63, 0x4C, 0x18, 0xBB, 0xA9, 0x40, 0xF7, 0xA0, 0x54, 0x6E, 0x20, 0x88, 0x71, 0x75, 0x18, 0xEA, 0x7A, 0xB4, 0x34,
        0x72, 0xE0, 0x23, 0x27, 0x77, 0x5C, 0xB6, 0x90, 0xEA, 0x86, 0x25, 0x40, 0xAB, 0xEF, 0x33, 0x0F, 0xCB, 0x9F, 0x82, 0xBE, 0xA2, 0x20, 0xFB, 0xF6, 0xB5,
        0x2D, 0x1A, 0xE6, 0xC2, 0x85, 0xB1, 0x74, 0x0F, 0xFB, 0xC8, 0x65, 0x02, 0xA4, 0x52, 0x01, 0x47, 0xDD, 0x49, 0x22, 0xC1, 0xBF, 0xD8, 0xEB, 0x6B, 0xAC,
        0x7E, 0xDE, 0xEC, 0x63, 0x33, 0x15, 0xB7, 0x23, 0x08, 0x8F, 0xC6, 0x0F, 0x8D, 0x41, 0x5A, 0xDD, 0x8E, 0xC5, 0xB9, 0x8F, 0xE5, 0x45, 0x3F, 0x78, 0xDB,
        0xBA, 0xD2, 0x1B, 0x40, 0xB1, 0xFE, 0x71, 0x4D, 0x3F, 0xE0, 0x81, 0xA2, 0xBA, 0x5E, 0xB4, 0xEC, 0x15, 0xE0, 0x93, 0xDD, 0x08, 0x1F, 0x7E, 0xE1, 0x55,
        0x99, 0x0B, 0x21, 0xDE, 0x93, 0x9E, 0x0A, 0xFB, 0xE6, 0xA3, 0x49, 0xBD, 0x36, 0x30, 0xFE, 0xE7, 0x77, 0xB2, 0xA0, 0x75, 0x97, 0xB5, 0x2D, 0x81, 0x88,
        0x17, 0x65, 0x20, 0xF7, 0xDA, 0x90, 0x00, 0x9F, 0xC9, 0x52, 0xCC, 0x32, 0xCA, 0x35, 0x7C, 0xF5, 0x3D, 0x0F, 0xD8, 0x2B, 0xD7, 0xF5, 0x26, 0x6C, 0xC9,
        0x06, 0x34, 0x96, 0x16, 0xEA, 0x70, 0x59, 0x1A, 0x32, 0x79, 0x79, 0x0B, 0xB6, 0x88, 0x7F, 0x0F, 0x52, 0x48, 0x3D, 0xBF, 0x6C, 0xD8, 0xA2, 0x44, 0x2E,
        0xD1, 0x4E, 0xB7, 0x72, 0x58, 0xD3, 0x89, 0x13, 0x95, 0xFE, 0x44, 0xAB, 0xF8, 0xD7, 0x8B, 0x1B, 0x6E, 0x9C, 0xBC, 0x2C, 0xA0, 0x5B, 0xD5, 0x6A, 0x00,
        0xAF, 0x5F, 0x37, 0xE1, 0xD5, 0xFA, 0x10, 0x0B, 0x98, 0x9C, 0x86, 0xE7, 0x26, 0x8F, 0xCE, 0xF0, 0xEC, 0x6E, 0x8A, 0x57, 0x0B, 0x80, 0xE3, 0x4E, 0xB2,
        0xC0, 0xA0, 0x63, 0x61, 0x90, 0xBA, 0x55, 0x68, 0x37, 0x74, 0x6A, 0xB6, 0x92, 0xDB, 0x9F, 0xA1, 0x86, 0x22, 0xB6, 0x65, 0x27, 0x0E, 0xEC, 0xB6, 0x9F,
        0x42, 0x60, 0xE4, 0x67, 0xC2, 0xB5, 0xDA, 0x41, 0x0B, 0xC4, 0xD3, 0x8B, 0x61, 0x1B, 0xBC, 0xFA, 0x1F, 0x91, 0x2B, 0xD7, 0x44, 0x07, 0x5E, 0xBA, 0x29,
        0xAC, 0xD9, 0xC5, 0xE9, 0xEF, 0x53, 0x48, 0x5A, 0xEB, 0x80, 0xF1, 0x28, 0x58, 0x21, 0xCD, 0xB0, 0x06, 0x55, 0xFB, 0x27, 0x3F, 0x53, 0x90, 0x70, 0xA9,
        0x04, 0x1E, 0x57, 0x27, 0xB9, 0x30, 0x82, 0x06, 0x72, 0x30, 0x82, 0x04, 0x5A, 0xA0, 0x03, 0x02, 0x01, 0x02, 0x02, 0x08, 0x64, 0x33, 0x51, 0xD3, 0xC7,
        0x38, 0x9F, 0x08, 0x30, 0x0D, 0x06, 0x09, 0x2A, 0x86, 0x48, 0x86, 0xF7, 0x0D, 0x01, 0x01, 0x0B, 0x05, 0x00, 0x30, 0x7C, 0x31, 0x0B, 0x30, 0x09, 0x06,
        0x03, 0x55, 0x04, 0x06, 0x13, 0x02, 0x55, 0x53, 0x31, 0x0E, 0x30, 0x0C, 0x06, 0x03, 0x55, 0x04, 0x08, 0x0C, 0x05, 0x54, 0x65, 0x78, 0x61, 0x73, 0x31,
        0x10, 0x30, 0x0E, 0x06, 0x03, 0x55, 0x04, 0x07, 0x0C, 0x07, 0x48, 0x6F, 0x75, 0x73, 0x74, 0x6F, 0x6E, 0x31, 0x18, 0x30, 0x16, 0x06, 0x03, 0x55, 0x04,
        0x0A, 0x0C, 0x0F, 0x53, 0x53, 0x4C, 0x20, 0x43, 0x6F, 0x72, 0x70, 0x6F, 0x72, 0x61, 0x74, 0x69, 0x6F, 0x6E, 0x31, 0x31, 0x30, 0x2F, 0x06, 0x03, 0x55,
        0x04, 0x03, 0x0C, 0x28, 0x53, 0x53, 0x4C, 0x2E, 0x63, 0x6F, 0x6D, 0x20, 0x52, 0x6F, 0x6F, 0x74, 0x20, 0x43, 0x65, 0x72, 0x74, 0x69, 0x66, 0x69, 0x63,
        0x61, 0x74, 0x69, 0x6F, 0x6E, 0x20, 0x41, 0x75, 0x74, 0x68, 0x6F, 0x72, 0x69, 0x74, 0x79, 0x20, 0x52, 0x53, 0x41, 0x30, 0x1E, 0x17, 0x0D, 0x31, 0x36,
        0x30, 0x36, 0x32, 0x34, 0x32, 0x30, 0x34, 0x34, 0x33, 0x30, 0x5A, 0x17, 0x0D, 0x33, 0x31, 0x30, 0x36, 0x32, 0x34, 0x32, 0x30, 0x34, 0x34, 0x33, 0x30,
        0x5A, 0x30, 0x78, 0x31, 0x0B, 0x30, 0x09, 0x06, 0x03, 0x55, 0x04, 0x06, 0x13, 0x02, 0x55, 0x53, 0x31, 0x0E, 0x30, 0x0C, 0x06, 0x03, 0x55, 0x04, 0x08,
        0x0C, 0x05, 0x54, 0x65, 0x78, 0x61, 0x73, 0x31, 0x10, 0x30, 0x0E, 0x06, 0x03, 0x55, 0x04, 0x07, 0x0C, 0x07, 0x48, 0x6F, 0x75, 0x73, 0x74, 0x6F, 0x6E,
        0x31, 0x11, 0x30, 0x0F, 0x06, 0x03, 0x55, 0x04, 0x0A, 0x0C, 0x08, 0x53, 0x53, 0x4C, 0x20, 0x43, 0x6F, 0x72, 0x70, 0x31, 0x34, 0x30, 0x32, 0x06, 0x03,
        0x55, 0x04, 0x03, 0x0C, 0x2B, 0x53, 0x53, 0x4C, 0x2E, 0x63, 0x6F, 0x6D, 0x20, 0x43, 0x6F, 0x64, 0x65, 0x20, 0x53, 0x69, 0x67, 0x6E, 0x69, 0x6E, 0x67,
        0x20, 0x49, 0x6E, 0x74, 0x65, 0x72, 0x6D, 0x65, 0x64, 0x69, 0x61, 0x74, 0x65, 0x20, 0x43, 0x41, 0x20, 0x52, 0x53, 0x41, 0x20, 0x52, 0x31, 0x30, 0x82,
        0x02, 0x22, 0x30, 0x0D, 0x06, 0x09, 0x2A, 0x86, 0x48, 0x86, 0xF7, 0x0D, 0x01, 0x01, 0x01, 0x05, 0x00, 0x03, 0x82, 0x02, 0x0F, 0x00, 0x30, 0x82, 0x02,
        0x0A, 0x02, 0x82, 0x02, 0x01, 0x00, 0x9F, 0x83, 0x13, 0x73, 0xAA, 0xB0, 0xC6, 0x6D, 0x21, 0xCB, 0xDB, 0x8B, 0x7A, 0x87, 0x74, 0xD0, 0x71, 0xDC, 0x8E,
        0x97, 0x72, 0x9A, 0xE4, 0xBB, 0x88, 0x34, 0xB4, 0xDD, 0x80, 0x03, 0xC6, 0x2F, 0x45, 0xA4, 0x74, 0x9A, 0xBF, 0x1E, 0x0F, 0x50, 0xEA, 0x9E, 0x6D, 0x78,
        0xF3, 0x9F, 0xFA, 0x51, 0x26, 0xA9, 0x3D, 0x9D, 0xD1, 0xB2, 0x94, 0x57, 0x3E, 0xFB, 0x39, 0x89, 0x1B, 0x91, 0x2B, 0x56, 0xEF, 0x67, 0xCB, 0xE6, 0x0B,
        0xE3, 0x0E, 0x39, 0x8C, 0xC6, 0x35, 0xF4, 0x8C, 0x3D, 0xDD, 0x25, 0xE9, 0x01, 0xAC, 0x17, 0x42, 0x7D, 0x58, 0x16, 0x40, 0xDC, 0xF9, 0xD5, 0x28, 0x44,
        0x1D, 0x95, 0x64, 0x30, 0x61, 0x3A, 0x64, 0xF2, 0x97, 0xD7, 0x73, 0x4C, 0x7D, 0x7B, 0x23, 0x02, 0x6D, 0xF3, 0x75, 0xEB, 0x55, 0x3D, 0x6F, 0xAA, 0x2D,
        0xC4, 0xAF, 0xBE, 0x74, 0xAC, 0x5D, 0xFE, 0x6A, 0xB6, 0xFC, 0xEA, 0x5C, 0x79, 0xE9, 0x0F, 0x43, 0x9C, 0xB5, 0x52, 0x05, 0x0F, 0xEF, 0x3E, 0xB1, 0xB1,
        0x8F, 0xD0, 0x49, 0xAD, 0xA6, 0xE3, 0x42, 0x19, 0x54, 0x3F, 0xF3, 0x2F, 0x0E, 0xA1, 0xCB, 0x7C, 0xFE, 0x13, 0xF9, 0x23, 0x39, 0xDA, 0x25, 0x1C, 0xB8,
        0x3E, 0x00, 0x4A, 0x3A, 0x6F, 0x32, 0x30, 0x37, 0x64, 0x1E, 0xC7, 0xAE, 0x75, 0x07, 0xD8, 0x55, 0xD2, 0x18, 0xC9, 0x0E, 0x8A, 0xBC, 0xA3, 0x5C, 0xF0,
        0x7C, 0x0A, 0xA7, 0x85, 0x81, 0xC2, 0x0E, 0xAF, 0x8F, 0x99, 0x5C, 0xD3, 0x60, 0x25, 0xBC, 0x83, 0x5A, 0x69, 0x1C, 0x25, 0x13, 0xCD, 0x72, 0xF5, 0xEB,
        0x9C, 0x80, 0x9B, 0xDC, 0x2C, 0x67, 0xC4, 0xDD, 0xC9, 0x09, 0x98, 0xD5, 0x73, 0xEB, 0xC4, 0x21, 0xA3, 0xE5, 0x32, 0x8E, 0x3E, 0x2F, 0x52, 0x98, 0xC6,
        0x60, 0x37, 0x64, 0x8C, 0xB2, 0x6F, 0x4A, 0x54, 0x72, 0x18, 0xCC, 0x27, 0x87, 0xFA, 0xCD, 0x75, 0xA2, 0x63, 0x21, 0x4C, 0xB5, 0x3D, 0x64, 0xFD, 0x2B,
        0xA6, 0x9B, 0x55, 0xAF, 0x26, 0x4C, 0x60, 0xB4, 0xB9, 0x5C, 0xFE, 0xAB, 0x43, 0xBD, 0xAD, 0xD0, 0x13, 0x66, 0x50, 0x1F, 0x0B, 0xD2, 0x89, 0xA6, 0xFF,
        0xD7, 0x80, 0x06, 0xF1, 0xC3, 0x11, 0x02, 0x33, 0x33, 0x61, 0x17, 0xF7, 0x56, 0x1F, 0x8E, 0x2F, 0x3B, 0x68, 0xE7, 0x15, 0xF1, 0x77, 0x56, 0x4A, 0x29,
        0x9E, 0x03, 0xDA, 0xC2, 0x2B, 0x26, 0x61, 0x32, 0x5B, 0xA0, 0x56, 0xE5, 0x49, 0x29, 0x8D, 0x36, 0xA7, 0xF5, 0xC7, 0x52, 0xA2, 0x56, 0x03, 0x20, 0x2F,
        0x38, 0x78, 0x80, 0xBD, 0xF6, 0x06, 0xAE, 0x41, 0x34, 0xCB, 0x94, 0x45, 0xBD, 0x9B, 0xC7, 0x89, 0x18, 0x1F, 0x0B, 0xBA, 0xFF, 0xA9, 0xAE, 0x6A, 0x40,
        0x99, 0x13, 0xDD, 0xEF, 0x50, 0xDF, 0x01, 0xBA, 0xF2, 0x04, 0xD6, 0xD0, 0x31, 0xDF, 0x34, 0x38, 0x5E, 0x57, 0x5B, 0xC8, 0x38, 0x1E, 0x56, 0xD4, 0xAC,
        0x48, 0xA6, 0xED, 0xFF, 0xF9, 0xB8, 0xC1, 0x3B, 0xED, 0xC2, 0x24, 0xBE, 0x44, 0x60, 0xA7, 0x77, 0xCD, 0xD5, 0x3D, 0x98, 0x59, 0xB4, 0x43, 0xEA, 0xAA,
        0x60, 0x7D, 0xCD, 0xC2, 0xE5, 0x2F, 0xF1, 0xEB, 0xF5, 0xD4, 0x20, 0xD5, 0x97, 0x34, 0x6E, 0x5D, 0x04, 0x6B, 0x05, 0x11, 0xD2, 0xD3, 0x92, 0x8C, 0x09,
        0x27, 0x44, 0xED, 0x4F, 0x35, 0x31, 0x46, 0x7E, 0x74, 0x19, 0x05, 0x62, 0xEC, 0x89, 0xE3, 0xEA, 0x23, 0x70, 0x98, 0xE4, 0xD1, 0x2F, 0xD4, 0x8A, 0x13,
        0x18, 0x46, 0x93, 0x65, 0xE5, 0x58, 0x73, 0xD3, 0x4C, 0x3D, 0x27, 0x7A, 0x22, 0x3F, 0xC3, 0xF8, 0xA3, 0x55, 0xB7, 0xF9, 0xE6, 0x87, 0x82, 0xEC, 0x45,
        0x1E, 0xC5, 0x6E, 0x3A, 0x7C, 0xB1, 0x4E, 0xB9, 0xAB, 0x68, 0xF7, 0x9B, 0x63, 0xD5, 0x91, 0x41, 0xBC, 0xA9, 0x02, 0x03, 0x01, 0x00, 0x01, 0xA3, 0x81,
        0xFB, 0x30, 0x81, 0xF8, 0x30, 0x0F, 0x06, 0x03, 0x55, 0x1D, 0x13, 0x01, 0x01, 0xFF, 0x04, 0x05, 0x30, 0x03, 0x01, 0x01, 0xFF, 0x30, 0x1F, 0x06, 0x03,
        0x55, 0x1D, 0x23, 0x04, 0x18, 0x30, 0x16, 0x80, 0x14, 0xDD, 0x04, 0x09, 0x07, 0xA2, 0xF5, 0x7A, 0x7D, 0x52, 0x53, 0x12, 0x92, 0x95, 0xEE, 0x38, 0x80,
        0x25, 0x0D, 0xA6, 0x59, 0x30, 0x30, 0x06, 0x08, 0x2B, 0x06, 0x01, 0x05, 0x05, 0x07, 0x01, 0x01, 0x04, 0x24, 0x30, 0x22, 0x30, 0x20, 0x06, 0x08, 0x2B,
        0x06, 0x01, 0x05, 0x05, 0x07, 0x30, 0x01, 0x86, 0x14, 0x68, 0x74, 0x74, 0x70, 0x3A, 0x2F, 0x2F, 0x6F, 0x63, 0x73, 0x70, 0x73, 0x2E, 0x73, 0x73, 0x6C,
        0x2E, 0x63, 0x6F, 0x6D, 0x30, 0x11, 0x06, 0x03, 0x55, 0x1D, 0x20, 0x04, 0x0A, 0x30, 0x08, 0x30, 0x06, 0x06, 0x04, 0x55, 0x1D, 0x20, 0x00, 0x30, 0x13,
        0x06, 0x03, 0x55, 0x1D, 0x25, 0x04, 0x0C, 0x30, 0x0A, 0x06, 0x08, 0x2B, 0x06, 0x01, 0x05, 0x05, 0x07, 0x03, 0x03, 0x30, 0x3B, 0x06, 0x03, 0x55, 0x1D,
        0x1F, 0x04, 0x34, 0x30, 0x32, 0x30, 0x30, 0xA0, 0x2E, 0xA0, 0x2C, 0x86, 0x2A, 0x68, 0x74, 0x74, 0x70, 0x3A, 0x2F, 0x2F, 0x63, 0x72, 0x6C, 0x73, 0x2E,
        0x73, 0x73, 0x6C, 0x2E, 0x63, 0x6F, 0x6D, 0x2F, 0x73, 0x73, 0x6C, 0x2E, 0x63, 0x6F, 0x6D, 0x2D, 0x72, 0x73, 0x61, 0x2D, 0x52, 0x6F, 0x6F, 0x74, 0x43,
        0x41, 0x2E, 0x63, 0x72, 0x6C, 0x30, 0x1D, 0x06, 0x03, 0x55, 0x1D, 0x0E, 0x04, 0x16, 0x04, 0x14, 0x54, 0xC2, 0xFE, 0x10, 0x95, 0x00, 0x93, 0xCD, 0x6A,
        0xF5, 0xE7, 0xC0, 0xD7, 0xD9, 0xB2, 0x4B, 0xB8, 0x8F, 0x0C, 0xE3, 0x30, 0x0E, 0x06, 0x03, 0x55, 0x1D, 0x0F, 0x01, 0x01, 0xFF, 0x04, 0x04, 0x03, 0x02,
        0x01, 0x86, 0x30, 0x0D, 0x06, 0x09, 0x2A, 0x86, 0x48, 0x86, 0xF7, 0x0D, 0x01, 0x01, 0x0B, 0x05, 0x00, 0x03, 0x82, 0x02, 0x01, 0x00, 0xF5, 0x0F, 0x26,
        0x87, 0x70, 0xAF, 0x99, 0xA2, 0xCA, 0xF5, 0xD6, 0xC9, 0xF0, 0x8D, 0x66, 0x3D, 0x39, 0x82, 0xD3, 0x88, 0x23, 0xD8, 0x82, 0xBF, 0x8F, 0x54, 0x84, 0x27,
        0xB6, 0xD3, 0x83, 0x07, 0xD7, 0x9E, 0x27, 0x89, 0x4D, 0x84, 0x8E, 0x54, 0xD1, 0x20, 0xEE, 0x60, 0x43, 0xDB, 0x57, 0x42, 0x3C, 0xC7, 0xB0, 0x95, 0xF6,
        0xBE, 0xCC, 0xEA, 0xA3, 0x3D, 0x8E, 0x4F, 0x06, 0xC6, 0x2B, 0x59, 0x86, 0x7F, 0xEB, 0x73, 0x1B, 0xCA, 0xE5, 0x40, 0x26, 0xE0, 0x3D, 0x6F, 0xCC, 0xF6,
        0xBD, 0x71, 0xC6, 0xCD, 0x7D, 0x0E, 0x20, 0x40, 0x39, 0xD6, 0x05, 0xD2, 0xAF, 0x94, 0x08, 0xBF, 0x7F, 0xC2, 0x51, 0xB7, 0x2B, 0xB5, 0x7B, 0x83, 0x21,
        0xF0, 0x63, 0xDA, 0xE5, 0x9C, 0xE1, 0x69, 0x2E, 0x75, 0x1D, 0x4E, 0xCB, 0x61, 0x1E, 0xF5, 0xA5, 0x33, 0xDF, 0x02, 0x9D, 0x15, 0xD9, 0xED, 0x69, 0x93,
        0x57, 0xBA, 0x46, 0x45, 0x2E, 0x80, 0xBC, 0x65, 0xBE, 0xE7, 0x12, 0x3E, 0xDE, 0x47, 0xFF, 0x90, 0x9C, 0x10, 0xAD, 0xF6, 0x56, 0xB2, 0xA4, 0xD4, 0xFA,
        0xD6, 0xFC, 0x2E, 0xBC, 0x97, 0x21, 0xB3, 0x76, 0x83, 0xD2, 0x91, 0xFA, 0x06, 0x50, 0xD1, 0xB1, 0x80, 0x28, 0x80, 0xFE, 0xDB, 0xAD, 0x0F, 0x67, 0xED,
        0xF8, 0x7D, 0xDC, 0xD9, 0x70, 0x5B, 0x7A, 0xBA, 0x68, 0xB5, 0xB3, 0x4A, 0x66, 0x17, 0x8F, 0xE7, 0xF0, 0xE7, 0x57, 0xDD, 0x69, 0xFE, 0xBC, 0x5E, 0xE1,
        0xD5, 0x8C, 0x9F, 0x13, 0xBB, 0x95, 0x9A, 0x15, 0xFB, 0x79, 0x2B, 0x85, 0xD5, 0x6D, 0x3E, 0x67, 0x47, 0x6E, 0x1B, 0x07, 0x5C, 0xFB, 0x54, 0x45, 0x0F,
        0x16, 0x11, 0x2E, 0x11, 0xC3, 0xB0, 0xBC, 0xB5, 0x6E, 0x1C, 0x33, 0x57, 0x94, 0x1E, 0xFE, 0x42, 0x34, 0x46, 0x8E, 0x31, 0x50, 0x4E, 0xDB, 0x33, 0x57,
        0x95, 0xFA, 0x38, 0xE4, 0xE6, 0x12, 0xDB, 0xAB, 0x58, 0x2E, 0x45, 0xB7, 0xD9, 0x22, 0xCA, 0xF4, 0x5A, 0x47, 0x49, 0x2C, 0x28, 0xE8, 0x4F, 0x8C, 0x42,
        0x3C, 0x64, 0x68, 0xE9, 0xE6, 0x43, 0xAC, 0x19, 0x91, 0xA9, 0xC7, 0x13, 0x82, 0x5F, 0xFC, 0x71, 0x0A, 0x37, 0xB7, 0x9D, 0x50, 0x7B, 0x3C, 0x5D, 0xF7,
        0xA2, 0x52, 0x82, 0x35, 0xE4, 0xB5, 0xE7, 0xD3, 0x0A, 0x6F, 0x6B, 0xFE, 0x8D, 0xF9, 0xA4, 0xD7, 0xD5, 0x1D, 0x4B, 0xE7, 0x7D, 0x62, 0x08, 0xF8, 0xD9,
        0xD7, 0xAC, 0x99, 0x49, 0xDB, 0xB5, 0x84, 0x41, 0x14, 0x2E, 0xF6, 0x2E, 0x60, 0x97, 0x53, 0x4B, 0x9A, 0xFE, 0xF1, 0x88, 0x7A, 0x74, 0xBA, 0x9E, 0x75,
        0xE9, 0xE0, 0xDA, 0xA7, 0xC9, 0xCC, 0x2C, 0x3B, 0x7B, 0x4C, 0x0A, 0x78, 0xCF, 0x94, 0xF7, 0x36, 0x60, 0xB6, 0x83, 0x3C, 0x8A, 0x54, 0xCB, 0x4E, 0x0D,
        0x68, 0x2A, 0x94, 0x11, 0x75, 0x26, 0x14, 0xEA, 0x20, 0x37, 0xCC, 0xEB, 0x79, 0x17, 0x76, 0x55, 0x78, 0x71, 0x6D, 0xE2, 0x49, 0x38, 0x33, 0x37, 0xDB,
        0xE4, 0x6C, 0x59, 0xC7, 0x23, 0x62, 0xE6, 0xBC, 0xCE, 0x2E, 0x54, 0x4B, 0xFD, 0x5E, 0x03, 0x2A, 0xC8, 0xDD, 0x1E, 0x4B, 0x71, 0x44, 0xD0, 0x75, 0x3E,
        0x31, 0x62, 0x65, 0x8B, 0x29, 0xA6, 0xED, 0x24, 0xE1, 0x7A, 0x1D, 0x84, 0x34, 0x7F, 0xA4, 0x17, 0x7C, 0xB4, 0xAC, 0x7D, 0x3F, 0x35, 0x58, 0xCB, 0xC3,
        0xBF, 0x1A, 0xDD, 0x9F, 0x54, 0x56, 0x6D, 0x45, 0xE5, 0x53, 0xF3, 0x88, 0x8A, 0x2B, 0x31, 0xA3, 0xCA, 0x3E, 0x50, 0xD1, 0x00, 0x34, 0xEC, 0x27, 0x08,
        0xC3, 0x67, 0xC6, 0x5C, 0xE8, 0x68, 0xBF, 0xCF, 0x2E, 0x16, 0x65, 0xB8, 0x3C, 0x66, 0xFF, 0x3B, 0xB2, 0x95, 0xAB, 0x9A, 0x8D, 0x9D, 0xCC, 0x94, 0xF0,
        0xED, 0x78, 0x50, 0x7F, 0xEC, 0x64, 0x47, 0xA3, 0x9D, 0x30, 0x82, 0x06, 0x8D, 0x30, 0x82, 0x04, 0x75, 0xA0, 0x03, 0x02, 0x01, 0x02, 0x02, 0x10, 0x63,
        0x02, 0xBC, 0xE8, 0x9F, 0xCE, 0xDF, 0x4E, 0x84, 0x5E, 0xE9, 0x97, 0x4E, 0x49, 0x43, 0xD1, 0x30, 0x0D, 0x06, 0x09, 0x2A, 0x86, 0x48, 0x86, 0xF7, 0x0D,
        0x01, 0x01, 0x0B, 0x05, 0x00, 0x30, 0x78, 0x31, 0x0B, 0x30, 0x09, 0x06, 0x03, 0x55, 0x04, 0x06, 0x13, 0x02, 0x55, 0x53, 0x31, 0x0E, 0x30, 0x0C, 0x06,
        0x03, 0x55, 0x04, 0x08, 0x0C, 0x05, 0x54, 0x65, 0x78, 0x61, 0x73, 0x31, 0x10, 0x30, 0x0E, 0x06, 0x03, 0x55, 0x04, 0x07, 0x0C, 0x07, 0x48, 0x6F, 0x75,
        0x73, 0x74, 0x6F, 0x6E, 0x31, 0x11, 0x30, 0x0F, 0x06, 0x03, 0x55, 0x04, 0x0A, 0x0C, 0x08, 0x53, 0x53, 0x4C, 0x20, 0x43, 0x6F, 0x72, 0x70, 0x31, 0x34,
        0x30, 0x32, 0x06, 0x03, 0x55, 0x04, 0x03, 0x0C, 0x2B, 0x53, 0x53, 0x4C, 0x2E, 0x63, 0x6F, 0x6D, 0x20, 0x43, 0x6F, 0x64, 0x65, 0x20, 0x53, 0x69, 0x67,
        0x6E, 0x69, 0x6E, 0x67, 0x20, 0x49, 0x6E, 0x74, 0x65, 0x72, 0x6D, 0x65, 0x64, 0x69, 0x61, 0x74, 0x65, 0x20, 0x43, 0x41, 0x20, 0x52, 0x53, 0x41, 0x20,
        0x52, 0x31, 0x30, 0x1E, 0x17, 0x0D, 0x32, 0x35, 0x30, 0x35, 0x30, 0x32, 0x31, 0x33, 0x34, 0x38, 0x31, 0x33, 0x5A, 0x17, 0x0D, 0x32, 0x36, 0x30, 0x35,
        0x30, 0x32, 0x31, 0x33, 0x34, 0x38, 0x31, 0x33, 0x5A, 0x30, 0x74, 0x31, 0x0B, 0x30, 0x09, 0x06, 0x03, 0x55, 0x04, 0x06, 0x13, 0x02, 0x56, 0x4E, 0x31,
        0x13, 0x30, 0x11, 0x06, 0x03, 0x55, 0x04, 0x08, 0x0C, 0x0A, 0x54, 0x68, 0x61, 0x6E, 0x68, 0x20, 0x48, 0xC3, 0xB3, 0x61, 0x31, 0x20, 0x30, 0x1E, 0x06,
        0x03, 0x55, 0x04, 0x07, 0x0C, 0x17, 0x48, 0x75, 0x79, 0xE1, 0xBB, 0x87, 0x6E, 0x20, 0x51, 0x75, 0xE1, 0xBA, 0xA3, 0x6E, 0x67, 0x20, 0x58, 0xC6, 0xB0,
        0xC6, 0xA1, 0x6E, 0x67, 0x31, 0x16, 0x30, 0x14, 0x06, 0x03, 0x55, 0x04, 0x0A, 0x0C, 0x0D, 0x47, 0x69, 0x61, 0x20, 0x48, 0xC6, 0xB0, 0x6E, 0x67, 0x20,
        0x4C, 0xC3, 0xAA, 0x31, 0x16, 0x30, 0x14, 0x06, 0x03, 0x55, 0x04, 0x03, 0x0C, 0x0D, 0x47, 0x69, 0x61, 0x20, 0x48, 0xC6, 0xB0, 0x6E, 0x67, 0x20, 0x4C,
        0xC3, 0xAA, 0x30, 0x82, 0x01, 0xA2, 0x30, 0x0D, 0x06, 0x09, 0x2A, 0x86, 0x48, 0x86, 0xF7, 0x0D, 0x01, 0x01, 0x01, 0x05, 0x00, 0x03, 0x82, 0x01, 0x8F,
        0x00, 0x30, 0x82, 0x01, 0x8A, 0x02, 0x82, 0x01, 0x81, 0x00, 0x8F, 0x9A, 0x08, 0xF9, 0xC4, 0x57, 0xD2, 0x82, 0x2E, 0xA7, 0x45, 0x9B, 0x34, 0xBB, 0x52,
        0x9C, 0x6F, 0x2F, 0x76, 0xF5, 0xEB, 0x6F, 0xC6, 0xE1, 0xD8, 0xB6, 0x0A, 0x56, 0xEE, 0x2F, 0x41, 0x59, 0x7A, 0xEC, 0x8A, 0x2D, 0xD0, 0xD8, 0xB2, 0x94,
        0x23, 0x39, 0x09, 0xDD, 0x7B, 0x54, 0xB1, 0xC8, 0xCB, 0x3F, 0xF9, 0xC9, 0xAA, 0xCF, 0x49, 0xF7, 0xA3, 0xA6, 0xFF, 0x30, 0x1A, 0x63, 0x5C, 0x64, 0x57,
        0x40, 0xCA, 0x3B, 0xE2, 0xF0, 0xA1, 0xE9, 0xA5, 0xEB, 0x90, 0x79, 0xE9, 0xCB, 0x0E, 0x9F, 0xE8, 0xB0, 0xDF, 0x47, 0xEB, 0x80, 0xD7, 0xA7, 0x68, 0xDE,
        0x8A, 0xA3, 0xF1, 0x40, 0x53, 0xE1, 0x56, 0x6F, 0x6E, 0x6D, 0xFF, 0x71, 0x46, 0x20, 0xFF, 0x01, 0x5D, 0xCF, 0xE9, 0xCA, 0x4D, 0x55, 0xED, 0x5A, 0xD3,
        0x64, 0x76, 0xB5, 0x34, 0x10, 0xEB, 0x51, 0xAF, 0x0E, 0x02, 0x50, 0xF3, 0x14, 0x66, 0xF8, 0xCD, 0xC4, 0xD9, 0x93, 0x8C, 0xC5, 0x84, 0x67, 0x8A, 0x6D,
        0xAB, 0xD6, 0x6A, 0xD1, 0x1D, 0x11, 0xA4, 0xC9, 0x61, 0x7B, 0xE1, 0x6B, 0x69, 0x91, 0x70, 0xF3, 0xA8, 0x95, 0x73, 0xC3, 0xCC, 0xBF, 0xB1, 0x2D, 0xE5,
        0xC7, 0xEE, 0x8D, 0x09, 0x1B, 0xF5, 0x48, 0x2C, 0x24, 0xA3, 0x92, 0x08, 0xB7, 0x1B, 0xE6, 0x46, 0x9B, 0x76, 0x66, 0xDD, 0x6A, 0x9E, 0xB7, 0xB8, 0x58,
        0xBB, 0xD4, 0x58, 0x5F, 0x5A, 0x76, 0xED, 0xCA, 0xB7, 0xBD, 0x63, 0x92, 0x44, 0x3C, 0xA7, 0x97, 0x8E, 0x1D, 0x30, 0x58, 0xFB, 0x49, 0x3F, 0x1A, 0x71,
        0x3D, 0x47, 0x28, 0xDF, 0xB8, 0xD2, 0x4A, 0x96, 0xB8, 0x4D, 0x04, 0x03, 0xBD, 0xBD, 0xE2, 0x2A, 0x65, 0xCA, 0x72, 0x9F, 0x3A, 0x1F, 0x44, 0x05, 0xF8,
        0x48, 0x82, 0xDA, 0xDA, 0x3C, 0xD7, 0xB3, 0x21, 0x5C, 0xDD, 0xBA, 0xED, 0x96, 0x35, 0x14, 0x23, 0x19, 0xAF, 0x45, 0x00, 0x78, 0x0F, 0xBC, 0x51, 0x7F,
        0x71, 0xC2, 0xAD, 0xAB, 0x42, 0xD3, 0x35, 0x17, 0xED, 0xBB, 0x03, 0xD0, 0x77, 0x7D, 0xE7, 0x28, 0x9C, 0xEF, 0xDF, 0x37, 0x3B, 0x57, 0xE9, 0x2F, 0x79,
        0x22, 0x85, 0x34, 0xE4, 0xC6, 0xE2, 0x75, 0xC8, 0x82, 0xEA, 0xCC, 0x79, 0x2A, 0x4C, 0x10, 0xF4, 0xC6, 0x7E, 0x7C, 0x90, 0xB9, 0x97, 0x33, 0xE2, 0x37,
        0x85, 0x4B, 0xE9, 0x9C, 0x27, 0x39, 0x33, 0xC8, 0x29, 0x8A, 0x73, 0xCF, 0x8E, 0x26, 0x28, 0xD7, 0xB6, 0x71, 0xA5, 0x72, 0x5E, 0x11, 0x5D, 0xE9, 0xD2,
        0x4A, 0xD4, 0x7A, 0x79, 0xF0, 0x7E, 0x7C, 0x52, 0x0A, 0x99, 0xC2, 0xA7, 0x5B, 0xD5, 0x71, 0xE4, 0xD8, 0xBB, 0x5A, 0xCC, 0xBB, 0x3A, 0xAD, 0xAC, 0x9C,
        0x15, 0x29, 0x5E, 0x3F, 0x9B, 0xE3, 0x5C, 0xAB, 0xDA, 0xD4, 0x71, 0xBB, 0x9E, 0xEA, 0xB9, 0x1E, 0x4F, 0x5C, 0xC9, 0x02, 0x03, 0x01, 0x00, 0x01, 0xA3,
        0x82, 0x01, 0x95, 0x30, 0x82, 0x01, 0x91, 0x30, 0x0C, 0x06, 0x03, 0x55, 0x1D, 0x13, 0x01, 0x01, 0xFF, 0x04, 0x02, 0x30, 0x00, 0x30, 0x1F, 0x06, 0x03,
        0x55, 0x1D, 0x23, 0x04, 0x18, 0x30, 0x16, 0x80, 0x14, 0x54, 0xC2, 0xFE, 0x10, 0x95, 0x00, 0x93, 0xCD, 0x6A, 0xF5, 0xE7, 0xC0, 0xD7, 0xD9, 0xB2, 0x4B,
        0xB8, 0x8F, 0x0C, 0xE3, 0x30, 0x7A, 0x06, 0x08, 0x2B, 0x06, 0x01, 0x05, 0x05, 0x07, 0x01, 0x01, 0x04, 0x6E, 0x30, 0x6C, 0x30, 0x48, 0x06, 0x08, 0x2B,
        0x06, 0x01, 0x05, 0x05, 0x07, 0x30, 0x02, 0x86, 0x3C, 0x68, 0x74, 0x74, 0x70, 0x3A, 0x2F, 0x2F, 0x63, 0x65, 0x72, 0x74, 0x2E, 0x73, 0x73, 0x6C, 0x2E,
        0x63, 0x6F, 0x6D, 0x2F, 0x53, 0x53, 0x4C, 0x63, 0x6F, 0x6D, 0x2D, 0x53, 0x75, 0x62, 0x43, 0x41, 0x2D, 0x43, 0x6F, 0x64, 0x65, 0x53, 0x69, 0x67, 0x6E,
        0x69, 0x6E, 0x67, 0x2D, 0x52, 0x53, 0x41, 0x2D, 0x34, 0x30, 0x39, 0x36, 0x2D, 0x52, 0x31, 0x2E, 0x63, 0x65, 0x72, 0x30, 0x20, 0x06, 0x08, 0x2B, 0x06,
        0x01, 0x05, 0x05, 0x07, 0x30, 0x01, 0x86, 0x14, 0x68, 0x74, 0x74, 0x70, 0x3A, 0x2F, 0x2F, 0x6F, 0x63, 0x73, 0x70, 0x73, 0x2E, 0x73, 0x73, 0x6C, 0x2E,
        0x63, 0x6F, 0x6D, 0x30, 0x51, 0x06, 0x03, 0x55, 0x1D, 0x20, 0x04, 0x4A, 0x30, 0x48, 0x30, 0x08, 0x06, 0x06, 0x67, 0x81, 0x0C, 0x01, 0x04, 0x01, 0x30,
        0x3C, 0x06, 0x0C, 0x2B, 0x06, 0x01, 0x04, 0x01, 0x82, 0xA9, 0x30, 0x01, 0x03, 0x03, 0x01, 0x30, 0x2C, 0x30, 0x2A, 0x06, 0x08, 0x2B, 0x06, 0x01, 0x05,
        0x05, 0x07, 0x02, 0x01, 0x16, 0x1E, 0x68, 0x74, 0x74, 0x70, 0x73, 0x3A, 0x2F, 0x2F, 0x77, 0x77, 0x77, 0x2E, 0x73, 0x73, 0x6C, 0x2E, 0x63, 0x6F, 0x6D,
        0x2F, 0x72, 0x65, 0x70, 0x6F, 0x73, 0x69, 0x74, 0x6F, 0x72, 0x79, 0x30, 0x13, 0x06, 0x03, 0x55, 0x1D, 0x25, 0x04, 0x0C, 0x30, 0x0A, 0x06, 0x08, 0x2B,
        0x06, 0x01, 0x05, 0x05, 0x07, 0x03, 0x03, 0x30, 0x4D, 0x06, 0x03, 0x55, 0x1D, 0x1F, 0x04, 0x46, 0x30, 0x44, 0x30, 0x42, 0xA0, 0x40, 0xA0, 0x3E, 0x86,
        0x3C, 0x68, 0x74, 0x74, 0x70, 0x3A, 0x2F, 0x2F, 0x63, 0x72, 0x6C, 0x73, 0x2E, 0x73, 0x73, 0x6C, 0x2E, 0x63, 0x6F, 0x6D, 0x2F, 0x53, 0x53, 0x4C, 0x63,
        0x6F, 0x6D, 0x2D, 0x53, 0x75, 0x62, 0x43, 0x41, 0x2D, 0x43, 0x6F, 0x64, 0x65, 0x53, 0x69, 0x67, 0x6E, 0x69, 0x6E, 0x67, 0x2D, 0x52, 0x53, 0x41, 0x2D,
        0x34, 0x30, 0x39, 0x36, 0x2D, 0x52, 0x31, 0x2E, 0x63, 0x72, 0x6C, 0x30, 0x1D, 0x06, 0x03, 0x55, 0x1D, 0x0E, 0x04, 0x16, 0x04, 0x14, 0x92, 0x9F, 0x59,
        0xAA, 0xDA, 0x54, 0x62, 0x55, 0xC8, 0x2D, 0x11, 0x7C, 0xBB, 0x9F, 0xDC, 0x23, 0x6C, 0x28, 0x8C, 0x34, 0x30, 0x0E, 0x06, 0x03, 0x55, 0x1D, 0x0F, 0x01,
        0x01, 0xFF, 0x04, 0x04, 0x03, 0x02, 0x07, 0x80, 0x30, 0x0D, 0x06, 0x09, 0x2A, 0x86, 0x48, 0x86, 0xF7, 0x0D, 0x01, 0x01, 0x0B, 0x05, 0x00, 0x03, 0x82,
        0x02, 0x01, 0x00, 0x30, 0xF0, 0x08, 0xA4, 0x1D, 0xCD, 0xF9, 0xA1, 0x64, 0xDA, 0x5B, 0xED, 0xCD, 0x5E, 0x6A, 0x60, 0x89, 0x43, 0x73, 0xDA, 0x97, 0x6A,
        0xC6, 0x1D, 0xB3, 0xBA, 0xDD, 0x63, 0x20, 0xD0, 0x69, 0xFA, 0x21, 0x10, 0xDC, 0x29, 0x03, 0xF0, 0x8C, 0x79, 0xA1, 0xFD, 0x4D, 0x9B, 0x91, 0x18, 0x94,
        0xE2, 0xE2, 0x8E, 0xAC, 0xD7, 0x32, 0x0E, 0xBA, 0x71, 0xC2, 0x7A, 0x8B, 0x5B, 0xE6, 0x3B, 0x14, 0xBD, 0x04, 0xAB, 0x02, 0x71, 0x99, 0x09, 0xC5, 0xBE,
        0x13, 0x9D, 0x0F, 0xAE, 0xE7, 0x78, 0xAD, 0x38, 0xB9, 0x91, 0x85, 0xFA, 0xB4, 0xD5, 0x43, 0x31, 0x10, 0xBD, 0x36, 0xBA, 0x07, 0xEF, 0x06, 0x5D, 0xAD,
        0x4F, 0xB7, 0xEE, 0x28, 0x4C, 0x59, 0x9F, 0x76, 0x22, 0x60, 0x73, 0x27, 0x57, 0x54, 0x96, 0xE2, 0xA9, 0xEA, 0xD2, 0xA6, 0xC9, 0xDC, 0x4F, 0xBC, 0xFC,
        0x68, 0xF9, 0xB6, 0x6C, 0x70, 0xFF, 0xB8, 0x85, 0xF6, 0xBA, 0xF5, 0x48, 0x04, 0x32, 0xAB, 0xF4, 0xEB, 0x4C, 0xCB, 0xD3, 0x74, 0xFF, 0x6B, 0x07, 0xDA,
        0x4F, 0x9B, 0x9E, 0x8C, 0xFA, 0x96, 0x30, 0xA3, 0x29, 0xA9, 0xE9, 0x15, 0xEF, 0xF8, 0xB9, 0x22, 0xE8, 0x6E, 0x11, 0x6C, 0x0F, 0x1D, 0x60, 0xB0, 0x0D,
        0x19, 0x49, 0x8E, 0xEC, 0x5C, 0x31, 0x1C, 0xFB, 0xD9, 0xF2, 0x67, 0xA1, 0x8C, 0x78, 0x62, 0x5F, 0x11, 0xAA, 0xE3, 0x72, 0xBE, 0xF8, 0xF5, 0xDC, 0x06,
        0x9A, 0x46, 0xA3, 0xEA, 0xE8, 0x94, 0x6B, 0x71, 0x02, 0xBE, 0x84, 0x43, 0x72, 0x61, 0xE8, 0x21, 0x4E, 0x8C, 0xD0, 0xDA, 0x42, 0x96, 0xD8, 0x96, 0x4C,
        0x02, 0xA3, 0x2B, 0xA7, 0x44, 0xCC, 0x61, 0x08, 0x45, 0x93, 0x05, 0xF7, 0x1D, 0x0A, 0xD1, 0x0B, 0xBC, 0xD4, 0x88, 0x9E, 0xC7, 0x81, 0xDC, 0xE1, 0x11,
        0x23, 0x21, 0x87, 0x66, 0xCF, 0x17, 0x8D, 0xF3, 0xEF, 0xD0, 0x81, 0xCF, 0x79, 0x25, 0x36, 0xA2, 0x26, 0x9B, 0x37, 0xCF, 0x6F, 0xDB, 0xCD, 0x9E, 0xB3,
        0xD2, 0x4E, 0x50, 0x1F, 0xE5, 0xD4, 0xE1, 0xF8, 0x65, 0x99, 0x9C, 0x44, 0x81, 0xB8, 0x21, 0x2A, 0x74, 0x6E, 0x28, 0x72, 0xD6, 0xE0, 0xC4, 0x56, 0xD6,
        0xE1, 0x88, 0xBC, 0xFA, 0x2D, 0x88, 0xD7, 0x3B, 0x93, 0x02, 0xAA, 0x41, 0x20, 0x0E, 0xC5, 0xE7, 0x86, 0x0B, 0x8F, 0x2A, 0xEC, 0x7B, 0x3E, 0xEB, 0x86,
        0xE6, 0xE7, 0x38, 0x9A, 0x05, 0xB1, 0xD0, 0x2F, 0xB6, 0x12, 0xAE, 0xF8, 0xDC, 0x25, 0xC6, 0xD5, 0xD9, 0x60, 0xF4, 0x35, 0xCE, 0xAC, 0xCD, 0xED, 0x49,
        0x1C, 0x81, 0x6D, 0xCC, 0xD5, 0xF6, 0xB9, 0xDB, 0x54, 0xCA, 0xBB, 0x69, 0xB4, 0x14, 0x44, 0x0C, 0xC6, 0x06, 0xED, 0x5B, 0x24, 0x84, 0x47, 0x68, 0x03,
        0x71, 0x54, 0x25, 0xB0, 0x9E, 0xFC, 0x1E, 0xAD, 0xF6, 0x8F, 0xA6, 0xEB, 0xCF, 0x97, 0x1C, 0xAC, 0x45, 0x25, 0xA4, 0xEB, 0xA1, 0x92, 0xE5, 0x67, 0xEB,
        0x6A, 0x1F, 0x80, 0xB9, 0xC7, 0x27, 0x71, 0xB0, 0xAA, 0xBC, 0xB7, 0x68, 0xAF, 0x62, 0x58, 0x25, 0x2B, 0x2C, 0xCA, 0xB3, 0xBA, 0x38, 0xA8, 0x3F, 0x18,
        0xC8, 0xCF, 0xA3, 0x52, 0x1C, 0xE4, 0x8F, 0xEC, 0x18, 0x06, 0xEC, 0x20, 0xE4, 0xAF, 0x28, 0x56, 0x28, 0x2B, 0x01, 0xC5, 0xA0, 0x7F, 0x71, 0xF3, 0xB9,
        0x71, 0x8E, 0xEB, 0x65, 0x4B, 0x68, 0x5A, 0x7F, 0x8B, 0x63, 0x55, 0xBF, 0x8F, 0xDB, 0xA7, 0xBA, 0x60, 0x9B, 0xE4, 0x7B, 0x89, 0x9A, 0x92, 0x0B, 0x80,
        0x6E, 0x40, 0x13, 0x04, 0x4E, 0x2F, 0xF4, 0x55, 0x54, 0xF5, 0x3C, 0xA3, 0x4D, 0x52, 0xEA, 0xA3, 0x04, 0x1D, 0x79, 0xE3, 0xB5, 0xF4, 0x14, 0x57, 0x6B,
        0x0C, 0x75, 0xE8, 0x63, 0x67, 0x1A, 0x05, 0x47, 0x94, 0xA6, 0xC5, 0x66, 0x94, 0x69, 0x64, 0x31, 0x82, 0x11, 0xF5, 0x30, 0x82, 0x11, 0xF1, 0x02, 0x01,
        0x01, 0x30, 0x81, 0x8C, 0x30, 0x78, 0x31, 0x0B, 0x30, 0x09, 0x06, 0x03, 0x55, 0x04, 0x06, 0x13, 0x02, 0x55, 0x53, 0x31, 0x0E, 0x30, 0x0C, 0x06, 0x03,
        0x55, 0x04, 0x08, 0x0C, 0x05, 0x54, 0x65, 0x78, 0x61, 0x73, 0x31, 0x10, 0x30, 0x0E, 0x06, 0x03, 0x55, 0x04, 0x07, 0x0C, 0x07, 0x48, 0x6F, 0x75, 0x73,
        0x74, 0x6F, 0x6E, 0x31, 0x11, 0x30, 0x0F, 0x06, 0x03, 0x55, 0x04, 0x0A, 0x0C, 0x08, 0x53, 0x53, 0x4C, 0x20, 0x43, 0x6F, 0x72, 0x70, 0x31, 0x34, 0x30,
        0x32, 0x06, 0x03, 0x55, 0x04, 0x03, 0x0C, 0x2B, 0x53, 0x53, 0x4C, 0x2E, 0x63, 0x6F, 0x6D, 0x20, 0x43, 0x6F, 0x64, 0x65, 0x20, 0x53, 0x69, 0x67, 0x6E,
        0x69, 0x6E, 0x67, 0x20, 0x49, 0x6E, 0x74, 0x65, 0x72, 0x6D, 0x65, 0x64, 0x69, 0x61, 0x74, 0x65, 0x20, 0x43, 0x41, 0x20, 0x52, 0x53, 0x41, 0x20, 0x52,
        0x31, 0x02, 0x10, 0x63, 0x02, 0xBC, 0xE8, 0x9F, 0xCE, 0xDF, 0x4E, 0x84, 0x5E, 0xE9, 0x97, 0x4E, 0x49, 0x43, 0xD1, 0x30, 0x0D, 0x06, 0x09, 0x60, 0x86,
        0x48, 0x01, 0x65, 0x03, 0x04, 0x02, 0x01, 0x05, 0x00, 0xA0, 0x81, 0x98, 0x30, 0x19, 0x06, 0x09, 0x2A, 0x86, 0x48, 0x86, 0xF7, 0x0D, 0x01, 0x09, 0x03,
        0x31, 0x0C, 0x06, 0x0A, 0x2B, 0x06, 0x01, 0x04, 0x01, 0x82, 0x37, 0x02, 0x01, 0x04, 0x30, 0x1C, 0x06, 0x0A, 0x2B, 0x06, 0x01, 0x04, 0x01, 0x82, 0x37,
        0x02, 0x01, 0x0B, 0x31, 0x0E, 0x30, 0x0C, 0x06, 0x0A, 0x2B, 0x06, 0x01, 0x04, 0x01, 0x82, 0x37, 0x02, 0x01, 0x15, 0x30, 0x2C, 0x06, 0x0A, 0x2B, 0x06,
        0x01, 0x04, 0x01, 0x82, 0x37, 0x02, 0x01, 0x0C, 0x31, 0x1E, 0x30, 0x1C, 0xA0, 0x1A, 0x80, 0x18, 0x00, 0x41, 0x00, 0x74, 0x00, 0x6F, 0x00, 0x6D, 0x00,
        0x69, 0x00, 0x63, 0x00, 0x53, 0x00, 0x68, 0x00, 0x69, 0x00, 0x65, 0x00, 0x6C, 0x00, 0x64, 0x30, 0x2F, 0x06, 0x09, 0x2A, 0x86, 0x48, 0x86, 0xF7, 0x0D,
        0x01, 0x09, 0x04, 0x31, 0x22, 0x04, 0x20, 0x03, 0xF6, 0xC8, 0x8F, 0xE2, 0x79, 0xB2, 0xD6, 0x37, 0xC1, 0x06, 0x9B, 0xEF, 0x1B, 0x0C, 0x8D, 0x98, 0x1C,
        0xC9, 0x0A, 0xDC, 0x54, 0xCA, 0xAF, 0x0E, 0x42, 0x8D, 0x77, 0xBB, 0xDF, 0xA6, 0xEC, 0x30, 0x0D, 0x06, 0x09, 0x2A, 0x86, 0x48, 0x86, 0xF7, 0x0D, 0x01,
        0x01, 0x0B, 0x05, 0x00, 0x04, 0x82, 0x01, 0x80, 0x34, 0x76, 0x33, 0x7A, 0x2A, 0x52, 0x88, 0xD1, 0x35, 0xDE, 0xBC, 0x1D, 0x50, 0x99, 0xC7, 0x9A, 0xAC,
        0xE7, 0xA8, 0x89, 0x80, 0xCD, 0x7B, 0x28, 0x44, 0x23, 0x5A, 0x61, 0xEB, 0xD8, 0xEB, 0x83, 0x6D, 0x54, 0x2B, 0xD2, 0xC6, 0xF0, 0xCB, 0xD6, 0x6B, 0x15,
        0xBB, 0x28, 0xAB, 0x00, 0x10, 0xBD, 0xAB, 0xCD, 0x9D, 0xE8, 0x6B, 0xAE, 0xAB, 0xBD, 0x3A, 0x0C, 0x91, 0x3F, 0x6C, 0xB2, 0x16, 0x5E, 0x41, 0x83, 0x5E,
        0x52, 0xA2, 0xCF, 0x93, 0x02, 0xF5, 0xC6, 0xA0, 0x44, 0x2A, 0xCD, 0x81, 0xB9, 0x1B, 0x98, 0x87, 0x60, 0xC8, 0xEE, 0x8C, 0xCE, 0x28, 0x31, 0x15, 0x89,
        0x8A, 0x79, 0xC2, 0x21, 0xD0, 0x0C, 0x04, 0x1D, 0x99, 0x0C, 0xFF, 0x02, 0x04, 0x4F, 0x49, 0xDA, 0xD7, 0x93, 0x06, 0x1D, 0xA4, 0x3F, 0xEC, 0xCD, 0x74,
        0xDF, 0xEB, 0xDB, 0x4E, 0xAD, 0x75, 0xAB, 0xC0, 0x18, 0x0E, 0xBB, 0x0B, 0xAD, 0xA5, 0xD4, 0xB0, 0x58, 0x4F, 0x68, 0x5B, 0x66, 0x35, 0xAB, 0x94, 0x53,
        0xDB, 0xB8, 0x34, 0x55, 0x01, 0x5C, 0x37, 0x1C, 0xF0, 0x5B, 0x49, 0x79, 0x9E, 0x97, 0x06, 0x5B, 0xA0, 0xA3, 0x3D, 0x91, 0x53, 0x4D, 0xC2, 0xA0, 0x1C,
        0x9B, 0x02, 0x1A, 0xF1, 0xC3, 0x45, 0xE1, 0x1C, 0xC4, 0xEB, 0xEC, 0xFA, 0x19, 0xC5, 0xD0, 0xDD, 0x5F, 0x60, 0x91, 0x3E, 0x5D, 0x1B, 0x80, 0x63, 0xE6,
        0xA9, 0x27, 0x45, 0x76, 0x2E, 0xDE, 0x5F, 0xA1, 0x53, 0x1D, 0x3D, 0xD4, 0x84, 0xD4, 0x3C, 0xBA, 0x7A, 0xEC, 0x37, 0xE0, 0x0F, 0x5A, 0x3D, 0x2A, 0x64,
        0x7B, 0x90, 0x33, 0x0D, 0x36, 0x66, 0xDF, 0x3F, 0x70, 0x49, 0x8D, 0x62, 0x9D, 0xA4, 0xDB, 0xAA, 0xBF, 0x38, 0xCE, 0xF8, 0x61, 0xDB, 0xAD, 0x8F, 0xC7,
        0xB3, 0x8E, 0x40, 0x5D, 0x1C, 0x5F, 0xAA, 0x69, 0x91, 0x01, 0xDA, 0xE1, 0x60, 0x3A, 0xC0, 0x02, 0x86, 0xE1, 0x64, 0xCB, 0xDD, 0xFB, 0xC1, 0x8D, 0x37,
        0x9F, 0xB8, 0xDA, 0x5E, 0x8E, 0xD2, 0x02, 0xB4, 0xFF, 0x67, 0x4C, 0xFD, 0x9A, 0x46, 0x1A, 0x42, 0x6C, 0x2F, 0x7A, 0xE8, 0x28, 0x44, 0xD7, 0xC3, 0x61,
        0x3B, 0x3D, 0x32, 0x9A, 0xAA, 0x08, 0x5D, 0xD7, 0x0D, 0x43, 0xCF, 0x2C, 0x6A, 0x64, 0xC2, 0x44, 0xD7, 0x10, 0xC0, 0xCA, 0x3A, 0x04, 0xB7, 0x52, 0xB0,
        0xD4, 0xE0, 0x45, 0x42, 0xDD, 0xD3, 0x40, 0xE3, 0x30, 0xA8, 0x65, 0xCC, 0xB2, 0x4E, 0xFD, 0xE6, 0x82, 0x9A, 0xC3, 0xC2, 0x07, 0xCF, 0x34, 0x01, 0xFC,
        0xD8, 0xE0, 0x49, 0xBD, 0x9C, 0xD9, 0xF4, 0x21, 0xD6, 0xE5, 0xBB, 0x05, 0x4D, 0x04, 0x36, 0x8D, 0xFC, 0x35, 0x7D, 0x2F, 0x71, 0x17, 0x9F, 0x89, 0xB0,
        0xE4, 0xB3, 0xD0, 0x27, 0x59, 0xE3, 0x66, 0x9A, 0xDE, 0x09, 0xA1, 0xC0, 0xC7, 0x8A, 0xE2, 0x37, 0xE5, 0xA1, 0x82, 0x0F, 0x1E, 0x30, 0x82, 0x0F, 0x1A,
        0x06, 0x0A, 0x2B, 0x06, 0x01, 0x04, 0x01, 0x82, 0x37, 0x03, 0x03, 0x01, 0x31, 0x82, 0x0F, 0x0A, 0x30, 0x82, 0x0F, 0x06, 0x06, 0x09, 0x2A, 0x86, 0x48,
        0x86, 0xF7, 0x0D, 0x01, 0x07, 0x02, 0xA0, 0x82, 0x0E, 0xF7, 0x30, 0x82, 0x0E, 0xF3, 0x02, 0x01, 0x03, 0x31, 0x0D, 0x30, 0x0B, 0x06, 0x09, 0x60, 0x86,
        0x48, 0x01, 0x65, 0x03, 0x04, 0x02, 0x01, 0x30, 0x7F, 0x06, 0x0B, 0x2A, 0x86, 0x48, 0x86, 0xF7, 0x0D, 0x01, 0x09, 0x10, 0x01, 0x04, 0xA0, 0x70, 0x04,
        0x6E, 0x30, 0x6C, 0x02, 0x01, 0x01, 0x06, 0x0C, 0x2B, 0x06, 0x01, 0x04, 0x01, 0x82, 0xA9, 0x30, 0x01, 0x03, 0x06, 0x01, 0x30, 0x31, 0x30, 0x0D, 0x06,
        0x09, 0x60, 0x86, 0x48, 0x01, 0x65, 0x03, 0x04, 0x02, 0x01, 0x05, 0x00, 0x04, 0x20, 0x97, 0x24, 0xE7, 0xD4, 0x32, 0xE4, 0x4A, 0x2C, 0x16, 0x42, 0xCE,
        0xE3, 0xB7, 0xC7, 0xED, 0x95, 0x66, 0x41, 0x0D, 0xFE, 0xE5, 0x46, 0xFD, 0x13, 0x67, 0x9A, 0x9F, 0xB7, 0x70, 0x06, 0x03, 0x5B, 0x02, 0x08, 0x06, 0xFC,
        0xD2, 0x96, 0x2C, 0xA1, 0xFF, 0xD5, 0x18, 0x0F, 0x32, 0x30, 0x32, 0x35, 0x30, 0x36, 0x32, 0x38, 0x32, 0x33, 0x30, 0x31, 0x32, 0x38, 0x5A, 0x30, 0x03,
        0x02, 0x01, 0x01, 0x02, 0x06, 0x01, 0x97, 0xB8, 0xC6, 0x36, 0x2C, 0xA0, 0x82, 0x0C, 0x00, 0x30, 0x82, 0x04, 0xFC, 0x30, 0x82, 0x02, 0xE4, 0xA0, 0x03,
        0x02, 0x01, 0x02, 0x02, 0x10, 0x5A, 0x5A, 0xAC, 0xE8, 0x1A, 0x35, 0x6E, 0xB4, 0x62, 0x86, 0x8D, 0x57, 0x7D, 0xE0, 0x3D, 0xC7, 0x30, 0x0D, 0x06, 0x09,
        0x2A, 0x86, 0x48, 0x86, 0xF7, 0x0D, 0x01, 0x01, 0x0B, 0x05, 0x00, 0x30, 0x73, 0x31, 0x0B, 0x30, 0x09, 0x06, 0x03, 0x55, 0x04, 0x06, 0x13, 0x02, 0x55,
        0x53, 0x31, 0x0E, 0x30, 0x0C, 0x06, 0x03, 0x55, 0x04, 0x08, 0x0C, 0x05, 0x54, 0x65, 0x78, 0x61, 0x73, 0x31, 0x10, 0x30, 0x0E, 0x06, 0x03, 0x55, 0x04,
        0x07, 0x0C, 0x07, 0x48, 0x6F, 0x75, 0x73, 0x74, 0x6F, 0x6E, 0x31, 0x11, 0x30, 0x0F, 0x06, 0x03, 0x55, 0x04, 0x0A, 0x0C, 0x08, 0x53, 0x53, 0x4C, 0x20,
        0x43, 0x6F, 0x72, 0x70, 0x31, 0x2F, 0x30, 0x2D, 0x06, 0x03, 0x55, 0x04, 0x03, 0x0C, 0x26, 0x53, 0x53, 0x4C, 0x2E, 0x63, 0x6F, 0x6D, 0x20, 0x54, 0x69,
        0x6D, 0x65, 0x73, 0x74, 0x61, 0x6D, 0x70, 0x69, 0x6E, 0x67, 0x20, 0x49, 0x73, 0x73, 0x75, 0x69, 0x6E, 0x67, 0x20, 0x52, 0x53, 0x41, 0x20, 0x43, 0x41,
        0x20, 0x52, 0x31, 0x30, 0x1E, 0x17, 0x0D, 0x32, 0x34, 0x30, 0x32, 0x31, 0x39, 0x31, 0x36, 0x31, 0x38, 0x31, 0x39, 0x5A, 0x17, 0x0D, 0x33, 0x34, 0x30,
        0x32, 0x31, 0x36, 0x31, 0x36, 0x31, 0x38, 0x31, 0x38, 0x5A, 0x30, 0x6E, 0x31, 0x0B, 0x30, 0x09, 0x06, 0x03, 0x55, 0x04, 0x06, 0x13, 0x02, 0x55, 0x53,
        0x31, 0x0E, 0x30, 0x0C, 0x06, 0x03, 0x55, 0x04, 0x08, 0x0C, 0x05, 0x54, 0x65, 0x78, 0x61, 0x73, 0x31, 0x10, 0x30, 0x0E, 0x06, 0x03, 0x55, 0x04, 0x07,
        0x0C, 0x07, 0x48, 0x6F, 0x75, 0x73, 0x74, 0x6F, 0x6E, 0x31, 0x11, 0x30, 0x0F, 0x06, 0x03, 0x55, 0x04, 0x0A, 0x0C, 0x08, 0x53, 0x53, 0x4C, 0x20, 0x43,
        0x6F, 0x72, 0x70, 0x31, 0x2A, 0x30, 0x28, 0x06, 0x03, 0x55, 0x04, 0x03, 0x0C, 0x21, 0x53, 0x53, 0x4C, 0x2E, 0x63, 0x6F, 0x6D, 0x20, 0x54, 0x69, 0x6D,
        0x65, 0x73, 0x74, 0x61, 0x6D, 0x70, 0x69, 0x6E, 0x67, 0x20, 0x55, 0x6E, 0x69, 0x74, 0x20, 0x32, 0x30, 0x32, 0x34, 0x20, 0x45, 0x31, 0x30, 0x59, 0x30,
        0x13, 0x06, 0x07, 0x2A, 0x86, 0x48, 0xCE, 0x3D, 0x02, 0x01, 0x06, 0x08, 0x2A, 0x86, 0x48, 0xCE, 0x3D, 0x03, 0x01, 0x07, 0x03, 0x42, 0x00, 0x04, 0xA7,
        0x61, 0x72, 0xF5, 0x30, 0xE9, 0x7A, 0xC4, 0x83, 0x14, 0x96, 0x05, 0x42, 0xE3, 0xDC, 0xE8, 0x9D, 0xDB, 0x94, 0x6D, 0xD9, 0x32, 0x6F, 0x4A, 0x62, 0xCB,
        0x68, 0xBC, 0xB7, 0x72, 0x65, 0x40, 0x4C, 0x00, 0xEF, 0x87, 0x23, 0x2B, 0xC8, 0x3D, 0x99, 0x10, 0xBC, 0x18, 0x7D, 0x5C, 0x00, 0x05, 0x4C, 0x22, 0xBF,
        0x0C, 0xD8, 0x77, 0x59, 0xA5, 0x58, 0x24, 0x57, 0x52, 0xD7, 0x04, 0xB0, 0x7C, 0xA3, 0x82, 0x01, 0x5A, 0x30, 0x82, 0x01, 0x56, 0x30, 0x1F, 0x06, 0x03,
        0x55, 0x1D, 0x23, 0x04, 0x18, 0x30, 0x16, 0x80, 0x14, 0x0C, 0x9D, 0x10, 0x25, 0x8E, 0x9A, 0xA7, 0x1B, 0x99, 0x87, 0x43, 0xCF, 0x08, 0x7E, 0xE1, 0xBD,
        0x81, 0x90, 0xF4, 0xCF, 0x30, 0x51, 0x06, 0x08, 0x2B, 0x06, 0x01, 0x05, 0x05, 0x07, 0x01, 0x01, 0x04, 0x45, 0x30, 0x43, 0x30, 0x41, 0x06, 0x08, 0x2B,
        0x06, 0x01, 0x05, 0x05, 0x07, 0x30, 0x02, 0x86, 0x35, 0x68, 0x74, 0x74, 0x70, 0x3A, 0x2F, 0x2F, 0x63, 0x65, 0x72, 0x74, 0x2E, 0x73, 0x73, 0x6C, 0x2E,
        0x63, 0x6F, 0x6D, 0x2F, 0x53, 0x53, 0x4C, 0x2E, 0x63, 0x6F, 0x6D, 0x2D, 0x74, 0x69, 0x6D, 0x65, 0x53, 0x74, 0x61, 0x6D, 0x70, 0x69, 0x6E, 0x67, 0x2D,
        0x49, 0x2D, 0x52, 0x53, 0x41, 0x2D, 0x52, 0x31, 0x2E, 0x63, 0x65, 0x72, 0x30, 0x51, 0x06, 0x03, 0x55, 0x1D, 0x20, 0x04, 0x4A, 0x30, 0x48, 0x30, 0x3C,
        0x06, 0x0C, 0x2B, 0x06, 0x01, 0x04, 0x01, 0x82, 0xA9, 0x30, 0x01, 0x03, 0x06, 0x01, 0x30, 0x2C, 0x30, 0x2A, 0x06, 0x08, 0x2B, 0x06, 0x01, 0x05, 0x05,
        0x07, 0x02, 0x01, 0x16, 0x1E, 0x68, 0x74, 0x74, 0x70, 0x73, 0x3A, 0x2F, 0x2F, 0x77, 0x77, 0x77, 0x2E, 0x73, 0x73, 0x6C, 0x2E, 0x63, 0x6F, 0x6D, 0x2F,
        0x72, 0x65, 0x70, 0x6F, 0x73, 0x69, 0x74, 0x6F, 0x72, 0x79, 0x30, 0x08, 0x06, 0x06, 0x67, 0x81, 0x0C, 0x01, 0x04, 0x02, 0x30, 0x16, 0x06, 0x03, 0x55,
        0x1D, 0x25, 0x01, 0x01, 0xFF, 0x04, 0x0C, 0x30, 0x0A, 0x06, 0x08, 0x2B, 0x06, 0x01, 0x05, 0x05, 0x07, 0x03, 0x08, 0x30, 0x46, 0x06, 0x03, 0x55, 0x1D,
        0x1F, 0x04, 0x3F, 0x30, 0x3D, 0x30, 0x3B, 0xA0, 0x39, 0xA0, 0x37, 0x86, 0x35, 0x68, 0x74, 0x74, 0x70, 0x3A, 0x2F, 0x2F, 0x63, 0x72, 0x6C, 0x73, 0x2E,
        0x73, 0x73, 0x6C, 0x2E, 0x63, 0x6F, 0x6D, 0x2F, 0x53, 0x53, 0x4C, 0x2E, 0x63, 0x6F, 0x6D, 0x2D, 0x74, 0x69, 0x6D, 0x65, 0x53, 0x74, 0x61, 0x6D, 0x70,
        0x69, 0x6E, 0x67, 0x2D, 0x49, 0x2D, 0x52, 0x53, 0x41, 0x2D, 0x52, 0x31, 0x2E, 0x63, 0x72, 0x6C, 0x30, 0x1D, 0x06, 0x03, 0x55, 0x1D, 0x0E, 0x04, 0x16,
        0x04, 0x14, 0x50, 0x4F, 0x24, 0xAC, 0xEF, 0xB5, 0x3E, 0x63, 0x13, 0x23, 0x09, 0x92, 0x26, 0xEC, 0xBA, 0x3A, 0x96, 0xE4, 0x5D, 0x22, 0x30, 0x0E, 0x06,
        0x03, 0x55, 0x1D, 0x0F, 0x01, 0x01, 0xFF, 0x04, 0x04, 0x03, 0x02, 0x07, 0x80, 0x30, 0x0D, 0x06, 0x09, 0x2A, 0x86, 0x48, 0x86, 0xF7, 0x0D, 0x01, 0x01,
        0x0B, 0x05, 0x00, 0x03, 0x82, 0x02, 0x01, 0x00, 0x98, 0xA0, 0x8F, 0x03, 0x00, 0x91, 0xBC, 0xAB, 0xC4, 0x64, 0x41, 0x7F, 0x42, 0x21, 0xE2, 0xBF, 0xAB,
        0x6C, 0x20, 0x79, 0xEE, 0x54, 0xEE, 0xC1, 0x58, 0x82, 0xEA, 0x71, 0xF6, 0x7D, 0x94, 0x9C, 0x88, 0xCA, 0x20, 0xA6, 0xA4, 0xB3, 0xAD, 0x27, 0x95, 0x67,
        0x67, 0x88, 0x6F, 0x9B, 0xE1, 0x8F, 0xDA, 0xD3, 0xEE, 0x3A, 0x96, 0x5D, 0x99, 0xF4, 0xD8, 0x59, 0xDC, 0xB3, 0x86, 0x13, 0xAC, 0x0D, 0x50, 0xCB, 0x12,
        0x56, 0xDF, 0xAC, 0xA3, 0x0B, 0x88, 0xE5, 0xE7, 0xF6, 0xEC, 0x14, 0x26, 0x96, 0xB9, 0x7C, 0xC6, 0x5E, 0xDD, 0x98, 0xE8, 0x87, 0xE9, 0xFF, 0xF0, 0x37,
        0x67, 0x4B, 0x0D, 0x4C, 0xC5, 0x93, 0x4C, 0x1A, 0x1B, 0x99, 0xC7, 0x8C, 0xDE, 0xCA, 0xA7, 0xA2, 0xF7, 0x57, 0xF5, 0x3A, 0x11, 0x14, 0xFF, 0xB6, 0xF6,
        0xBE, 0x72, 0x42, 0x73, 0xDC, 0x81, 0x14, 0xC8, 0xD8, 0xFB, 0xEB, 0x55, 0x2A, 0x8B, 0xC5, 0x8F, 0x44, 0xCA, 0x4F, 0x7F, 0xD1, 0xCB, 0xE2, 0x33, 0x75,
        0xB6, 0xF5, 0x80, 0x65, 0xD3, 0xCD, 0x04, 0x35, 0xB9, 0x51, 0x72, 0xED, 0xD8, 0xF1, 0x1B, 0x1F, 0xCD, 0x1B, 0x55, 0x4F, 0xFD, 0xAC, 0x9E, 0xE0, 0xE8,
        0x71, 0x1C, 0x6F, 0x45, 0x89, 0x9D, 0xD1, 0x33, 0xDA, 0x32, 0x02, 0x23, 0xDB, 0x12, 0x08, 0xEB, 0x9D, 0x50, 0x9C, 0xFA, 0x75, 0x86, 0x2A, 0xBD, 0xC5,
        0x4D, 0x00, 0xCA, 0x8B, 0xCB, 0xCD, 0xBB, 0x22, 0xE7, 0x09, 0x51, 0xE4, 0x8A, 0x78, 0x8B, 0xF8, 0xBC, 0xFB, 0x1F, 0x87, 0xC1, 0x82, 0x4D, 0x7A, 0xDC,
        0xB9, 0x71, 0x8B, 0x5D, 0x58, 0x9E, 0xEE, 0x40, 0xFE, 0x98, 0x69, 0x9B, 0x56, 0xFE, 0x33, 0x68, 0x1E, 0x9E, 0xFA, 0xA8, 0xD7, 0xED, 0xAB, 0xF2, 0x25,
        0x4B, 0x1E, 0xB1, 0x11, 0x80, 0x51, 0x8C, 0x50, 0x71, 0x1D, 0x2A, 0xB6, 0x7F, 0x38, 0x54, 0x43, 0x9A, 0x01, 0x6B, 0x09, 0x36, 0x3A, 0xC6, 0x76, 0x8F,
        0x4C, 0x0E, 0x7F, 0xBA, 0xBB, 0x02, 0xA8, 0xC2, 0xB7, 0xAB, 0x7F, 0xF9, 0xF6, 0xE6, 0x5A, 0x3A, 0xC0, 0x59, 0x85, 0x99, 0x1A, 0x3F, 0xD1, 0x2E, 0x39,
        0x6D, 0xA9, 0xD1, 0x4F, 0x06, 0x92, 0x0A, 0xA9, 0xD8, 0x63, 0x54, 0x8C, 0x5A, 0x1A, 0x0C, 0xD5, 0x85, 0xA1, 0x3F, 0xC4, 0x72, 0x81, 0x83, 0x89, 0x38,
        0x0D, 0xF1, 0x59, 0x90, 0x16, 0x09, 0xF4, 0x15, 0xAE, 0x3F, 0xDD, 0xD3, 0x9B, 0xEA, 0x5A, 0x58, 0x10, 0xF0, 0x5C, 0x8E, 0xC5, 0x83, 0x76, 0xA5, 0x1A,
        0xC6, 0xE8, 0x12, 0xB5, 0x8F, 0x5A, 0x5B, 0xF0, 0x30, 0x09, 0xA9, 0x78, 0x95, 0x23, 0x78, 0xA2, 0xD9, 0x63, 0x6E, 0x89, 0x3C, 0xBB, 0x7D, 0x65, 0x67,
        0x1E, 0x4D, 0x55, 0xAE, 0x23, 0x2B, 0xA3, 0x7A, 0xBA, 0x9B, 0xE4, 0x83, 0x26, 0x7A, 0xA2, 0xC9, 0x9B, 0x98, 0x85, 0xAB, 0xF4, 0x32, 0xE1, 0x83, 0xC6,
        0xC8, 0xF8, 0xA8, 0x97, 0x0E, 0x70, 0xD6, 0x4F, 0x4E, 0x78, 0xEE, 0x04, 0xAE, 0x64, 0xB6, 0x14, 0xAB, 0xE4, 0xD5, 0xE8, 0xEF, 0xC3, 0x84, 0x96, 0x47,
        0xE4, 0xB5, 0x57, 0x25, 0xA7, 0x92, 0xD6, 0x38, 0xE3, 0x65, 0x9A, 0xA1, 0x2B, 0x71, 0x04, 0x20, 0x95, 0x59, 0x97, 0x4C, 0x58, 0x57, 0x81, 0xF8, 0x4A,
        0x4B, 0xF2, 0xEA, 0x10, 0x36, 0xAD, 0x4C, 0x85, 0x2B, 0x7F, 0xB0, 0x85, 0x23, 0x52, 0xE7, 0x64, 0xC9, 0x92, 0xC8, 0x6C, 0xC5, 0x50, 0x8E, 0x3E, 0xDB,
        0xEA, 0x03, 0xD7, 0x9C, 0x3E, 0xA6, 0x4B, 0xC1, 0x60, 0x5A, 0x20, 0x80, 0x86, 0xE3, 0x35, 0x6B, 0xF8, 0x60, 0x03, 0xEE, 0xA8, 0xD6, 0xC2, 0x56, 0x8B,
        0x31, 0xDD, 0x99, 0xCA, 0x58, 0x0E, 0x1C, 0x8D, 0xCE, 0x8A, 0xDF, 0xF4, 0xA5, 0x51, 0x13, 0xA8, 0x91, 0xEE, 0xB7, 0x26, 0x30, 0x82, 0x06, 0xFC, 0x30,
        0x82, 0x04, 0xE4, 0xA0, 0x03, 0x02, 0x01, 0x02, 0x02, 0x10, 0x6D, 0x52, 0x18, 0x70, 0x87, 0xE8, 0x23, 0x4D, 0x85, 0x60, 0x00, 0xD0, 0x80, 0x8F, 0x93,
        0x56, 0x30, 0x0D, 0x06, 0x09, 0x2A, 0x86, 0x48, 0x86, 0xF7, 0x0D, 0x01, 0x01, 0x0B, 0x05, 0x00, 0x30, 0x7C, 0x31, 0x0B, 0x30, 0x09, 0x06, 0x03, 0x55,
        0x04, 0x06, 0x13, 0x02, 0x55, 0x53, 0x31, 0x0E, 0x30, 0x0C, 0x06, 0x03, 0x55, 0x04, 0x08, 0x0C, 0x05, 0x54, 0x65, 0x78, 0x61, 0x73, 0x31, 0x10, 0x30,
        0x0E, 0x06, 0x03, 0x55, 0x04, 0x07, 0x0C, 0x07, 0x48, 0x6F, 0x75, 0x73, 0x74, 0x6F, 0x6E, 0x31, 0x18, 0x30, 0x16, 0x06, 0x03, 0x55, 0x04, 0x0A, 0x0C,
        0x0F, 0x53, 0x53, 0x4C, 0x20, 0x43, 0x6F, 0x72, 0x70, 0x6F, 0x72, 0x61, 0x74, 0x69, 0x6F, 0x6E, 0x31, 0x31, 0x30, 0x2F, 0x06, 0x03, 0x55, 0x04, 0x03,
        0x0C, 0x28, 0x53, 0x53, 0x4C, 0x2E, 0x63, 0x6F, 0x6D, 0x20, 0x52, 0x6F, 0x6F, 0x74, 0x20, 0x43, 0x65, 0x72, 0x74, 0x69, 0x66, 0x69, 0x63, 0x61, 0x74,
        0x69, 0x6F, 0x6E, 0x20, 0x41, 0x75, 0x74, 0x68, 0x6F, 0x72, 0x69, 0x74, 0x79, 0x20, 0x52, 0x53, 0x41, 0x30, 0x1E, 0x17, 0x0D, 0x31, 0x39, 0x31, 0x31,
        0x31, 0x33, 0x31, 0x38, 0x35, 0x30, 0x30, 0x35, 0x5A, 0x17, 0x0D, 0x33, 0x34, 0x31, 0x31, 0x31, 0x32, 0x31, 0x38, 0x35, 0x30, 0x30, 0x35, 0x5A, 0x30,
        0x73, 0x31, 0x0B, 0x30, 0x09, 0x06, 0x03, 0x55, 0x04, 0x06, 0x13, 0x02, 0x55, 0x53, 0x31, 0x0E, 0x30, 0x0C, 0x06, 0x03, 0x55, 0x04, 0x08, 0x0C, 0x05,
        0x54, 0x65, 0x78, 0x61, 0x73, 0x31, 0x10, 0x30, 0x0E, 0x06, 0x03, 0x55, 0x04, 0x07, 0x0C, 0x07, 0x48, 0x6F, 0x75, 0x73, 0x74, 0x6F, 0x6E, 0x31, 0x11,
        0x30, 0x0F, 0x06, 0x03, 0x55, 0x04, 0x0A, 0x0C, 0x08, 0x53, 0x53, 0x4C, 0x20, 0x43, 0x6F, 0x72, 0x70, 0x31, 0x2F, 0x30, 0x2D, 0x06, 0x03, 0x55, 0x04,
        0x03, 0x0C, 0x26, 0x53, 0x53, 0x4C, 0x2E, 0x63, 0x6F, 0x6D, 0x20, 0x54, 0x69, 0x6D, 0x65, 0x73, 0x74, 0x61, 0x6D, 0x70, 0x69, 0x6E, 0x67, 0x20, 0x49,
        0x73, 0x73, 0x75, 0x69, 0x6E, 0x67, 0x20, 0x52, 0x53, 0x41, 0x20, 0x43, 0x41, 0x20, 0x52, 0x31, 0x30, 0x82, 0x02, 0x22, 0x30, 0x0D, 0x06, 0x09, 0x2A,
        0x86, 0x48, 0x86, 0xF7, 0x0D, 0x01, 0x01, 0x01, 0x05, 0x00, 0x03, 0x82, 0x02, 0x0F, 0x00, 0x30, 0x82, 0x02, 0x0A, 0x02, 0x82, 0x02, 0x01, 0x00, 0xAE,
        0x51, 0x10, 0x13, 0xD2, 0xF9, 0x3C, 0x20, 0xA0, 0x20, 0x85, 0xDE, 0xC9, 0x50, 0x1C, 0x64, 0xC9, 0xE1, 0xFD, 0xC5, 0xE9, 0x34, 0xFF, 0x0A, 0x7F, 0x31,
        0x48, 0xE8, 0x72, 0x5A, 0xC5, 0x5E, 0xA8, 0x61, 0xFD, 0xF1, 0x87, 0xF7, 0x51, 0x5C, 0xFB, 0xB7, 0xE6, 0xD0, 0xC1, 0xC2, 0x13, 0xB0, 0x3E, 0xC2, 0x63,
        0xA2, 0xA8, 0x18, 0xFD, 0x38, 0x3A, 0xC9, 0x01, 0x81, 0xAA, 0xDE, 0xB9, 0xB7, 0xDE, 0x30, 0xA7, 0x1D, 0x2B, 0x02, 0x04, 0xD5, 0x80, 0x41, 0x8C, 0xA8,
        0x6A, 0xE2, 0xEA, 0xF0, 0x88, 0xEA, 0xB1, 0x2D, 0x49, 0x95, 0x72, 0xF6, 0xF6, 0xA0, 0xCD, 0x30, 0xC7, 0x70, 0x67, 0xC5, 0x0D, 0xCD, 0x04, 0xBB, 0xBD,
        0x66, 0x4C, 0x0C, 0x9E, 0x34, 0x25, 0x21, 0x8D, 0xA6, 0x13, 0x06, 0x4C, 0x80, 0x36, 0xAA, 0x7D, 0x9B, 0xA2, 0x11, 0xAD, 0x81, 0x17, 0x38, 0xA7, 0x5D,
        0xFD, 0xE4, 0x44, 0xB2, 0xA5, 0x43, 0x9A, 0x1A, 0xF2, 0x77, 0xB7, 0x41, 0x4D, 0x2F, 0x70, 0x6E, 0x2A, 0x66, 0xFA, 0x61, 0xCB, 0x4C, 0x71, 0x05, 0x05,
        0xDA, 0xCA, 0xA8, 0xA0, 0xCC, 0xDD, 0xF3, 0xD8, 0x74, 0x13, 0xAB, 0xA3, 0x76, 0xF0, 0x43, 0xA3, 0xA6, 0x70, 0x36, 0x75, 0xA8, 0xC6, 0x3E, 0xD8, 0x99,
        0xF5, 0xA3, 0x49, 0x78, 0x37, 0xDC, 0x0E, 0x46, 0xB9, 0x8F, 0x72, 0x9B, 0x84, 0x19, 0x33, 0x93, 0x84, 0x56, 0x0A, 0x3C, 0x79, 0xBC, 0xFF, 0x07, 0xE8,
        0x32, 0x87, 0x20, 0x8B, 0x34, 0xD8, 0x61, 0xE0, 0xC6, 0xFF, 0xE3, 0x1B, 0xC2, 0x4C, 0x23, 0x15, 0x98, 0xD6, 0x2B, 0x06, 0xF8, 0x86, 0x81, 0xD3, 0xD9,
        0x62, 0xBC, 0xA6, 0xF1, 0x96, 0xFC, 0xE1, 0x34, 0x02, 0x99, 0x2B, 0x97, 0xD0, 0x99, 0x4B, 0x2D, 0xAE, 0x96, 0x2B, 0x56, 0x8E, 0xEA, 0xA9, 0x70, 0x21,
        0x26, 0xDB, 0xF5, 0xB5, 0x46, 0x87, 0xCE, 0xBA, 0x7A, 0x42, 0x9B, 0x94, 0x2F, 0xD7, 0x44, 0xFD, 0xB4, 0x80, 0x0B, 0xB5, 0x0A, 0x3B, 0xDC, 0x61, 0xC8,
        0x94, 0x80, 0xD4, 0xEB, 0x18, 0x58, 0x3C, 0x7F, 0xC0, 0x09, 0x81, 0x03, 0xCE, 0x09, 0xCD, 0x7F, 0x08, 0x27, 0x5A, 0x25, 0x26, 0x30, 0x84, 0x9A, 0x52,
        0x76, 0x17, 0x8A, 0x3A, 0x74, 0x20, 0x11, 0x28, 0x0D, 0x99, 0x86, 0x4F, 0x84, 0x53, 0x82, 0xE8, 0x82, 0x9A, 0x30, 0x05, 0x17, 0x93, 0x95, 0x35, 0xB6,
        0x34, 0xDC, 0x14, 0x28, 0x05, 0xBE, 0xF0, 0x2B, 0x5E, 0xD2, 0xB8, 0x6B, 0x30, 0x16, 0x50, 0xE3, 0xB5, 0x63, 0x77, 0xDD, 0x95, 0xD2, 0x01, 0x2F, 0xA2,
        0xE3, 0x93, 0x32, 0xD4, 0x09, 0x82, 0x4D, 0x90, 0x55, 0xEA, 0x86, 0xC0, 0x55, 0x70, 0xF3, 0x2E, 0x07, 0x49, 0xD4, 0x0D, 0x6B, 0xCB, 0x25, 0xF3, 0xE2,
        0x9A, 0xCB, 0x63, 0x27, 0xC9, 0x45, 0xE1, 0x2E, 0x84, 0x0B, 0x15, 0xA7, 0x95, 0x68, 0xBB, 0x38, 0x49, 0x55, 0xC1, 0x39, 0xED, 0xD4, 0x6B, 0x51, 0xA9,
        0xE6, 0x3D, 0xC9, 0xDB, 0xEF, 0x18, 0xB9, 0xED, 0x53, 0xE1, 0x5E, 0x70, 0xAE, 0xC3, 0x6E, 0xA1, 0xC3, 0x51, 0xDD, 0xFA, 0xE9, 0x4A, 0xDE, 0x32, 0x44,
        0x81, 0xB7, 0x37, 0xAF, 0x01, 0xCF, 0x5A, 0xAA, 0x86, 0x4F, 0x9E, 0x35, 0x4C, 0x8E, 0xF1, 0x6A, 0x57, 0x5A, 0x58, 0x3A, 0x3C, 0xE6, 0x4E, 0x25, 0x47,
        0x66, 0xD0, 0x1C, 0xF3, 0x46, 0xC0, 0x7C, 0x57, 0xB9, 0x2C, 0xB7, 0xC9, 0xCC, 0xF2, 0x3A, 0x0E, 0x7B, 0x4D, 0xCA, 0xAA, 0x1B, 0xA7, 0x04, 0xDE, 0xBD,
        0x0A, 0x47, 0xA8, 0xF0, 0xCD, 0xF6, 0xAA, 0x8D, 0x3B, 0xCD, 0xEB, 0xDE, 0x46, 0xB0, 0xF0, 0x0F, 0x63, 0xF8, 0x76, 0x62, 0x4B, 0x0D, 0x80, 0x5F, 0x97,
        0x06, 0x75, 0x03, 0xF4, 0x90, 0x6D, 0x2F, 0x87, 0x37, 0xE0, 0x07, 0x02, 0x03, 0x01, 0x00, 0x01, 0xA3, 0x82, 0x01, 0x81, 0x30, 0x82, 0x01, 0x7D, 0x30,
        0x12, 0x06, 0x03, 0x55, 0x1D, 0x13, 0x01, 0x01, 0xFF, 0x04, 0x08, 0x30, 0x06, 0x01, 0x01, 0xFF, 0x02, 0x01, 0x00, 0x30, 0x1F, 0x06, 0x03, 0x55, 0x1D,
        0x23, 0x04, 0x18, 0x30, 0x16, 0x80, 0x14, 0xDD, 0x04, 0x09, 0x07, 0xA2, 0xF5, 0x7A, 0x7D, 0x52, 0x53, 0x12, 0x92, 0x95, 0xEE, 0x38, 0x80, 0x25, 0x0D,
        0xA6, 0x59, 0x30, 0x81, 0x83, 0x06, 0x08, 0x2B, 0x06, 0x01, 0x05, 0x05, 0x07, 0x01, 0x01, 0x04, 0x77, 0x30, 0x75, 0x30, 0x51, 0x06, 0x08, 0x2B, 0x06,
        0x01, 0x05, 0x05, 0x07, 0x30, 0x02, 0x86, 0x45, 0x68, 0x74, 0x74, 0x70, 0x3A, 0x2F, 0x2F, 0x77, 0x77, 0x77, 0x2E, 0x73, 0x73, 0x6C, 0x2E, 0x63, 0x6F,
        0x6D, 0x2F, 0x72, 0x65, 0x70, 0x6F, 0x73, 0x69, 0x74, 0x6F, 0x72, 0x79, 0x2F, 0x53, 0x53, 0x4C, 0x63, 0x6F, 0x6D, 0x52, 0x6F, 0x6F, 0x74, 0x43, 0x65,
        0x72, 0x74, 0x69, 0x66, 0x69, 0x63, 0x61, 0x74, 0x69, 0x6F, 0x6E, 0x41, 0x75, 0x74, 0x68, 0x6F, 0x72, 0x69, 0x74, 0x79, 0x52, 0x53, 0x41, 0x2E, 0x63,
        0x72, 0x74, 0x30, 0x20, 0x06, 0x08, 0x2B, 0x06, 0x01, 0x05, 0x05, 0x07, 0x30, 0x01, 0x86, 0x14, 0x68, 0x74, 0x74, 0x70, 0x3A, 0x2F, 0x2F, 0x6F, 0x63,
        0x73, 0x70, 0x73, 0x2E, 0x73, 0x73, 0x6C, 0x2E, 0x63, 0x6F, 0x6D, 0x30, 0x3F, 0x06, 0x03, 0x55, 0x1D, 0x20, 0x04, 0x38, 0x30, 0x36, 0x30, 0x34, 0x06,
        0x04, 0x55, 0x1D, 0x20, 0x00, 0x30, 0x2C, 0x30, 0x2A, 0x06, 0x08, 0x2B, 0x06, 0x01, 0x05, 0x05, 0x07, 0x02, 0x01, 0x16, 0x1E, 0x68, 0x74, 0x74, 0x70,
        0x73, 0x3A, 0x2F, 0x2F, 0x77, 0x77, 0x77, 0x2E, 0x73, 0x73, 0x6C, 0x2E, 0x63, 0x6F, 0x6D, 0x2F, 0x72, 0x65, 0x70, 0x6F, 0x73, 0x69, 0x74, 0x6F, 0x72,
        0x79, 0x30, 0x13, 0x06, 0x03, 0x55, 0x1D, 0x25, 0x04, 0x0C, 0x30, 0x0A, 0x06, 0x08, 0x2B, 0x06, 0x01, 0x05, 0x05, 0x07, 0x03, 0x08, 0x30, 0x3B, 0x06,
        0x03, 0x55, 0x1D, 0x1F, 0x04, 0x34, 0x30, 0x32, 0x30, 0x30, 0xA0, 0x2E, 0xA0, 0x2C, 0x86, 0x2A, 0x68, 0x74, 0x74, 0x70, 0x3A, 0x2F, 0x2F, 0x63, 0x72,
        0x6C, 0x73, 0x2E, 0x73, 0x73, 0x6C, 0x2E, 0x63, 0x6F, 0x6D, 0x2F, 0x73, 0x73, 0x6C, 0x2E, 0x63, 0x6F, 0x6D, 0x2D, 0x72, 0x73, 0x61, 0x2D, 0x52, 0x6F,
        0x6F, 0x74, 0x43, 0x41, 0x2E, 0x63, 0x72, 0x6C, 0x30, 0x1D, 0x06, 0x03, 0x55, 0x1D, 0x0E, 0x04, 0x16, 0x04, 0x14, 0x0C, 0x9D, 0x10, 0x25, 0x8E, 0x9A,
        0xA7, 0x1B, 0x99, 0x87, 0x43, 0xCF, 0x08, 0x7E, 0xE1, 0xBD, 0x81, 0x90, 0xF4, 0xCF, 0x30, 0x0E, 0x06, 0x03, 0x55, 0x1D, 0x0F, 0x01, 0x01, 0xFF, 0x04,
        0x04, 0x03, 0x02, 0x01, 0x86, 0x30, 0x0D, 0x06, 0x09, 0x2A, 0x86, 0x48, 0x86, 0xF7, 0x0D, 0x01, 0x01, 0x0B, 0x05, 0x00, 0x03, 0x82, 0x02, 0x01, 0x00,
        0x92, 0x19, 0x75, 0x0D, 0xA6, 0x5A, 0x42, 0xCF, 0x19, 0x07, 0xD9, 0xF2, 0xFC, 0x94, 0xFA, 0xC0, 0x9B, 0xF0, 0x15, 0xE9, 0x44, 0x96, 0x5A, 0x2F, 0x71,
        0x33, 0xDD, 0x50, 0xE5, 0x13, 0x7B, 0x99, 0x93, 0x77, 0x0F, 0xC4, 0xFB, 0x72, 0x6D, 0x57, 0xCB, 0xBA, 0xA6, 0x9C, 0x8B, 0x45, 0xBA, 0x48, 0x1D, 0xB6,
        0x25, 0x33, 0x2D, 0xB4, 0x28, 0x90, 0x32, 0x72, 0x15, 0x3A, 0xC5, 0xD6, 0x9C, 0x8B, 0x80, 0x6C, 0x3F, 0xDA, 0x15, 0x37, 0x14, 0x91, 0x32, 0xC1, 0x23,
        0x7C, 0x72, 0xB3, 0xEC, 0x04, 0x6A, 0x3C, 0xD7, 0x69, 0x72, 0x58, 0x58, 0x00, 0x83, 0x4B, 0x8E, 0xC1, 0x46, 0x30, 0xED, 0x62, 0x50, 0xD6, 0xD7, 0x88,
        0x0B, 0x27, 0x17, 0xFC, 0x5B, 0xA0, 0xD0, 0xA0, 0x7D, 0xE3, 0x1C, 0x31, 0x86, 0xCB, 0xC9, 0x06, 0x24, 0x53, 0xA5, 0x0C, 0xA1, 0xBB, 0xFD, 0x8A, 0xCA,
        0xED, 0x41, 0x9F, 0x1E, 0xD0, 0x40, 0x10, 0x35, 0x5E, 0xEA, 0x5C, 0x99, 0xF8, 0x5B, 0x42, 0xB2, 0xB9, 0x3B, 0x74, 0x3F, 0xC8, 0x88, 0xBF, 0xFE, 0x43,
        0x74, 0x3A, 0x48, 0x50, 0x12, 0x24, 0xB4, 0x36, 0x5C, 0x8F, 0x3D, 0x8A, 0x11, 0x6E, 0x81, 0xD6, 0x0B, 0xEF, 0xB0, 0xA2, 0x0C, 0xD5, 0xEB, 0x23, 0x63,
        0x05, 0xB2, 0x94, 0x06, 0xB3, 0x05, 0xC4, 0x00, 0x6A, 0x47, 0xB9, 0xA4, 0x03, 0x4C, 0x75, 0x29, 0xFC, 0xB7, 0x51, 0xDD, 0x3C, 0xAB, 0x22, 0xC2, 0xE5,
        0x9F, 0x3A, 0x0B, 0xB2, 0x45, 0x06, 0xB3, 0x01, 0x7F, 0x28, 0x5F, 0x3E, 0x92, 0x95, 0x94, 0x88, 0xA2, 0x4D, 0x0B, 0x8A, 0xCF, 0x5A, 0xD3, 0x6B, 0xC6,
        0x56, 0xD7, 0x61, 0x11, 0xA0, 0x74, 0x47, 0x71, 0xF1, 0x23, 0x23, 0x51, 0x30, 0xC2, 0x96, 0x57, 0x5C, 0xAE, 0x49, 0xE5, 0x17, 0x16, 0xEA, 0x1E, 0xC5,
        0x66, 0xAF, 0xDC, 0x64, 0x4F, 0x64, 0x2D, 0x16, 0x61, 0xBE, 0x74, 0x4A, 0xB5, 0xBF, 0x97, 0xEC, 0x20, 0xAD, 0x2F, 0x1D, 0xA1, 0xEB, 0x5A, 0x33, 0x0C,
        0x99, 0xA2, 0x7D, 0x8B, 0xEE, 0x2A, 0x18, 0x94, 0x83, 0xD2, 0xCB, 0x58, 0x7D, 0x0E, 0xAF, 0xD0, 0xF7, 0x5D, 0x4F, 0xB1, 0x29, 0x1B, 0x11, 0x9D, 0xF3,
        0xAE, 0xC0, 0x75, 0xAE, 0x85, 0x67, 0x21, 0xF0, 0x6E, 0xE4, 0x12, 0x69, 0xD3, 0x1B, 0xD0, 0xAD, 0x0F, 0xD0, 0xE0, 0xB6, 0xAF, 0xBA, 0xF0, 0xA8, 0x15,
        0x1E, 0xD0, 0x16, 0x8C, 0xA9, 0x36, 0xBA, 0x2D, 0x6C, 0xD6, 0x22, 0xD8, 0x01, 0x8C, 0x67, 0x0E, 0x6D, 0x77, 0x8C, 0xC6, 0x66, 0xD0, 0xAA, 0x51, 0x33,
        0xD9, 0x8B, 0x40, 0x70, 0x4A, 0xE4, 0x66, 0xF8, 0x74, 0x58, 0x00, 0x43, 0x0C, 0x4E, 0x14, 0xF0, 0x6C, 0x95, 0xFF, 0x7D, 0x85, 0x75, 0xA0, 0x2F, 0x26,
        0x04, 0xDF, 0x7B, 0xD3, 0x22, 0x2F, 0x69, 0xD2, 0x06, 0x2A, 0x18, 0x7B, 0xF8, 0x39, 0x98, 0x75, 0x12, 0x58, 0x06, 0xB2, 0xFC, 0x8A, 0x75, 0x45, 0x09,
        0x90, 0x0A, 0xF9, 0x85, 0xF6, 0xC3, 0x5F, 0xAA, 0x58, 0x49, 0xC2, 0x48, 0xF2, 0xFF, 0x55, 0x35, 0x89, 0xB5, 0x24, 0x4C, 0x85, 0x01, 0x5F, 0x71, 0xE0,
        0xCA, 0x6C, 0x90, 0xBE, 0xA4, 0x13, 0x64, 0xB2, 0xF2, 0xB3, 0xAA, 0x4B, 0xDA, 0xD0, 0x9D, 0x59, 0xC8, 0xC8, 0xF5, 0x8B, 0x8B, 0xC3, 0x7D, 0x2B, 0x81,
        0x99, 0xBC, 0xF8, 0xAD, 0xFC, 0xEC, 0xBE, 0xF2, 0x71, 0x4B, 0xEA, 0xAE, 0x64, 0x37, 0x64, 0x99, 0x6E, 0x8C, 0x79, 0x77, 0xAF, 0x58, 0x60, 0x57, 0xBE,
        0xAC, 0xDD, 0x6C, 0x0C, 0x3E, 0x02, 0xA4, 0xD5, 0xB0, 0x04, 0x14, 0xC8, 0xFE, 0xAD, 0x15, 0xE2, 0x99, 0x20, 0xBE, 0x12, 0xFD, 0xF4, 0x85, 0x76, 0x5D,
        0xAB, 0x23, 0x1D, 0x97, 0xF8, 0xA5, 0xE4, 0xAB, 0x1D, 0xD2, 0xF8, 0x46, 0x31, 0x82, 0x02, 0x58, 0x30, 0x82, 0x02, 0x54, 0x02, 0x01, 0x01, 0x30, 0x81,
        0x87, 0x30, 0x73, 0x31, 0x0B, 0x30, 0x09, 0x06, 0x03, 0x55, 0x04, 0x06, 0x13, 0x02, 0x55, 0x53, 0x31, 0x0E, 0x30, 0x0C, 0x06, 0x03, 0x55, 0x04, 0x08,
        0x0C, 0x05, 0x54, 0x65, 0x78, 0x61, 0x73, 0x31, 0x10, 0x30, 0x0E, 0x06, 0x03, 0x55, 0x04, 0x07, 0x0C, 0x07, 0x48, 0x6F, 0x75, 0x73, 0x74, 0x6F, 0x6E,
        0x31, 0x11, 0x30, 0x0F, 0x06, 0x03, 0x55, 0x04, 0x0A, 0x0C, 0x08, 0x53, 0x53, 0x4C, 0x20, 0x43, 0x6F, 0x72, 0x70, 0x31, 0x2F, 0x30, 0x2D, 0x06, 0x03,
        0x55, 0x04, 0x03, 0x0C, 0x26, 0x53, 0x53, 0x4C, 0x2E, 0x63, 0x6F, 0x6D, 0x20, 0x54, 0x69, 0x6D, 0x65, 0x73, 0x74, 0x61, 0x6D, 0x70, 0x69, 0x6E, 0x67,
        0x20, 0x49, 0x73, 0x73, 0x75, 0x69, 0x6E, 0x67, 0x20, 0x52, 0x53, 0x41, 0x20, 0x43, 0x41, 0x20, 0x52, 0x31, 0x02, 0x10, 0x5A, 0x5A, 0xAC, 0xE8, 0x1A,
        0x35, 0x6E, 0xB4, 0x62, 0x86, 0x8D, 0x57, 0x7D, 0xE0, 0x3D, 0xC7, 0x30, 0x0B, 0x06, 0x09, 0x60, 0x86, 0x48, 0x01, 0x65, 0x03, 0x04, 0x02, 0x01, 0xA0,
        0x82, 0x01, 0x61, 0x30, 0x1A, 0x06, 0x09, 0x2A, 0x86, 0x48, 0x86, 0xF7, 0x0D, 0x01, 0x09, 0x03, 0x31, 0x0D, 0x06, 0x0B, 0x2A, 0x86, 0x48, 0x86, 0xF7,
        0x0D, 0x01, 0x09, 0x10, 0x01, 0x04, 0x30, 0x1C, 0x06, 0x09, 0x2A, 0x86, 0x48, 0x86, 0xF7, 0x0D, 0x01, 0x09, 0x05, 0x31, 0x0F, 0x17, 0x0D, 0x32, 0x35,
        0x30, 0x36, 0x32, 0x38, 0x32, 0x33, 0x30, 0x31, 0x32, 0x38, 0x5A, 0x30, 0x28, 0x06, 0x09, 0x2A, 0x86, 0x48, 0x86, 0xF7, 0x0D, 0x01, 0x09, 0x34, 0x31,
        0x1B, 0x30, 0x19, 0x30, 0x0B, 0x06, 0x09, 0x60, 0x86, 0x48, 0x01, 0x65, 0x03, 0x04, 0x02, 0x01, 0xA1, 0x0A, 0x06, 0x08, 0x2A, 0x86, 0x48, 0xCE, 0x3D,
        0x04, 0x03, 0x02, 0x30, 0x2F, 0x06, 0x09, 0x2A, 0x86, 0x48, 0x86, 0xF7, 0x0D, 0x01, 0x09, 0x04, 0x31, 0x22, 0x04, 0x20, 0xD7, 0x66, 0x2A, 0x3F, 0x4E,
        0x18, 0x9E, 0xCF, 0x36, 0x92, 0x38, 0x60, 0xD0, 0xCE, 0x2C, 0x4F, 0xFD, 0xF8, 0x6E, 0xB0, 0x46, 0x4F, 0xEC, 0x48, 0x61, 0xFA, 0x97, 0x29, 0x1D, 0x69,
        0x45, 0x37, 0x30, 0x81, 0xC9, 0x06, 0x0B, 0x2A, 0x86, 0x48, 0x86, 0xF7, 0x0D, 0x01, 0x09, 0x10, 0x02, 0x2F, 0x31, 0x81, 0xB9, 0x30, 0x81, 0xB6, 0x30,
        0x81, 0xB3, 0x30, 0x81, 0xB0, 0x04, 0x20, 0x9D, 0x71, 0x7F, 0x8D, 0xC2, 0x37, 0x65, 0xAA, 0xCE, 0x5E, 0x4A, 0xB0, 0xE1, 0xF5, 0x75, 0xD7, 0x9A, 0x17,
        0xD4, 0x1C, 0xEE, 0xD8, 0xFD, 0xAF, 0xEF, 0x03, 0xFD, 0x3D, 0xBD, 0x89, 0x47, 0xE7, 0x30, 0x81, 0x8B, 0x30, 0x77, 0xA4, 0x75, 0x30, 0x73, 0x31, 0x0B,
        0x30, 0x09, 0x06, 0x03, 0x55, 0x04, 0x06, 0x13, 0x02, 0x55, 0x53, 0x31, 0x0E, 0x30, 0x0C, 0x06, 0x03, 0x55, 0x04, 0x08, 0x0C, 0x05, 0x54, 0x65, 0x78,
        0x61, 0x73, 0x31, 0x10, 0x30, 0x0E, 0x06, 0x03, 0x55, 0x04, 0x07, 0x0C, 0x07, 0x48, 0x6F, 0x75, 0x73, 0x74, 0x6F, 0x6E, 0x31, 0x11, 0x30, 0x0F, 0x06,
        0x03, 0x55, 0x04, 0x0A, 0x0C, 0x08, 0x53, 0x53, 0x4C, 0x20, 0x43, 0x6F, 0x72, 0x70, 0x31, 0x2F, 0x30, 0x2D, 0x06, 0x03, 0x55, 0x04, 0x03, 0x0C, 0x26,
        0x53, 0x53, 0x4C, 0x2E, 0x63, 0x6F, 0x6D, 0x20, 0x54, 0x69, 0x6D, 0x65, 0x73, 0x74, 0x61, 0x6D, 0x70, 0x69, 0x6E, 0x67, 0x20, 0x49, 0x73, 0x73, 0x75,
        0x69, 0x6E, 0x67, 0x20, 0x52, 0x53, 0x41, 0x20, 0x43, 0x41, 0x20, 0x52, 0x31, 0x02, 0x10, 0x5A, 0x5A, 0xAC, 0xE8, 0x1A, 0x35, 0x6E, 0xB4, 0x62, 0x86,
        0x8D, 0x57, 0x7D, 0xE0, 0x3D, 0xC7, 0x30, 0x0A, 0x06, 0x08, 0x2A, 0x86, 0x48, 0xCE, 0x3D, 0x04, 0x03, 0x02, 0x04, 0x47, 0x30, 0x45, 0x02, 0x20, 0x74,
        0x61, 0xC8, 0xF5, 0x3F, 0xEE, 0x91, 0xE4, 0x42, 0x26, 0xB4, 0x70, 0x72, 0x51, 0x45, 0xD6, 0xDE, 0x77, 0xCF, 0x33, 0x9E, 0x96, 0x06, 0x85, 0x03, 0x7D,
        0xD6, 0x7C, 0xA4, 0x33, 0x99, 0xC0, 0x02, 0x21, 0x00, 0xA5, 0x12, 0x42, 0x03, 0x0C, 0x06, 0xD8, 0x6E, 0xF6, 0xC2, 0x1F, 0x56, 0x5A, 0xFF, 0x0F, 0xFD,
        0x24, 0xD1, 0x94, 0x2E, 0x91, 0x6D, 0x67, 0x93, 0xA9, 0x39, 0x41, 0x13, 0x97, 0x67, 0x5A, 0x21, 0x00, 0x00};

};            // namespace EngineLauncher
